rdt_id,cause_group,rdt_lines,start_hour,day_of_week,month,is_weekend,number_of_affected_stations,number_of_affected_lines,long_disruption
57284,accidents,Den Haag HS - Rotterdam Centraal,4,Wednesday,1,0,3,1.0,0
57285,accidents,Den Haag HS - Rotterdam Centraal,4,Wednesday,1,0,3,1.0,1
57286,accidents,Dordrecht - Rotterdam Centraal,4,Wednesday,1,0,8,1.0,0
57288,logistical,Rotterdam Centraal - Schiphol Airport (HSL),4,Wednesday,1,0,2,1.0,1
57290,rolling stock,Almelo - Deventer,10,Wednesday,1,0,5,1.0,0
57291,external,Alkmaar - Den Helder,10,Wednesday,1,0,3,1.0,1
57292,rolling stock,Hamm (Westf.) - Venlo,11,Wednesday,1,0,7,1.0,1
57293,logistical,"Arnhem Centraal - Basel SBB, Arnhem Centraal - Düsseldorf Hbf, Arnhem Centraal - Frankfurt (M) Hbf",12,Wednesday,1,0,7,3.0,0
57294,rolling stock,"Den Haag Centraal - Utrecht Centraal, Rotterdam Centraal - Utrecht Centraal",13,Wednesday,1,0,3,2.0,0
57296,external,Dordrecht - Roosendaal,14,Wednesday,1,0,6,1.0,0
57297,infrastructure,Alkmaar - Den Helder,14,Wednesday,1,0,3,1.0,1
57298,external,"Heerlen - Maastricht, Liège-Guillemins - Maastricht, Maastricht - Maastricht Randwyck",14,Wednesday,1,0,6,3.0,1
57299,external,Baarn - Utrecht Centraal,14,Wednesday,1,0,3,1.0,1
57301,rolling stock,"Almere Oostvaarders - Utrecht Centraal, Amersfoort - Amsterdam Centraal, Amersfoort - Schiphol Airport",16,Wednesday,1,0,4,3.0,0
57302,infrastructure,Deventer - Zwolle,18,Wednesday,1,0,2,1.0,1
57303,rolling stock,"Amersfoort - Schiphol Airport, Lelystad Centrum - Schiphol Airport",18,Wednesday,1,0,3,2.0,0
57304,external,Den Haag HS - Rotterdam Centraal,18,Wednesday,1,0,4,1.0,1
57305,external,Arnhem Centraal - Zutphen,19,Wednesday,1,0,6,1.0,1
57306,rolling stock,Eindhoven - Venlo,19,Wednesday,1,0,3,1.0,0
57307,infrastructure,Arnhem Centraal - Winterswijk,19,Wednesday,1,0,2,1.0,0
57308,accidents,Den Haag HS - Rotterdam Centraal,21,Wednesday,1,0,4,1.0,1
57309,infrastructure,Leeuwarden - Stavoren,21,Wednesday,1,0,4,1.0,1
57310,external,Almelo - Mariënberg,22,Wednesday,1,0,5,1.0,1
57312,infrastructure,Den Haag HS - Rotterdam Centraal,4,Thursday,1,0,2,1.0,0
57313,staff,Aachen Hbf - Heerlen,7,Thursday,1,0,6,1.0,1
57315,accidents,Roosendaal - Vlissingen,9,Thursday,1,0,2,1.0,1
57316,infrastructure,Groningen - Zwolle,9,Thursday,1,0,5,1.0,1
57317,rolling stock,Amersfoort - Utrecht Centraal,10,Thursday,1,0,5,1.0,1
57318,accidents,Eindhoven - Venlo,12,Thursday,1,0,2,1.0,1
57319,infrastructure,Kampen - Zwolle,12,Thursday,1,0,3,1.0,0
57320,rolling stock,"Berlin Ostbahnhof - Hengelo, Bielefeld Hbf - Hengelo, Hengelo - Oldenzaal",13,Thursday,1,0,4,3.0,1
57321,unknown,'s-Hertogenbosch - Utrecht Centraal,13,Thursday,1,0,9,1.0,1
57322,accidents,Haarlem - Leiden Centraal,13,Thursday,1,0,3,1.0,1
57323,accidents,Den Haag Centraal - Leiden Centraal,14,Thursday,1,0,6,1.0,1
57325,rolling stock,Dordrecht - Rotterdam Centraal,17,Thursday,1,0,8,1.0,0
57326,external,"Groningen - Bad Nieuweschans, Groningen - Leer (Ostfriesland), Groningen - Veendam",18,Thursday,1,0,5,3.0,0
57327,accidents,Amsterdam Centraal - Hoorn,19,Thursday,1,0,5,1.0,1
57328,external,Groningen - Zwolle,19,Thursday,1,0,4,1.0,0
57329,external,Roosendaal - Vlissingen,20,Thursday,1,0,11,1.0,0
57330,unknown,Arnhem Centraal - Zutphen,22,Thursday,1,0,3,1.0,0
57331,infrastructure,Leiden Centraal - Utrecht Centraal,5,Friday,1,0,3,1.0,1
57332,external,Heerlen - Sittard,6,Friday,1,0,7,1.0,1
57333,infrastructure,Amsterdam Centraal - Haarlem,6,Friday,1,0,4,1.0,1
57335,infrastructure,"Amersfoort - Amsterdam Centraal, Amsterdam Centraal - Lelystad Centrum",7,Friday,1,0,5,2.0,1
57336,unknown,Amsterdam Centraal - Haarlem,8,Friday,1,0,4,1.0,1
57337,accidents,Den Haag HS - Rotterdam Centraal,9,Friday,1,0,2,1.0,1
57338,logistical,Rotterdam Centraal - Schiphol Airport (HSL),9,Friday,1,0,2,1.0,1
57339,accidents,Dordrecht - Rotterdam Centraal,9,Friday,1,0,8,1.0,1
57340,rolling stock,Groningen - Eemshaven,12,Friday,1,0,2,1.0,1
57341,rolling stock,'s-Hertogenbosch - Eindhoven,13,Friday,1,0,3,1.0,0
57342,rolling stock,'s-Hertogenbosch - Tilburg,13,Friday,1,0,2,1.0,0
57343,external,"Den Haag Centraal - Utrecht Centraal, Leiden Centraal - Utrecht Centraal, Rotterdam Centraal - Utrecht Centraal",14,Friday,1,0,5,3.0,0
57344,rolling stock,Arnhem Centraal - Nijmegen,15,Friday,1,0,5,1.0,1
57345,rolling stock,'s-Hertogenbosch - Nijmegen,15,Friday,1,0,6,1.0,1
57346,rolling stock,"Almere Oostvaarders - Utrecht Centraal, Amsterdam Centraal - Lelystad Centrum, Lelystad Centrum - Schiphol Airport",16,Friday,1,0,5,3.0,1
57347,accidents,Arnhem Centraal - Utrecht Centraal,18,Friday,1,0,4,1.0,1
57348,logistical,"Amsterdam Centraal - Utrecht Centraal, Schiphol Airport - Utrecht Centraal",18,Friday,1,0,7,2.0,1
57349,logistical,Leiden Centraal - Schiphol Airport,18,Friday,1,0,5,1.0,1
57350,logistical,Den Haag Centraal - Leiden Centraal,18,Friday,1,0,6,1.0,1
57351,rolling stock,"Alkmaar - Amsterdam Centraal, Amersfoort - Amsterdam Centraal, Amsterdam Centraal - Haarlem, Amsterdam Centraal - Hoorn, Amsterdam Centraal - Lelystad Centrum, Amsterdam Centraal - Schiphol Airport, Amsterdam Centraal - Utrecht Centraal, Amsterdam Centraal - Woerden, Leiden Centraal - Schiphol Airport",18,Friday,1,0,5,9.0,1
57352,rolling stock,Dordrecht - Rotterdam Centraal,21,Friday,1,0,8,1.0,0
57353,rolling stock,Arnhem Centraal - Zutphen,22,Friday,1,0,8,1.0,0
57354,engineering work,Amsterdam Centraal - Haarlem,3,Saturday,1,1,5,1.0,1
57356,accidents,Amsterdam Centraal - Hoorn,6,Saturday,1,1,2,1.0,1
57357,accidents,Amsterdam Centraal - Utrecht Centraal,6,Saturday,1,1,11,1.0,1
57358,rolling stock,"Amersfoort - Apeldoorn, Apeldoorn - Deventer",6,Saturday,1,1,5,2.0,1
57359,infrastructure,Almelo - Deventer,7,Saturday,1,1,5,1.0,0
57360,infrastructure,Almelo - Deventer,8,Saturday,1,1,6,1.0,1
57361,infrastructure,Leiden Centraal - Utrecht Centraal,9,Saturday,1,1,2,1.0,1
57362,unknown,Dordrecht - Rotterdam Centraal,10,Saturday,1,1,8,1.0,0
57363,infrastructure,Leiden Centraal - Schiphol Airport,12,Saturday,1,1,4,1.0,1
57364,infrastructure,Den Haag Centraal - Leiden Centraal,12,Saturday,1,1,6,1.0,1
57366,rolling stock,Breda - Rotterdam Centraal (HSL),15,Saturday,1,1,2,1.0,0
57368,rolling stock,"Amsterdam Centraal - Lelystad Centrum, Lelystad Centrum - Schiphol Airport",16,Saturday,1,1,2,2.0,0
57371,infrastructure,Rotterdam Centraal - Schiphol Airport (HSL),18,Saturday,1,1,2,1.0,1
57372,infrastructure,"Den Haag Centraal - Leiden Centraal, Leiden Centraal - Schiphol Airport",19,Saturday,1,1,10,2.0,1
57374,external,Leiden Centraal - Utrecht Centraal,21,Saturday,1,1,2,1.0,1
57375,rolling stock,Rotterdam Centraal - Schiphol Airport (HSL),6,Sunday,1,1,2,1.0,1
57376,infrastructure,Leiden Centraal - Utrecht Centraal,7,Sunday,1,1,3,1.0,1
57377,infrastructure,"Den Haag Centraal - Utrecht Centraal, Rotterdam Centraal - Utrecht Centraal",7,Sunday,1,1,2,2.0,0
57379,rolling stock,Breda - Rotterdam Centraal (HSL),7,Sunday,1,1,2,1.0,0
57380,infrastructure,"Den Haag Centraal - Utrecht Centraal, Leiden Centraal - Utrecht Centraal, Rotterdam Centraal - Utrecht Centraal",8,Sunday,1,1,3,3.0,0
57381,infrastructure,Amsterdam Centraal - Hoorn,9,Sunday,1,1,5,1.0,1
57382,infrastructure,Amersfoort - Ede-Wageningen,9,Sunday,1,1,4,1.0,1
57383,staff,Aachen Hbf - Heerlen,10,Sunday,1,1,6,1.0,1
57384,unknown,Den Haag HS - Rotterdam Centraal,11,Sunday,1,1,4,1.0,0
57385,infrastructure,Leeuwarden - Zwolle,11,Sunday,1,1,2,1.0,1
57386,unknown,Den Haag HS - Rotterdam Centraal,13,Sunday,1,1,4,1.0,1
57387,rolling stock,"Antwerpen-Centraal - Breda (HSL), Breda - Rotterdam Centraal (HSL)",14,Sunday,1,1,3,2.0,0
57388,infrastructure,"Amersfoort - Schiphol Airport, Amsterdam Centraal - Schiphol Airport, Leiden Centraal - Schiphol Airport, Lelystad Centrum - Schiphol Airport, Rotterdam Centraal - Schiphol Airport (HSL), Schiphol Airport - Utrecht Centraal, Schiphol Airport - Zaandam",15,Sunday,1,1,1,7.0,1
57389,infrastructure,Den Haag Centraal - Leiden Centraal,16,Sunday,1,1,6,1.0,1
57390,infrastructure,Breda - Rotterdam Centraal (HSL),16,Sunday,1,1,2,1.0,1
57391,accidents,Eindhoven - Venlo,16,Sunday,1,1,3,1.0,1
57392,rolling stock,"Amersfoort - Schiphol Airport, Lelystad Centrum - Schiphol Airport",17,Sunday,1,1,3,2.0,1
57393,unknown,'s-Hertogenbosch - Nijmegen,21,Sunday,1,1,6,1.0,0
57394,staff,Aachen Hbf - Heerlen,4,Monday,1,0,6,1.0,1
57395,rolling stock,Alkmaar - Den Helder,6,Monday,1,0,5,1.0,0
57397,accidents,Roosendaal - Vlissingen,6,Monday,1,0,4,1.0,0
57398,rolling stock,"Almere Oostvaarders - Utrecht Centraal, Amersfoort - Utrecht Centraal, Baarn - Utrecht Centraal, Hilversum - Utrecht Centraal",6,Monday,1,0,2,4.0,0
57399,infrastructure,Groningen - Eemshaven,6,Monday,1,0,2,1.0,1
57400,rolling stock,Emmen - Zwolle,7,Monday,1,0,2,1.0,1
57401,external,"Den Haag HS - Rotterdam Centraal, Dordrecht - Rotterdam Centraal",8,Monday,1,0,9,2.0,1
57402,rolling stock,Arnhem Centraal - Nijmegen,9,Monday,1,0,5,1.0,0
57403,rolling stock,"Breda - Dordrecht, Dordrecht - Roosendaal",9,Monday,1,0,3,2.0,1
57404,rolling stock,Breda - Rotterdam Centraal (HSL),9,Monday,1,0,2,1.0,1
57405,rolling stock,"Den Haag Centraal - Den Haag HS, Den Haag HS - Rotterdam Centraal, Dordrecht - Rotterdam Centraal",9,Monday,1,0,15,3.0,0
57406,rolling stock,Eindhoven - Venlo,10,Monday,1,0,9,1.0,0
57407,infrastructure,Winterswijk - Zutphen,10,Monday,1,0,6,1.0,1
57408,rolling stock,Arnhem Centraal - Zutphen,11,Monday,1,0,3,1.0,1
57409,rolling stock,Arnhem Centraal - Nijmegen,11,Monday,1,0,5,1.0,0
57410,accidents,Roosendaal - Vlissingen,12,Monday,1,0,4,1.0,1
57411,unknown,'s-Hertogenbosch - Nijmegen,13,Monday,1,0,4,1.0,0
57413,rolling stock,Amsterdam Centraal - Utrecht Centraal,13,Monday,1,0,11,1.0,0
57414,weather,Rotterdam Centraal - Schiphol Airport (HSL),14,Monday,1,0,2,1.0,0
57415,weather,"Den Haag Centraal - Den Haag HS, Den Haag HS - Rotterdam Centraal, Dordrecht - Rotterdam Centraal",14,Monday,1,0,15,3.0,0
57416,external,Eindhoven - Venlo,14,Monday,1,0,4,1.0,0
57417,external,Heerlen - Maastricht,14,Monday,1,0,5,1.0,1
57418,external,Eindhoven - Roermond,15,Monday,1,0,5,1.0,1
57419,external,'s-Hertogenbosch - Nijmegen,15,Monday,1,0,5,1.0,1
57420,infrastructure,"Amersfoort - Schiphol Airport, Leiden Centraal - Schiphol Airport, Lelystad Centrum - Schiphol Airport, Schiphol Airport - Utrecht Centraal",15,Monday,1,0,6,4.0,1
57421,infrastructure,"Den Haag Centraal - Den Haag HS, Den Haag Centraal - Leiden Centraal, Den Haag HS - Leiden Centraal, Den Haag HS - Rotterdam Centraal",15,Monday,1,0,13,4.0,1
57422,infrastructure,Den Haag Centraal - Leiden Centraal,15,Monday,1,0,6,1.0,1
57423,external,Amersfoort - Ede-Wageningen,16,Monday,1,0,4,1.0,1
57424,external,Maastricht - Sittard,16,Monday,1,0,5,1.0,1
57425,external,Rhenen - Utrecht Centraal,16,Monday,1,0,2,1.0,1
57426,rolling stock,Arnhem Centraal - Winterswijk,16,Monday,1,0,6,1.0,0
57427,external,Amersfoort - Apeldoorn,16,Monday,1,0,2,1.0,0
57428,rolling stock,Eindhoven - Tilburg,17,Monday,1,0,6,1.0,0
57429,rolling stock,Baarn - Utrecht Centraal,17,Monday,1,0,3,1.0,1
57430,external,Alkmaar - Den Helder,19,Monday,1,0,2,1.0,1
57431,external,'s-Hertogenbosch - Tilburg,19,Monday,1,0,2,1.0,1
57432,engineering work,Den Haag HS - Rotterdam Centraal,1,Tuesday,1,0,2,1.0,1
57433,infrastructure,'s-Hertogenbosch - Nijmegen,5,Tuesday,1,0,6,1.0,1
57434,accidents,Haarlem - Leiden Centraal,5,Tuesday,1,0,3,1.0,1
57435,logistical,Den Haag Centraal - Leiden Centraal,6,Tuesday,1,0,6,1.0,1
57436,infrastructure,Arnhem Centraal - Nijmegen,6,Tuesday,1,0,5,1.0,0
57437,rolling stock,Groningen - Leeuwarden,7,Tuesday,1,0,3,1.0,0
57438,rolling stock,Groningen - Veendam,8,Tuesday,1,0,2,1.0,1
57439,unknown,Dordrecht - Roosendaal,12,Tuesday,1,0,6,1.0,0
57440,infrastructure,Arnhem Centraal - Tiel,13,Tuesday,1,0,6,1.0,1
57444,accidents,Groningen - Zwolle,19,Tuesday,1,0,3,1.0,0
57445,infrastructure,Eindhoven - Venlo,21,Tuesday,1,0,9,1.0,1
57446,rolling stock,Apeldoorn - Deventer,22,Tuesday,1,0,4,1.0,0
57447,accidents,Haarlem - Uitgeest,22,Tuesday,1,0,8,1.0,0
57448,rolling stock,Aachen Hbf - Heerlen,22,Tuesday,1,0,5,1.0,0
57449,engineering work,Leiden Centraal - Schiphol Airport,1,Wednesday,1,0,5,1.0,1
57450,engineering work,"Den Haag Centraal - Den Haag HS, Den Haag Centraal - Leiden Centraal, Den Haag HS - Leiden Centraal, Den Haag HS - Rotterdam Centraal",1,Wednesday,1,0,13,4.0,1
57451,infrastructure,Maastricht - Sittard,5,Wednesday,1,0,5,1.0,1
57452,rolling stock,Dordrecht - Geldermalsen,6,Wednesday,1,0,8,1.0,1
57453,accidents,Leeuwarden - Stavoren,10,Wednesday,1,0,6,1.0,1
57454,external,"Groningen - Zwolle, Leeuwarden - Zwolle",11,Wednesday,1,0,2,2.0,0
57455,infrastructure,Arnhem Centraal - Nijmegen,12,Wednesday,1,0,5,1.0,1
57456,infrastructure,'s-Hertogenbosch - Nijmegen,12,Wednesday,1,0,6,1.0,1
57457,infrastructure,Nijmegen - Venlo,12,Wednesday,1,0,3,1.0,0
57458,rolling stock,Leiden Centraal - Schiphol Airport,13,Wednesday,1,0,4,1.0,0
57459,rolling stock,"Amersfoort - Amsterdam Centraal, Amersfoort - Schiphol Airport",13,Wednesday,1,0,2,2.0,0
57460,logistical,Leiden Centraal - Schiphol Airport,14,Wednesday,1,0,2,1.0,0
57461,infrastructure,Amsterdam Centraal - Utrecht Centraal,15,Wednesday,1,0,11,1.0,1
57462,external,"Almelo - Zwolle, Amersfoort - Zwolle, Deventer - Zwolle, Emmen - Zwolle, Groningen - Zwolle, Kampen - Zwolle, Leeuwarden - Zwolle, Lelystad Centrum - Zwolle",15,Wednesday,1,0,1,8.0,0
57463,rolling stock,Amersfoort - Zwolle,18,Wednesday,1,0,2,1.0,1
57464,accidents,Arnhem Centraal - Utrecht Centraal,19,Wednesday,1,0,4,1.0,1
57465,rolling stock,Leiden Centraal - Utrecht Centraal,19,Wednesday,1,0,3,1.0,0
57466,rolling stock,Rotterdam Centraal - Schiphol Airport (HSL),23,Wednesday,1,0,2,1.0,0
57468,rolling stock,Alkmaar - Amsterdam Centraal,6,Thursday,1,0,4,1.0,0
57469,rolling stock,Eindhoven - Tilburg,7,Thursday,1,0,3,1.0,0
57470,infrastructure,Roermond - Sittard,8,Thursday,1,0,3,1.0,1
57471,rolling stock,Amersfoort - Zwolle,8,Thursday,1,0,2,1.0,0
57472,rolling stock,Leiden Centraal - Schiphol Airport,8,Thursday,1,0,5,1.0,0
57473,rolling stock,Breda - Rotterdam Centraal (HSL),9,Thursday,1,0,2,1.0,1
57474,rolling stock,Lelystad Centrum - Schiphol Airport,10,Thursday,1,0,13,1.0,0
57475,rolling stock,"Breda - Dordrecht, Dordrecht - Roosendaal",10,Thursday,1,0,3,2.0,0
57476,rolling stock,Dordrecht - Rotterdam Centraal,10,Thursday,1,0,8,1.0,1
57477,rolling stock,Heerlen - Sittard,10,Thursday,1,0,7,1.0,0
57478,unknown,Amersfoort - Ede-Wageningen,11,Thursday,1,0,3,1.0,0
57479,rolling stock,Roermond - Sittard,11,Thursday,1,0,4,1.0,1
57480,rolling stock,Amsterdam Centraal - Lelystad Centrum,12,Thursday,1,0,8,1.0,1
57481,external,Aachen Hbf - Heerlen,12,Thursday,1,0,3,1.0,1
57482,unknown,Roermond - Sittard,13,Thursday,1,0,4,1.0,0
57483,rolling stock,"Amersfoort - Schiphol Airport, Den Haag Centraal - Den Haag HS, Den Haag Centraal - Leiden Centraal, Den Haag HS - Leiden Centraal, Den Haag HS - Rotterdam Centraal, Leiden Centraal - Schiphol Airport, Lelystad Centrum - Schiphol Airport, Schiphol Airport - Utrecht Centraal",13,Thursday,1,0,18,8.0,0
57485,infrastructure,Deventer - Zwolle,14,Thursday,1,0,2,1.0,1
57487,external,Aachen Hbf - Heerlen,16,Thursday,1,0,6,1.0,1
57488,rolling stock,Arnhem Centraal - Winterswijk,16,Thursday,1,0,9,1.0,0
57489,rolling stock,Lelystad Centrum - Schiphol Airport,16,Thursday,1,0,6,1.0,1
57490,rolling stock,Roermond - Venlo,21,Thursday,1,0,2,1.0,1
57491,engineering work,Den Haag HS - Rotterdam Centraal,23,Thursday,1,0,4,1.0,1
57493,rolling stock,"Arnhem Centraal - Basel SBB, Arnhem Centraal - Düsseldorf Hbf, Arnhem Centraal - Frankfurt (M) Hbf",6,Friday,1,0,3,3.0,0
57494,external,Arnhem Centraal - Winterswijk,9,Friday,1,0,2,1.0,0
57495,external,Den Haag Centraal - Utrecht Centraal,10,Friday,1,0,3,1.0,0
57496,rolling stock,"Amersfoort - Schiphol Airport, Den Haag Centraal - Den Haag HS, Den Haag Centraal - Leiden Centraal, Den Haag HS - Leiden Centraal, Den Haag HS - Rotterdam Centraal, Leiden Centraal - Schiphol Airport, Lelystad Centrum - Schiphol Airport, Schiphol Airport - Utrecht Centraal",10,Friday,1,0,18,8.0,0
57497,unknown,"Amsterdam Centraal - Utrecht Centraal, Amsterdam Centraal - Woerden",11,Friday,1,0,5,2.0,1
57498,rolling stock,Emmen - Zwolle,13,Friday,1,0,2,1.0,0
57499,staff,Hamm (Westf.) - Venlo,14,Friday,1,0,7,1.0,1
57500,rolling stock,Leeuwarden - Zwolle,15,Friday,1,0,8,1.0,0
57502,rolling stock,Amersfoort - Zwolle,16,Friday,1,0,5,1.0,0
57504,external,"Amersfoort - Schiphol Airport, Den Haag Centraal - Den Haag HS, Den Haag Centraal - Leiden Centraal, Den Haag HS - Leiden Centraal, Den Haag HS - Rotterdam Centraal, Leiden Centraal - Schiphol Airport, Lelystad Centrum - Schiphol Airport, Schiphol Airport - Utrecht Centraal",16,Friday,1,0,18,8.0,1
57505,rolling stock,Dordrecht - Geldermalsen,18,Friday,1,0,8,1.0,1
57506,rolling stock,Leeuwarden - Zwolle,19,Friday,1,0,3,1.0,0
57507,external,Alphen a/d Rijn - Gouda,22,Friday,1,0,1,1.0,1
57508,infrastructure,Leiden Centraal - Utrecht Centraal,0,Saturday,1,1,3,1.0,0
57510,rolling stock,Schiphol Airport - Zaandam,7,Saturday,1,1,4,1.0,0
57511,rolling stock,"'s-Hertogenbosch - Utrecht Centraal, Tiel - Utrecht Centraal",7,Saturday,1,1,4,2.0,0
57512,rolling stock,Amsterdam Centraal - Haarlem,8,Saturday,1,1,4,1.0,0
57513,weather,Dordrecht - Geldermalsen,8,Saturday,1,1,8,1.0,1
57514,unknown,Haarlem - Leiden Centraal,8,Saturday,1,1,4,1.0,0
57515,rolling stock,Arnhem Centraal - Zutphen,9,Saturday,1,1,6,1.0,0
57516,rolling stock,"Amersfoort - Utrecht Centraal, Baarn - Utrecht Centraal",9,Saturday,1,1,3,2.0,0
57517,rolling stock,"Arnhem Centraal - Basel SBB, Arnhem Centraal - Düsseldorf Hbf, Arnhem Centraal - Frankfurt (M) Hbf",9,Saturday,1,1,3,3.0,0
57518,rolling stock,Rotterdam Centraal - Schiphol Airport (HSL),9,Saturday,1,1,2,1.0,0
57520,rolling stock,Dordrecht - Geldermalsen,9,Saturday,1,1,3,1.0,1
57521,rolling stock,"'s-Hertogenbosch - Utrecht Centraal, Tiel - Utrecht Centraal",9,Saturday,1,1,3,2.0,0
57524,weather,Dordrecht - Geldermalsen,12,Saturday,1,1,8,1.0,1
57526,rolling stock,Rotterdam Centraal - Schiphol Airport (HSL),14,Saturday,1,1,2,1.0,1
57527,rolling stock,Den Haag Centraal - Leiden Centraal,14,Saturday,1,1,6,1.0,1
57528,rolling stock,Breda - Tilburg,14,Saturday,1,1,2,1.0,0
57529,infrastructure,Hengelo - Zutphen,14,Saturday,1,1,2,1.0,1
57530,rolling stock,Roosendaal - Vlissingen,18,Saturday,1,1,11,1.0,0
57531,rolling stock,"Amsterdam Centraal - Schiphol Airport, Rotterdam Centraal - Schiphol Airport (HSL)",18,Saturday,1,1,5,2.0,0
57532,accidents,Arnhem Centraal - Zutphen,21,Saturday,1,1,8,1.0,0
57533,accidents,Almelo - Mariënberg,22,Saturday,1,1,5,1.0,1
57534,accidents,Rhenen - Utrecht Centraal,7,Sunday,1,1,2,1.0,1
57535,rolling stock,"Arnhem Centraal - Basel SBB, Arnhem Centraal - Düsseldorf Hbf, Arnhem Centraal - Frankfurt (M) Hbf, Arnhem Centraal - Winterswijk",8,Sunday,1,1,5,4.0,0
57536,infrastructure,Groningen - Zwolle,9,Sunday,1,1,3,1.0,1
57537,rolling stock,Rotterdam Centraal - Schiphol Airport (HSL),11,Sunday,1,1,2,1.0,0
57538,logistical,"Breda - Dordrecht, Dordrecht - Roosendaal",14,Sunday,1,1,3,2.0,1
57539,rolling stock,"Amsterdam Centraal - Utrecht Centraal, Amsterdam Centraal - Woerden",17,Sunday,1,1,4,2.0,0
57540,rolling stock,"Amersfoort - Schiphol Airport, Lelystad Centrum - Schiphol Airport, Schiphol Airport - Utrecht Centraal",18,Sunday,1,1,2,3.0,0
57542,accidents,Almelo - Zwolle,20,Sunday,1,1,5,1.0,0
57543,staff,"Brussel-Zuid/Midi - Rotterdam Centraal (HSL), Paris-Nord - Rotterdam Centraal (HSL)",20,Sunday,1,1,7,2.0,1
57545,staff,"Liège-Guillemins - Maastricht, Maastricht - Maastricht Randwyck",23,Sunday,1,1,6,2.0,1
57546,staff,Antwerpen-Centraal - Roosendaal,23,Sunday,1,1,12,1.0,1
57547,infrastructure,Roosendaal - Vlissingen,0,Monday,1,0,11,1.0,1
57548,engineering work,Leiden Centraal - Utrecht Centraal,4,Monday,1,0,2,1.0,1
57549,infrastructure,Dordrecht - Rotterdam Centraal,5,Monday,1,0,8,1.0,0
57550,infrastructure,Alkmaar - Den Helder,6,Monday,1,0,4,1.0,1
57551,rolling stock,Harlingen Haven - Leeuwarden,6,Monday,1,0,3,1.0,1
57552,rolling stock,Baarn - Utrecht Centraal,6,Monday,1,0,3,1.0,0
57553,external,"'s-Hertogenbosch - Eindhoven, Eindhoven - Tilburg",6,Monday,1,0,4,2.0,0
57554,rolling stock,Baarn - Utrecht Centraal,7,Monday,1,0,3,1.0,0
57555,rolling stock,"Amsterdam Centraal - Utrecht Centraal, Schiphol Airport - Utrecht Centraal",7,Monday,1,0,1,2.0,0
57556,infrastructure,Hengelo - Zutphen,7,Monday,1,0,2,1.0,1
57557,rolling stock,Baarn - Utrecht Centraal,8,Monday,1,0,3,1.0,0
57558,infrastructure,Amsterdam Centraal - Lelystad Centrum,10,Monday,1,0,8,1.0,1
57559,infrastructure,Leiden Centraal - Utrecht Centraal,10,Monday,1,0,2,1.0,1
57560,rolling stock,Almelo - Hengelo,10,Monday,1,0,4,1.0,0
57561,rolling stock,Amersfoort - Zwolle,12,Monday,1,0,2,1.0,0
57562,rolling stock,Schiphol Airport - Utrecht Centraal,12,Monday,1,0,5,1.0,0
57563,rolling stock,"Amsterdam Centraal - Utrecht Centraal, Amsterdam Centraal - Woerden",13,Monday,1,0,4,2.0,0
57565,infrastructure,"'s-Hertogenbosch - Eindhoven, Eindhoven - Tilburg",15,Monday,1,0,4,2.0,1
57566,infrastructure,Roosendaal - Vlissingen,16,Monday,1,0,11,1.0,0
57567,accidents,Lelystad Centrum - Zwolle,18,Monday,1,0,3,1.0,1
57568,rolling stock,"Arnhem Centraal - Basel SBB, Arnhem Centraal - Düsseldorf Hbf, Arnhem Centraal - Frankfurt (M) Hbf",18,Monday,1,0,7,3.0,0
57569,rolling stock,Almelo - Mariënberg,19,Monday,1,0,4,1.0,0
57570,infrastructure,Arnhem Centraal - Utrecht Centraal,23,Monday,1,0,4,1.0,0
57571,rolling stock,Alphen a/d Rijn - Gouda,23,Monday,1,0,7,1.0,0
57572,infrastructure,Den Haag HS - Rotterdam Centraal,5,Tuesday,1,0,3,1.0,0
57573,weather,Alphen a/d Rijn - Gouda,6,Tuesday,1,0,7,1.0,1
57574,rolling stock,Roermond - Sittard,6,Tuesday,1,0,3,1.0,1
57575,rolling stock,"Amsterdam Centraal - Utrecht Centraal, Amsterdam Centraal - Woerden",7,Tuesday,1,0,4,2.0,0
57576,rolling stock,"Den Haag Centraal - Den Haag HS, Den Haag Centraal - Leiden Centraal, Den Haag HS - Leiden Centraal, Den Haag HS - Rotterdam Centraal",8,Tuesday,1,0,13,4.0,0
57577,infrastructure,Dordrecht - Geldermalsen,8,Tuesday,1,0,3,1.0,1
57578,rolling stock,Amsterdam Centraal - Lelystad Centrum,8,Tuesday,1,0,8,1.0,1
57579,infrastructure,Almelo - Mariënberg,9,Tuesday,1,0,2,1.0,1
57581,rolling stock,"Berlin Ostbahnhof - Hengelo, Bielefeld Hbf - Hengelo, Hengelo - Oldenzaal",11,Tuesday,1,0,4,3.0,1
57582,rolling stock,Breda - Rotterdam Centraal (HSL),14,Tuesday,1,0,2,1.0,0
57583,external,Breda - Rotterdam Centraal (HSL),15,Tuesday,1,0,2,1.0,0
57584,rolling stock,Leiden Centraal - Utrecht Centraal,16,Tuesday,1,0,2,1.0,0
57587,rolling stock,"Arnhem Centraal - Basel SBB, Arnhem Centraal - Düsseldorf Hbf, Arnhem Centraal - Frankfurt (M) Hbf",17,Tuesday,1,0,3,3.0,0
57588,rolling stock,"Arnhem Centraal - Basel SBB, Arnhem Centraal - Düsseldorf Hbf, Arnhem Centraal - Frankfurt (M) Hbf",17,Tuesday,1,0,3,3.0,0
57589,rolling stock,"Breda - Tilburg, Eindhoven - Tilburg",18,Tuesday,1,0,4,2.0,0
57590,rolling stock,"Amersfoort - Schiphol Airport, Den Haag Centraal - Den Haag HS, Den Haag Centraal - Leiden Centraal, Den Haag HS - Leiden Centraal, Den Haag HS - Rotterdam Centraal, Leiden Centraal - Schiphol Airport, Lelystad Centrum - Schiphol Airport, Schiphol Airport - Utrecht Centraal",21,Tuesday,1,0,18,8.0,1
57591,rolling stock,"Den Haag Centraal - Den Haag HS, Den Haag HS - Rotterdam Centraal, Dordrecht - Rotterdam Centraal",22,Tuesday,1,0,15,3.0,0
57593,infrastructure,Almere Oostvaarders - Utrecht Centraal,22,Tuesday,1,0,8,1.0,1
57594,infrastructure,Almelo - Deventer,5,Wednesday,1,0,4,1.0,1
57596,rolling stock,Breda - Rotterdam Centraal (HSL),6,Wednesday,1,0,2,1.0,0
57597,rolling stock,Dordrecht - Roosendaal,8,Wednesday,1,0,4,1.0,0
57598,unknown,Leiden Centraal - Utrecht Centraal,8,Wednesday,1,0,2,1.0,0
57599,rolling stock,"Delfzijl - Groningen, Groningen - Eemshaven",9,Wednesday,1,0,3,2.0,0
57600,rolling stock,Roermond - Sittard,10,Wednesday,1,0,4,1.0,0
57602,rolling stock,"Arnhem Centraal - Basel SBB, Arnhem Centraal - Düsseldorf Hbf, Arnhem Centraal - Frankfurt (M) Hbf",12,Wednesday,1,0,3,3.0,0
57603,rolling stock,Antwerpen-Centraal - Breda (HSL),12,Wednesday,1,0,2,1.0,0
57604,infrastructure,Arnhem Centraal - Utrecht Centraal,13,Wednesday,1,0,3,1.0,1
57605,infrastructure,Arnhem Centraal - Nijmegen,14,Wednesday,1,0,5,1.0,1
57606,accidents,Apeldoorn - Zutphen,15,Wednesday,1,0,5,1.0,0
57607,infrastructure,"Amersfoort - Schiphol Airport, Leiden Centraal - Schiphol Airport, Lelystad Centrum - Schiphol Airport, Schiphol Airport - Utrecht Centraal",15,Wednesday,1,0,6,4.0,0
57608,accidents,Arnhem Centraal - Zutphen,15,Wednesday,1,0,3,1.0,0
57609,infrastructure,"Den Haag Centraal - Den Haag HS, Den Haag Centraal - Leiden Centraal, Den Haag HS - Leiden Centraal, Den Haag HS - Rotterdam Centraal",15,Wednesday,1,0,13,4.0,1
57610,infrastructure,Den Haag Centraal - Leiden Centraal,15,Wednesday,1,0,6,1.0,1
57611,infrastructure,"Amersfoort - Schiphol Airport, Leiden Centraal - Schiphol Airport, Lelystad Centrum - Schiphol Airport, Schiphol Airport - Utrecht Centraal",16,Wednesday,1,0,6,4.0,1
57614,rolling stock,Rotterdam Centraal - Schiphol Airport (HSL),16,Wednesday,1,0,2,1.0,0
57615,rolling stock,Lelystad Centrum - Zwolle,17,Wednesday,1,0,4,1.0,0
57616,infrastructure,Almelo - Deventer,18,Wednesday,1,0,4,1.0,1
57618,infrastructure,Breda - Rotterdam Centraal (HSL),19,Wednesday,1,0,2,1.0,1
57619,infrastructure,"Amsterdam Centraal - Schiphol Airport, Rotterdam Centraal - Schiphol Airport (HSL)",19,Wednesday,1,0,5,2.0,1
57620,unknown,Roosendaal - Vlissingen,20,Wednesday,1,0,4,1.0,1
57621,rolling stock,Breda - Rotterdam Centraal (HSL),0,Thursday,1,0,2,1.0,0
57622,rolling stock,"Berlin Ostbahnhof - Hengelo, Bielefeld Hbf - Hengelo, Hengelo - Oldenzaal",5,Thursday,1,0,4,3.0,1
57623,rolling stock,Aachen Hbf - Heerlen,5,Thursday,1,0,4,1.0,1
57624,infrastructure,Leiden Centraal - Utrecht Centraal,6,Thursday,1,0,2,1.0,0
57625,infrastructure,Leiden Centraal - Utrecht Centraal,7,Thursday,1,0,2,1.0,1
57626,rolling stock,Arnhem Centraal - Winterswijk,8,Thursday,1,0,5,1.0,0
57627,rolling stock,"Amersfoort - Schiphol Airport, Amsterdam Centraal - Schiphol Airport, Leiden Centraal - Schiphol Airport, Lelystad Centrum - Schiphol Airport, Rotterdam Centraal - Schiphol Airport (HSL), Schiphol Airport - Utrecht Centraal, Schiphol Airport - Zaandam",11,Thursday,1,0,1,7.0,0
57630,rolling stock,"Amsterdam Centraal - Schiphol Airport, Leiden Centraal - Schiphol Airport",13,Thursday,1,0,5,2.0,0
57631,rolling stock,"Almere Oostvaarders - Utrecht Centraal, Amsterdam Centraal - Lelystad Centrum, Lelystad Centrum - Schiphol Airport",13,Thursday,1,0,5,3.0,0
57632,external,Amersfoort - Utrecht Centraal,14,Thursday,1,0,2,1.0,0
57633,infrastructure,Den Haag Centraal - Den Haag HS,14,Thursday,1,0,2,1.0,1
57634,external,Leiden Centraal - Utrecht Centraal,16,Thursday,1,0,3,1.0,0
57635,unknown,Eindhoven - Venlo,16,Thursday,1,0,3,1.0,0
57636,infrastructure,Breda - Dordrecht,16,Thursday,1,0,3,1.0,0
57637,unknown,"Den Haag Centraal - Den Haag HS, Den Haag Centraal - Leiden Centraal, Den Haag HS - Leiden Centraal",16,Thursday,1,0,7,3.0,0
57638,rolling stock,"Liège-Guillemins - Maastricht, Maastricht - Maastricht Randwyck",17,Thursday,1,0,2,2.0,0
57639,external,Almelo - Deventer,17,Thursday,1,0,4,1.0,1
57640,rolling stock,"Amsterdam Centraal - Schiphol Airport, Leiden Centraal - Schiphol Airport, Schiphol Airport - Zaandam",17,Thursday,1,0,4,3.0,0
57641,rolling stock,Groningen - Leeuwarden,18,Thursday,1,0,9,1.0,0
57643,rolling stock,Arnhem Centraal - Winterswijk,18,Thursday,1,0,2,1.0,0
57644,infrastructure,Leiden Centraal - Utrecht Centraal,20,Thursday,1,0,2,1.0,1
57645,rolling stock,Almelo - Zwolle,21,Thursday,1,0,2,1.0,0
57646,rolling stock,Nijmegen - Venlo,23,Thursday,1,0,5,1.0,0
57647,infrastructure,"Groningen - Bad Nieuweschans, Groningen - Leer (Ostfriesland)",0,Friday,1,0,2,2.0,1
57648,staff,Heerlen - Sittard,5,Friday,1,0,7,1.0,1
57649,rolling stock,Rotterdam Centraal - Utrecht Centraal,6,Friday,1,0,3,1.0,0
57650,rolling stock,Alkmaar - Amsterdam Centraal,6,Friday,1,0,4,1.0,0
57651,rolling stock,Aachen Hbf - Heerlen,6,Friday,1,0,5,1.0,0
57652,infrastructure,"Liège-Guillemins - Maastricht, Maastricht - Maastricht Randwyck",6,Friday,1,0,2,2.0,1
57653,weather,Aachen Hbf - Heerlen,7,Friday,1,0,4,1.0,1
57654,rolling stock,Roermond - Venlo,7,Friday,1,0,5,1.0,0
57655,rolling stock,Heerlen - Maastricht,7,Friday,1,0,6,1.0,0
57656,rolling stock,Arnhem Centraal - Zutphen,7,Friday,1,0,6,1.0,0
57657,rolling stock,Leeuwarden - Stavoren,8,Friday,1,0,9,1.0,0
57658,unknown,"Almelo - Deventer, Apeldoorn - Deventer, Deventer - Zutphen, Deventer - Zwolle",8,Friday,1,0,1,4.0,1
57659,rolling stock,Winterswijk - Zutphen,8,Friday,1,0,6,1.0,0
57660,infrastructure,"Den Haag Centraal - Den Haag HS, Den Haag HS - Rotterdam Centraal",8,Friday,1,0,8,2.0,0
57661,infrastructure,Winterswijk - Zutphen,8,Friday,1,0,6,1.0,0
57663,rolling stock,"Liège-Guillemins - Maastricht, Maastricht - Maastricht Randwyck",10,Friday,1,0,4,2.0,1
57664,logistical,Heerlen - Maastricht,11,Friday,1,0,10,1.0,1
57665,unknown,Groningen - Zwolle,11,Friday,1,0,2,1.0,0
57667,unknown,Roosendaal - Vlissingen,12,Friday,1,0,2,1.0,1
57669,rolling stock,Heerlen - Sittard,14,Friday,1,0,7,1.0,0
57670,rolling stock,Breda - Rotterdam Centraal (HSL),14,Friday,1,0,2,1.0,1
57671,rolling stock,Dordrecht - Rotterdam Centraal,15,Friday,1,0,8,1.0,1
57672,unknown,Leeuwarden - Zwolle,16,Friday,1,0,9,1.0,1
57674,external,Roermond - Venlo,19,Friday,1,0,2,1.0,0
57675,rolling stock,Breda - Rotterdam Centraal (HSL),23,Friday,1,0,2,1.0,0
57676,rolling stock,Aachen Hbf - Heerlen,5,Saturday,1,1,3,1.0,1
57677,rolling stock,Heerlen - Maastricht,5,Saturday,1,1,10,1.0,1
57678,rolling stock,Schiphol Airport - Utrecht Centraal,7,Saturday,1,1,5,1.0,0
57679,engineering work,Hamm (Westf.) - Venlo,8,Saturday,1,1,7,1.0,1
57680,infrastructure,"Amersfoort - Schiphol Airport, Lelystad Centrum - Schiphol Airport",8,Saturday,1,1,4,2.0,1
57681,rolling stock,"Amersfoort - Schiphol Airport, Den Haag Centraal - Den Haag HS, Den Haag Centraal - Leiden Centraal, Den Haag HS - Leiden Centraal, Den Haag HS - Rotterdam Centraal, Leiden Centraal - Schiphol Airport, Lelystad Centrum - Schiphol Airport, Schiphol Airport - Utrecht Centraal",10,Saturday,1,1,18,8.0,0
57682,rolling stock,"Almere Oostvaarders - Utrecht Centraal, Hilversum - Utrecht Centraal",12,Saturday,1,1,5,2.0,0
57685,infrastructure,Rotterdam Centraal - Schiphol Airport (HSL),18,Saturday,1,1,2,1.0,1
57686,infrastructure,Schiphol Airport - Utrecht Centraal,18,Saturday,1,1,5,1.0,1
57687,infrastructure,"Amsterdam Centraal - Schiphol Airport, Leiden Centraal - Schiphol Airport",18,Saturday,1,1,5,2.0,1
57688,infrastructure,Leiden Centraal - Schiphol Airport,18,Saturday,1,1,5,1.0,1
57689,external,Roermond - Venlo,21,Saturday,1,1,5,1.0,1
57690,external,"Almere Oostvaarders - Utrecht Centraal, Amsterdam Centraal - Lelystad Centrum, Lelystad Centrum - Schiphol Airport",21,Saturday,1,1,5,3.0,0
57691,staff,"Berlin Ostbahnhof - Hengelo, Bielefeld Hbf - Hengelo, Hengelo - Oldenzaal",8,Sunday,1,1,4,3.0,1
57692,infrastructure,Breda - Tilburg,11,Sunday,1,1,5,1.0,0
57693,external,Almelo - Deventer,12,Sunday,1,1,4,1.0,0
57694,infrastructure,Almelo - Deventer,14,Sunday,1,1,6,1.0,1
57696,rolling stock,Amsterdam Centraal - Schiphol Airport,19,Sunday,1,1,4,1.0,0
57697,rolling stock,Dordrecht - Roosendaal,20,Sunday,1,1,6,1.0,0
57701,infrastructure,Alphen a/d Rijn - Gouda,20,Sunday,1,1,7,1.0,0
57703,logistical,Schiphol Airport - Utrecht Centraal,6,Monday,1,0,5,1.0,0
57704,logistical,Leiden Centraal - Schiphol Airport,6,Monday,1,0,5,1.0,0
57705,logistical,Den Haag Centraal - Leiden Centraal,6,Monday,1,0,6,1.0,0
57706,logistical,Schiphol Airport - Utrecht Centraal,6,Monday,1,0,5,1.0,1
57707,logistical,Den Haag Centraal - Leiden Centraal,6,Monday,1,0,6,1.0,1
57708,logistical,Leiden Centraal - Schiphol Airport,6,Monday,1,0,5,1.0,1
57710,rolling stock,"Amersfoort - Schiphol Airport, Den Haag Centraal - Den Haag HS, Den Haag Centraal - Leiden Centraal, Den Haag HS - Leiden Centraal, Den Haag HS - Rotterdam Centraal, Leiden Centraal - Schiphol Airport, Lelystad Centrum - Schiphol Airport, Schiphol Airport - Utrecht Centraal",11,Monday,1,0,18,8.0,0
57711,rolling stock,Heerlen - Sittard,11,Monday,1,0,7,1.0,0
57713,infrastructure,Antwerpen-Centraal - Breda (HSL),13,Monday,1,0,2,1.0,0
57714,infrastructure,Leeuwarden - Zwolle,14,Monday,1,0,3,1.0,1
57715,rolling stock,Amersfoort - Apeldoorn,15,Monday,1,0,2,1.0,0
57716,accidents,Amersfoort - Zwolle,15,Monday,1,0,7,1.0,1
57717,rolling stock,"Amsterdam Centraal - Utrecht Centraal, Amsterdam Centraal - Woerden",16,Monday,1,0,4,2.0,0
57718,external,Alkmaar - Amsterdam Centraal,17,Monday,1,0,4,1.0,0
57719,infrastructure,"Delfzijl - Groningen, Groningen - Eemshaven",17,Monday,1,0,3,2.0,0
57720,rolling stock,"Breda - Tilburg, Eindhoven - Tilburg",17,Monday,1,0,4,2.0,0
57721,rolling stock,"Amersfoort - Schiphol Airport, Den Haag Centraal - Den Haag HS, Den Haag Centraal - Leiden Centraal, Den Haag HS - Leiden Centraal, Den Haag HS - Rotterdam Centraal, Leiden Centraal - Schiphol Airport, Lelystad Centrum - Schiphol Airport, Schiphol Airport - Utrecht Centraal",19,Monday,1,0,18,8.0,0
57722,rolling stock,"Den Haag Centraal - Den Haag HS, Den Haag HS - Rotterdam Centraal, Dordrecht - Rotterdam Centraal",19,Monday,1,0,15,3.0,0
57723,rolling stock,Rotterdam Centraal - Schiphol Airport (HSL),23,Monday,1,0,2,1.0,0
57725,infrastructure,Groningen - Leeuwarden,6,Tuesday,1,0,2,1.0,1
57726,rolling stock,Breda - Rotterdam Centraal (HSL),7,Tuesday,1,0,2,1.0,0
57728,external,Arnhem Centraal - Zutphen,7,Tuesday,1,0,8,1.0,0
57729,rolling stock,"Amsterdam Centraal - Schiphol Airport, Rotterdam Centraal - Schiphol Airport (HSL)",12,Tuesday,1,0,5,2.0,1
57730,external,Roermond - Sittard,12,Tuesday,1,0,4,1.0,0
57731,rolling stock,"Amsterdam Centraal - Schiphol Airport, Leiden Centraal - Schiphol Airport, Schiphol Airport - Zaandam",12,Tuesday,1,0,4,3.0,0
57732,rolling stock,Lelystad Centrum - Schiphol Airport,12,Tuesday,1,0,12,1.0,0
57733,rolling stock,"Amsterdam Centraal - Haarlem, Amsterdam Centraal - Schiphol Airport, Haarlem - Leiden Centraal, Leiden Centraal - Schiphol Airport, Schiphol Airport - Zaandam",13,Tuesday,1,0,13,5.0,0
57734,infrastructure,Leeuwarden - Zwolle,13,Tuesday,1,0,3,1.0,1
57735,rolling stock,"Den Haag Centraal - Utrecht Centraal, Rotterdam Centraal - Utrecht Centraal",13,Tuesday,1,0,7,2.0,0
57736,infrastructure,Leiden Centraal - Utrecht Centraal,17,Tuesday,1,0,3,1.0,0
57737,infrastructure,Almelo - Deventer,17,Tuesday,1,0,2,1.0,1
57738,rolling stock,"Amersfoort - Schiphol Airport, Den Haag Centraal - Den Haag HS, Den Haag Centraal - Leiden Centraal, Den Haag HS - Leiden Centraal, Den Haag HS - Rotterdam Centraal, Leiden Centraal - Schiphol Airport, Lelystad Centrum - Schiphol Airport, Schiphol Airport - Utrecht Centraal",18,Tuesday,1,0,18,8.0,0
57739,rolling stock,Arnhem Centraal - Winterswijk,18,Tuesday,1,0,2,1.0,0
57740,accidents,Eindhoven - Tilburg,18,Tuesday,1,0,3,1.0,1
57741,accidents,Leiden Centraal - Utrecht Centraal,18,Tuesday,1,0,7,1.0,0
57742,accidents,"'s-Hertogenbosch - Utrecht Centraal, Tiel - Utrecht Centraal",18,Tuesday,1,0,7,2.0,0
57744,rolling stock,"Amersfoort - Apeldoorn, Apeldoorn - Deventer",19,Tuesday,1,0,5,2.0,1
57745,rolling stock,Amersfoort - Ede-Wageningen,19,Tuesday,1,0,5,1.0,1
57747,rolling stock,"Den Haag Centraal - Utrecht Centraal, Leiden Centraal - Utrecht Centraal, Rotterdam Centraal - Utrecht Centraal",19,Tuesday,1,0,5,3.0,0
57749,accidents,Almelo - Mariënberg,20,Tuesday,1,0,4,1.0,1
57750,rolling stock,"Arnhem Centraal - Basel SBB, Arnhem Centraal - Düsseldorf Hbf, Arnhem Centraal - Frankfurt (M) Hbf, Arnhem Centraal - Winterswijk",22,Tuesday,1,0,5,4.0,0
57751,rolling stock,"Den Haag Centraal - Den Haag HS, Den Haag Centraal - Leiden Centraal, Den Haag HS - Leiden Centraal",0,Wednesday,1,0,3,3.0,0
57753,accidents,Breda - Roosendaal,5,Wednesday,1,0,3,1.0,0
57754,infrastructure,Hengelo - Zutphen,6,Wednesday,1,0,6,1.0,0
57755,rolling stock,Deventer - Zwolle,6,Wednesday,1,0,2,1.0,0
57756,logistical,Hamm (Westf.) - Venlo,6,Wednesday,1,0,2,1.0,0
57757,engineering work,Leeuwarden - Zwolle,7,Wednesday,1,0,3,1.0,1
57758,rolling stock,Heerlen - Maastricht,7,Wednesday,1,0,6,1.0,0
57759,rolling stock,Amsterdam Centraal - Haarlem,8,Wednesday,1,0,5,1.0,0
57760,weather,Amersfoort - Ede-Wageningen,8,Wednesday,1,0,8,1.0,1
57761,rolling stock,"Liège-Guillemins - Maastricht, Maastricht - Maastricht Randwyck",8,Wednesday,1,0,2,2.0,0
57762,infrastructure,Alkmaar - Den Helder,9,Wednesday,1,0,3,1.0,1
57763,infrastructure,Almelo - Deventer,9,Wednesday,1,0,4,1.0,1
57764,staff,Aachen Hbf - Heerlen,10,Wednesday,1,0,4,1.0,1
57766,infrastructure,Breda - Roosendaal,16,Wednesday,1,0,3,1.0,0
57767,rolling stock,"Berlin Ostbahnhof - Hengelo, Bielefeld Hbf - Hengelo, Hengelo - Oldenzaal",16,Wednesday,1,0,4,3.0,1
57768,infrastructure,Almelo - Deventer,17,Wednesday,1,0,6,1.0,1
57769,infrastructure,Roermond - Sittard,20,Wednesday,1,0,4,1.0,1
57770,rolling stock,Rotterdam Centraal - Schiphol Airport (HSL),21,Wednesday,1,0,2,1.0,0
57771,rolling stock,"Amersfoort - Schiphol Airport, Den Haag Centraal - Den Haag HS, Den Haag Centraal - Leiden Centraal, Den Haag HS - Leiden Centraal, Den Haag HS - Rotterdam Centraal, Leiden Centraal - Schiphol Airport, Lelystad Centrum - Schiphol Airport, Schiphol Airport - Utrecht Centraal",22,Wednesday,1,0,18,8.0,0
57772,rolling stock,"Den Haag Centraal - Den Haag HS, Den Haag HS - Rotterdam Centraal, Dordrecht - Rotterdam Centraal",22,Wednesday,1,0,15,3.0,0
57774,rolling stock,Heerlen - Maastricht,3,Thursday,1,0,10,1.0,1
57775,infrastructure,"Den Haag Centraal - Den Haag HS, Den Haag HS - Rotterdam Centraal",6,Thursday,1,0,8,2.0,1
57776,engineering work,Lelystad Centrum - Zwolle,8,Thursday,1,0,4,1.0,1
57777,rolling stock,Eindhoven - Roermond,10,Thursday,1,0,2,1.0,0
57779,accidents,Arnhem Centraal - Zutphen,11,Thursday,1,0,6,1.0,1
57780,logistical,"Arnhem Centraal - Basel SBB, Arnhem Centraal - Düsseldorf Hbf, Arnhem Centraal - Frankfurt (M) Hbf",12,Thursday,1,0,3,3.0,0
57782,infrastructure,Almelo - Deventer,14,Thursday,1,0,4,1.0,1
57783,rolling stock,"Berlin Ostbahnhof - Hengelo, Bielefeld Hbf - Hengelo, Hengelo - Oldenzaal",16,Thursday,1,0,4,3.0,1
57784,staff,Aachen Hbf - Heerlen,16,Thursday,1,0,6,1.0,1
57785,infrastructure,Rotterdam Centraal - Utrecht Centraal,19,Thursday,1,0,6,1.0,1
57786,infrastructure,Lelystad Centrum - Zwolle,7,Friday,1,0,2,1.0,1
57787,infrastructure,Amersfoort - Apeldoorn,7,Friday,1,0,2,1.0,1
57788,rolling stock,Alphen a/d Rijn - Gouda,7,Friday,1,0,7,1.0,0
57789,infrastructure,Amersfoort - Ede-Wageningen,7,Friday,1,0,5,1.0,1
57790,external,Groningen - Zwolle,9,Friday,1,0,4,1.0,0
57791,rolling stock,"Amersfoort - Amsterdam Centraal, Amersfoort - Schiphol Airport",10,Friday,1,0,2,2.0,0
57792,rolling stock,Almere Oostvaarders - Utrecht Centraal,10,Friday,1,0,3,1.0,0
57793,infrastructure,Dordrecht - Roosendaal,14,Friday,1,0,6,1.0,1
57795,rolling stock,Breda - Tilburg,16,Friday,1,0,5,1.0,0
57796,external,'s-Hertogenbosch - Tilburg,17,Friday,1,0,2,1.0,0
57798,rolling stock,'s-Hertogenbosch - Eindhoven,18,Friday,1,0,3,1.0,0
57799,rolling stock,Breda - Rotterdam Centraal (HSL),18,Friday,1,0,2,1.0,0
57800,infrastructure,Arnhem Centraal - Winterswijk,19,Friday,1,0,2,1.0,1
57801,unknown,Amsterdam Centraal - Haarlem,20,Friday,1,0,4,1.0,0
57802,rolling stock,Rotterdam Centraal - Schiphol Airport (HSL),23,Friday,1,0,2,1.0,0
57803,infrastructure,Heerlen - Sittard,7,Saturday,1,1,7,1.0,1
57804,accidents,'s-Hertogenbosch - Nijmegen,8,Saturday,1,1,5,1.0,1
57805,rolling stock,"Amersfoort - Schiphol Airport, Den Haag Centraal - Den Haag HS, Den Haag Centraal - Leiden Centraal, Den Haag HS - Leiden Centraal, Den Haag HS - Rotterdam Centraal, Leiden Centraal - Schiphol Airport, Lelystad Centrum - Schiphol Airport, Schiphol Airport - Utrecht Centraal",8,Saturday,1,1,18,8.0,0
57806,rolling stock,"Arnhem Centraal - Basel SBB, Arnhem Centraal - Düsseldorf Hbf, Arnhem Centraal - Frankfurt (M) Hbf",10,Saturday,1,1,3,3.0,0
57807,infrastructure,Roermond - Sittard,10,Saturday,1,1,4,1.0,1
57808,rolling stock,Breda - Rotterdam Centraal (HSL),11,Saturday,1,1,2,1.0,0
57809,rolling stock,Rotterdam Centraal - Schiphol Airport (HSL),11,Saturday,1,1,2,1.0,0
57810,rolling stock,Dordrecht - Rotterdam Centraal,12,Saturday,1,1,8,1.0,0
57811,unknown,Kampen - Zwolle,12,Saturday,1,1,3,1.0,0
57813,infrastructure,Dordrecht - Roosendaal,13,Saturday,1,1,4,1.0,0
57814,external,Alkmaar - Amsterdam Centraal,15,Saturday,1,1,4,1.0,0
57815,engineering work,"Arnhem Centraal - Basel SBB, Arnhem Centraal - Düsseldorf Hbf, Arnhem Centraal - Frankfurt (M) Hbf",16,Saturday,1,1,3,3.0,1
57816,infrastructure,"Almelo - Deventer, Apeldoorn - Deventer, Deventer - Zutphen, Deventer - Zwolle",18,Saturday,1,1,2,4.0,1
57817,rolling stock,Leiden Centraal - Schiphol Airport,19,Saturday,1,1,5,1.0,0
57818,rolling stock,Amsterdam Centraal - Hoorn,19,Saturday,1,1,3,1.0,0
57819,rolling stock,Eindhoven - Venlo,19,Saturday,1,1,6,1.0,1
57822,accidents,Leiden Centraal - Schiphol Airport,20,Saturday,1,1,5,1.0,0
57823,logistical,Rotterdam Centraal - Schiphol Airport (HSL),21,Saturday,1,1,2,1.0,1
57824,logistical,"Amersfoort - Amsterdam Centraal, Amersfoort - Schiphol Airport",21,Saturday,1,1,3,2.0,1
57825,accidents,"Den Haag Centraal - Utrecht Centraal, Rotterdam Centraal - Utrecht Centraal",7,Sunday,1,1,3,2.0,0
57826,unknown,"Amersfoort - Amsterdam Centraal, Amersfoort - Schiphol Airport",10,Sunday,1,1,3,2.0,0
57828,external,Arnhem Centraal - Utrecht Centraal,17,Sunday,1,1,10,1.0,0
57829,external,Leiden Centraal - Utrecht Centraal,18,Sunday,1,1,3,1.0,0
57830,rolling stock,"Almere Oostvaarders - Utrecht Centraal, Amsterdam Centraal - Lelystad Centrum, Lelystad Centrum - Schiphol Airport",20,Sunday,1,1,5,3.0,0
57831,rolling stock,Arnhem Centraal - Nijmegen,21,Sunday,1,1,3,1.0,0
57832,logistical,"Almere Oostvaarders - Utrecht Centraal, Amsterdam Centraal - Lelystad Centrum, Lelystad Centrum - Schiphol Airport",21,Sunday,1,1,5,3.0,0
57833,staff,Hamm (Westf.) - Venlo,4,Monday,1,0,2,1.0,1
57834,engineering work,Leeuwarden - Zwolle,5,Monday,1,0,3,1.0,0
57835,staff,Aachen Hbf - Heerlen,5,Monday,1,0,6,1.0,1
57839,rolling stock,"Almere Oostvaarders - Utrecht Centraal, Amsterdam Centraal - Lelystad Centrum, Lelystad Centrum - Schiphol Airport",8,Monday,1,0,2,3.0,0
57840,rolling stock,Almere Oostvaarders - Utrecht Centraal,8,Monday,1,0,5,1.0,0
57841,external,Apeldoorn - Deventer,11,Monday,1,0,4,1.0,0
57842,rolling stock,Almere Oostvaarders - Utrecht Centraal,17,Monday,1,0,3,1.0,0
57843,rolling stock,Amsterdam Centraal - Lelystad Centrum,17,Monday,1,0,8,1.0,0
57844,rolling stock,Breda - Rotterdam Centraal (HSL),7,Tuesday,1,0,2,1.0,1
57846,rolling stock,"Den Haag Centraal - Den Haag HS, Den Haag HS - Rotterdam Centraal, Dordrecht - Rotterdam Centraal",7,Tuesday,1,0,15,3.0,1
57847,rolling stock,Eindhoven - Roermond,9,Tuesday,1,0,4,1.0,0
57848,rolling stock,"Liège-Guillemins - Maastricht, Maastricht - Maastricht Randwyck",10,Tuesday,1,0,2,2.0,1
57849,rolling stock,Eindhoven - Roermond,12,Tuesday,1,0,5,1.0,0
57850,external,'s-Hertogenbosch - Tilburg,16,Tuesday,1,0,2,1.0,0
57851,staff,Hamm (Westf.) - Venlo,16,Tuesday,1,0,2,1.0,1
57852,accidents,Amersfoort - Zwolle,19,Tuesday,1,0,5,1.0,1
57853,external,'s-Hertogenbosch - Nijmegen,19,Tuesday,1,0,6,1.0,0
57854,rolling stock,"Amersfoort - Schiphol Airport, Den Haag Centraal - Den Haag HS, Den Haag Centraal - Leiden Centraal, Den Haag HS - Leiden Centraal, Den Haag HS - Rotterdam Centraal, Leiden Centraal - Schiphol Airport, Lelystad Centrum - Schiphol Airport, Schiphol Airport - Utrecht Centraal",19,Tuesday,1,0,18,8.0,1
57855,external,Leeuwarden - Zwolle,22,Tuesday,1,0,3,1.0,1
57856,engineering work,Kampen - Zwolle,5,Wednesday,1,0,3,1.0,1
57857,infrastructure,'s-Hertogenbosch - Utrecht Centraal,6,Wednesday,1,0,3,1.0,1
57860,external,Eindhoven - Venlo,7,Wednesday,1,0,4,1.0,1
57861,external,"'s-Hertogenbosch - Eindhoven, Eindhoven - Tilburg",7,Wednesday,1,0,4,2.0,0
57862,accidents,Antwerpen-Centraal - Roosendaal,7,Wednesday,1,0,2,1.0,1
57864,rolling stock,Arnhem Centraal - Winterswijk,8,Wednesday,1,0,4,1.0,0
57865,rolling stock,Emmen - Zwolle,8,Wednesday,1,0,3,1.0,0
57866,rolling stock,Leiden Centraal - Utrecht Centraal,9,Wednesday,1,0,3,1.0,0
57867,rolling stock,"Liège-Guillemins - Maastricht, Maastricht - Maastricht Randwyck",9,Wednesday,1,0,2,2.0,0
57868,infrastructure,Arnhem Centraal - Nijmegen,9,Wednesday,1,0,5,1.0,1
57869,rolling stock,Amersfoort - Zwolle,10,Wednesday,1,0,3,1.0,0
57870,rolling stock,Leeuwarden - Stavoren,10,Wednesday,1,0,6,1.0,1
57871,external,Breda - Roosendaal,11,Wednesday,1,0,3,1.0,1
57872,rolling stock,"Berlin Ostbahnhof - Hengelo, Bielefeld Hbf - Hengelo, Hengelo - Oldenzaal",12,Wednesday,1,0,4,3.0,1
57874,infrastructure,Lelystad Centrum - Schiphol Airport,15,Wednesday,1,0,13,1.0,1
57875,infrastructure,"Leiden Centraal - Schiphol Airport, Schiphol Airport - Utrecht Centraal",15,Wednesday,1,0,9,2.0,1
57876,infrastructure,Rotterdam Centraal - Schiphol Airport (HSL),15,Wednesday,1,0,2,1.0,1
57878,unknown,Roosendaal - Vlissingen,16,Wednesday,1,0,3,1.0,1
57879,rolling stock,Groningen - Leeuwarden,16,Wednesday,1,0,9,1.0,1
57880,engineering work,Arnhem Centraal - Nijmegen,17,Wednesday,1,0,5,1.0,1
57881,engineering work,"Arnhem Centraal - Nijmegen, Arnhem Centraal - Tiel",17,Wednesday,1,0,3,2.0,1
57883,rolling stock,Roosendaal - Vlissingen,18,Wednesday,1,0,11,1.0,0
57884,rolling stock,Amersfoort - Ede-Wageningen,18,Wednesday,1,0,8,1.0,0
57885,staff,Hamm (Westf.) - Venlo,20,Wednesday,1,0,2,1.0,0
57886,engineering work,Arnhem Centraal - Nijmegen,3,Thursday,1,0,5,1.0,1
57887,logistical,Aachen Hbf - Heerlen,7,Thursday,1,0,4,1.0,1
57888,rolling stock,Eindhoven - Venlo,8,Thursday,1,0,6,1.0,0
57889,logistical,Antwerpen-Centraal - Roosendaal,8,Thursday,1,0,2,1.0,1
57890,rolling stock,Enkhuizen - Hoorn,8,Thursday,1,0,3,1.0,0
57891,rolling stock,Antwerpen-Centraal - Breda (HSL),8,Thursday,1,0,2,1.0,0
57892,rolling stock,Breda - Rotterdam Centraal (HSL),8,Thursday,1,0,2,1.0,0
57893,rolling stock,"Almere Oostvaarders - Utrecht Centraal, Amsterdam Centraal - Lelystad Centrum, Lelystad Centrum - Schiphol Airport",9,Thursday,1,0,5,3.0,0
57894,infrastructure,Arnhem Centraal - Utrecht Centraal,11,Thursday,1,0,4,1.0,0
57895,rolling stock,Eindhoven - Venlo,11,Thursday,1,0,9,1.0,0
57896,rolling stock,"Aachen Hbf - Heerlen, Heerlen - Kerkrade Centrum",12,Thursday,1,0,2,2.0,0
57897,unknown,Arnhem Centraal - Utrecht Centraal,12,Thursday,1,0,4,1.0,0
57898,infrastructure,Enschede - Hengelo,14,Thursday,1,0,3,1.0,1
57899,rolling stock,"Berlin Ostbahnhof - Hengelo, Bielefeld Hbf - Hengelo, Hengelo - Oldenzaal",15,Thursday,1,0,4,3.0,0
57900,external,Leiden Centraal - Utrecht Centraal,17,Thursday,1,0,2,1.0,0
57901,external,Almere Oostvaarders - Utrecht Centraal,17,Thursday,1,0,3,1.0,0
57902,external,Amsterdam Centraal - Lelystad Centrum,17,Thursday,1,0,8,1.0,0
57903,external,Enkhuizen - Hoorn,18,Thursday,1,0,3,1.0,0
57905,rolling stock,"Den Haag Centraal - Utrecht Centraal, Rotterdam Centraal - Utrecht Centraal",20,Thursday,1,0,7,2.0,0
57907,infrastructure,Lelystad Centrum - Schiphol Airport,20,Thursday,1,0,13,1.0,0
57908,infrastructure,Rotterdam Centraal - Schiphol Airport (HSL),20,Thursday,1,0,2,1.0,1
57909,infrastructure,"Leiden Centraal - Schiphol Airport, Schiphol Airport - Utrecht Centraal",20,Thursday,1,0,9,2.0,1
57911,infrastructure,"Amersfoort - Schiphol Airport, Lelystad Centrum - Schiphol Airport",5,Friday,1,0,4,2.0,1
57912,infrastructure,Schiphol Airport - Utrecht Centraal,5,Friday,1,0,5,1.0,1
57913,infrastructure,"Amsterdam Centraal - Schiphol Airport, Leiden Centraal - Schiphol Airport",5,Friday,1,0,5,2.0,1
57914,infrastructure,Leiden Centraal - Schiphol Airport,5,Friday,1,0,5,1.0,1
57916,infrastructure,Emmen - Zwolle,5,Friday,1,0,5,1.0,0
57917,rolling stock,Amersfoort - Zwolle,5,Friday,1,0,11,1.0,1
57919,rolling stock,Amersfoort - Zwolle,7,Friday,1,0,5,1.0,0
57920,infrastructure,Lelystad Centrum - Schiphol Airport,7,Friday,1,0,13,1.0,1
57921,weather,Arnhem Centraal - Utrecht Centraal,9,Friday,1,0,4,1.0,0
57923,rolling stock,Rotterdam Centraal - Schiphol Airport (HSL),9,Friday,1,0,2,1.0,0
57924,rolling stock,Breda - Rotterdam Centraal (HSL),9,Friday,1,0,2,1.0,0
57925,infrastructure,Amersfoort - Zwolle,10,Friday,1,0,2,1.0,1
57926,infrastructure,Eindhoven - Roermond,10,Friday,1,0,5,1.0,0
57927,rolling stock,Haarlem - Leiden Centraal,15,Friday,1,0,5,1.0,0
57929,rolling stock,Amersfoort - Utrecht Centraal,16,Friday,1,0,5,1.0,0
57930,rolling stock,Almelo - Hengelo,16,Friday,1,0,4,1.0,0
57931,unknown,"Arnhem Centraal - Nijmegen, Arnhem Centraal - Tiel",16,Friday,1,0,3,2.0,1
57932,rolling stock,Amersfoort - Apeldoorn,16,Friday,1,0,2,1.0,0
57933,unknown,Arnhem Centraal - Nijmegen,17,Friday,1,0,5,1.0,1
57934,external,Leiden Centraal - Utrecht Centraal,17,Friday,1,0,2,1.0,0
57935,infrastructure,Alkmaar - Amsterdam Centraal,17,Friday,1,0,4,1.0,0
57937,rolling stock,"Den Haag Centraal - Utrecht Centraal, Rotterdam Centraal - Utrecht Centraal",19,Friday,1,0,3,2.0,0
57938,infrastructure,"Breda - Tilburg, Eindhoven - Tilburg",19,Friday,1,0,4,2.0,1
57939,external,Alkmaar - Den Helder,22,Friday,1,0,5,1.0,0
57940,rolling stock,Leeuwarden - Stavoren,4,Saturday,2,1,3,1.0,0
57941,rolling stock,"Amersfoort - Apeldoorn, Apeldoorn - Deventer",4,Saturday,2,1,5,2.0,1
57942,rolling stock,"Arnhem Centraal - Basel SBB, Arnhem Centraal - Düsseldorf Hbf, Arnhem Centraal - Frankfurt (M) Hbf, Arnhem Centraal - Winterswijk",6,Saturday,2,1,5,4.0,0
57944,rolling stock,Kampen - Zwolle,6,Saturday,2,1,3,1.0,0
57945,rolling stock,'s-Hertogenbosch - Nijmegen,6,Saturday,2,1,6,1.0,0
57946,rolling stock,Aachen Hbf - Heerlen,6,Saturday,2,1,3,1.0,1
57948,rolling stock,"Eindhoven - Roermond, Roermond - Sittard",7,Saturday,2,1,5,2.0,0
57949,rolling stock,"Amsterdam Centraal - Utrecht Centraal, Amsterdam Centraal - Woerden, Schiphol Airport - Utrecht Centraal",7,Saturday,2,1,2,3.0,0
57950,rolling stock,Lelystad Centrum - Zwolle,7,Saturday,2,1,4,1.0,0
57951,weather,Amsterdam Centraal - Hoorn,7,Saturday,2,1,5,1.0,1
57952,rolling stock,Antwerpen-Centraal - Roosendaal,8,Saturday,2,1,12,1.0,0
57953,weather,Aachen Hbf - Heerlen,8,Saturday,2,1,4,1.0,1
57954,weather,"Arnhem Centraal - Basel SBB, Arnhem Centraal - Düsseldorf Hbf, Arnhem Centraal - Frankfurt (M) Hbf, Arnhem Centraal - Winterswijk",8,Saturday,2,1,5,4.0,0
57955,weather,"Arnhem Centraal - Basel SBB, Arnhem Centraal - Düsseldorf Hbf, Arnhem Centraal - Frankfurt (M) Hbf",8,Saturday,2,1,3,3.0,1
57956,rolling stock,Heerlen - Sittard,8,Saturday,2,1,7,1.0,0
57957,rolling stock,"Liège-Guillemins - Maastricht, Maastricht - Maastricht Randwyck",8,Saturday,2,1,6,2.0,1
57959,infrastructure,Arnhem Centraal - Winterswijk,9,Saturday,2,1,3,1.0,1
57960,rolling stock,"Amsterdam Centraal - Schiphol Airport, Rotterdam Centraal - Schiphol Airport (HSL)",9,Saturday,2,1,5,2.0,0
57961,rolling stock,Heerlen - Maastricht,9,Saturday,2,1,10,1.0,1
57962,rolling stock,Leiden Centraal - Schiphol Airport,13,Saturday,2,1,2,1.0,0
57963,rolling stock,Amersfoort - Zwolle,15,Saturday,2,1,5,1.0,0
57964,unknown,Roosendaal - Vlissingen,16,Saturday,2,1,5,1.0,1
57965,rolling stock,"Arnhem Centraal - Nijmegen, Arnhem Centraal - Tiel",18,Saturday,2,1,3,2.0,0
57966,rolling stock,Leiden Centraal - Schiphol Airport,18,Saturday,2,1,2,1.0,0
57967,infrastructure,"Alkmaar - Amsterdam Centraal, Amsterdam Centraal - Hoorn",18,Saturday,2,1,3,2.0,0
57968,rolling stock,Heerlen - Sittard,19,Saturday,2,1,7,1.0,0
57969,rolling stock,Leiden Centraal - Schiphol Airport,23,Saturday,2,1,5,1.0,0
57970,infrastructure,Dordrecht - Rotterdam Centraal,6,Sunday,2,1,8,1.0,0
57972,infrastructure,Breda - Roosendaal,7,Sunday,2,1,3,1.0,1
57973,weather,Amersfoort - Ede-Wageningen,7,Sunday,2,1,2,1.0,1
57974,weather,Aachen Hbf - Heerlen,7,Sunday,2,1,4,1.0,1
57975,infrastructure,Dordrecht - Roosendaal,7,Sunday,2,1,4,1.0,1
57976,weather,Amersfoort - Ede-Wageningen,7,Sunday,2,1,4,1.0,1
57977,infrastructure,Leiden Centraal - Utrecht Centraal,7,Sunday,2,1,2,1.0,0
57978,weather,Leeuwarden - Zwolle,7,Sunday,2,1,2,1.0,0
57979,infrastructure,"Arnhem Centraal - Utrecht Centraal, Rhenen - Utrecht Centraal",7,Sunday,2,1,4,2.0,1
57980,infrastructure,"Amsterdam Centraal - Utrecht Centraal, Amsterdam Centraal - Woerden",9,Sunday,2,1,8,2.0,1
57981,infrastructure,"Arnhem Centraal - Utrecht Centraal, Rhenen - Utrecht Centraal",9,Sunday,2,1,2,2.0,1
57982,staff,"Liège-Guillemins - Maastricht, Maastricht - Maastricht Randwyck",9,Sunday,2,1,6,2.0,1
57984,unknown,"Den Haag Centraal - Utrecht Centraal, Leiden Centraal - Utrecht Centraal, Rotterdam Centraal - Utrecht Centraal",11,Sunday,2,1,5,3.0,1
57985,logistical,Aachen Hbf - Heerlen,12,Sunday,2,1,6,1.0,1
57986,rolling stock,"Amersfoort - Schiphol Airport, Den Haag Centraal - Den Haag HS, Den Haag Centraal - Leiden Centraal, Den Haag HS - Leiden Centraal, Den Haag HS - Rotterdam Centraal, Leiden Centraal - Schiphol Airport, Lelystad Centrum - Schiphol Airport, Schiphol Airport - Utrecht Centraal",12,Sunday,2,1,18,8.0,0
57987,staff,"Liège-Guillemins - Maastricht, Maastricht - Maastricht Randwyck",13,Sunday,2,1,6,2.0,1
57988,rolling stock,Eindhoven - Tilburg,15,Sunday,2,1,3,1.0,0
57989,rolling stock,'s-Hertogenbosch - Eindhoven,16,Sunday,2,1,3,1.0,0
57990,rolling stock,Arnhem Centraal - Nijmegen,17,Sunday,2,1,3,1.0,0
57991,rolling stock,Roermond - Sittard,17,Sunday,2,1,4,1.0,0
57993,rolling stock,Schiphol Airport - Utrecht Centraal,19,Sunday,2,1,11,1.0,0
57994,rolling stock,Amsterdam Centraal - Hoorn,19,Sunday,2,1,5,1.0,0
57995,rolling stock,Rotterdam Centraal - Schiphol Airport (HSL),20,Sunday,2,1,2,1.0,0
57996,infrastructure,Groningen - Leeuwarden,21,Sunday,2,1,4,1.0,0
57997,infrastructure,Groningen - Leeuwarden,22,Sunday,2,1,4,1.0,0
57998,infrastructure,Amsterdam Centraal - Lelystad Centrum,5,Monday,2,0,11,1.0,1
57999,infrastructure,Dordrecht - Rotterdam Centraal,6,Monday,2,0,8,1.0,1
58001,infrastructure,Rotterdam Centraal - Schiphol Airport (HSL),7,Monday,2,0,2,1.0,1
58002,infrastructure,Rotterdam Centraal - Utrecht Centraal,7,Monday,2,0,12,1.0,1
58003,infrastructure,Amersfoort - Schiphol Airport,7,Monday,2,0,12,1.0,1
58005,infrastructure,Amersfoort - Zwolle,7,Monday,2,0,3,1.0,1
58006,rolling stock,Breda - Dordrecht,7,Monday,2,0,3,1.0,0
58007,rolling stock,Den Haag HS - Rotterdam Centraal,10,Monday,2,0,4,1.0,0
58008,rolling stock,"Antwerpen-Centraal - Breda (HSL), Breda - Rotterdam Centraal (HSL)",10,Monday,2,0,3,2.0,0
58009,logistical,Antwerpen-Centraal - Roosendaal,10,Monday,2,0,2,1.0,0
58010,rolling stock,'s-Hertogenbosch - Tilburg,11,Monday,2,0,2,1.0,0
58011,rolling stock,Den Haag HS - Rotterdam Centraal,11,Monday,2,0,4,1.0,0
58012,rolling stock,"Almere Oostvaarders - Utrecht Centraal, Amsterdam Centraal - Lelystad Centrum, Lelystad Centrum - Schiphol Airport",12,Monday,2,0,5,3.0,0
58013,infrastructure,Almelo - Mariënberg,12,Monday,2,0,4,1.0,1
58014,rolling stock,"Liège-Guillemins - Maastricht, Maastricht - Maastricht Randwyck",13,Monday,2,0,2,2.0,0
58015,infrastructure,Almelo - Mariënberg,15,Monday,2,0,4,1.0,1
58017,rolling stock,Winterswijk - Zutphen,20,Monday,2,0,6,1.0,0
58018,rolling stock,Eindhoven - Venlo,21,Monday,2,0,6,1.0,1
58019,infrastructure,"Arnhem Centraal - Basel SBB, Arnhem Centraal - Düsseldorf Hbf, Arnhem Centraal - Frankfurt (M) Hbf, Arnhem Centraal - Innsbruck Hbf, Arnhem Centraal - Nijmegen, Arnhem Centraal - Tiel, Arnhem Centraal - Utrecht Centraal, Arnhem Centraal - Wien Hbf, Arnhem Centraal - Winterswijk, Arnhem Centraal - Zutphen, Arnhem Centraal - Zürich HB",23,Monday,2,0,2,11.0,1
58020,rolling stock,Arnhem Centraal - Zutphen,5,Tuesday,2,0,8,1.0,0
58022,rolling stock,"Amersfoort - Schiphol Airport, Den Haag Centraal - Den Haag HS, Den Haag Centraal - Leiden Centraal, Den Haag HS - Leiden Centraal, Den Haag HS - Rotterdam Centraal, Leiden Centraal - Schiphol Airport, Lelystad Centrum - Schiphol Airport, Schiphol Airport - Utrecht Centraal",7,Tuesday,2,0,18,8.0,0
58024,unknown,Arnhem Centraal - Zutphen,10,Tuesday,2,0,8,1.0,1
58025,rolling stock,Rotterdam Centraal - Schiphol Airport (HSL),10,Tuesday,2,0,2,1.0,0
58026,infrastructure,Deventer - Zwolle,12,Tuesday,2,0,3,1.0,1
58027,infrastructure,Groningen - Zwolle,13,Tuesday,2,0,4,1.0,0
58028,rolling stock,Roosendaal - Vlissingen,17,Tuesday,2,0,11,1.0,0
58029,infrastructure,Leiden Centraal - Utrecht Centraal,17,Tuesday,2,0,3,1.0,1
58030,external,Den Haag Centraal - Utrecht Centraal,18,Tuesday,2,0,3,1.0,0
58031,rolling stock,Amsterdam Centraal - Lelystad Centrum,19,Tuesday,2,0,8,1.0,0
58032,infrastructure,'s-Hertogenbosch - Tilburg,19,Tuesday,2,0,2,1.0,1
58033,infrastructure,"Groningen - Bad Nieuweschans, Groningen - Leer (Ostfriesland)",19,Tuesday,2,0,2,2.0,1
58034,rolling stock,"Arnhem Centraal - Utrecht Centraal, Rhenen - Utrecht Centraal",6,Wednesday,2,0,3,2.0,0
58035,rolling stock,Den Haag Centraal - Utrecht Centraal,7,Wednesday,2,0,8,1.0,0
58036,rolling stock,Leiden Centraal - Utrecht Centraal,8,Wednesday,2,0,2,1.0,0
58038,infrastructure,Breda - Roosendaal,11,Wednesday,2,0,3,1.0,1
58039,rolling stock,Rotterdam Centraal - Utrecht Centraal,12,Wednesday,2,0,6,1.0,0
58040,rolling stock,"Den Haag Centraal - Den Haag HS, Den Haag HS - Rotterdam Centraal",14,Wednesday,2,0,8,2.0,1
58041,infrastructure,Roosendaal - Vlissingen,15,Wednesday,2,0,4,1.0,1
58043,external,Heerlen - Sittard,18,Wednesday,2,0,7,1.0,1
58044,rolling stock,Breda - Rotterdam Centraal (HSL),20,Wednesday,2,0,2,1.0,0
58045,rolling stock,Rotterdam Centraal - Utrecht Centraal,21,Wednesday,2,0,12,1.0,0
58046,engineering work,"Den Haag Centraal - Leiden Centraal, Den Haag HS - Leiden Centraal",22,Wednesday,2,0,4,2.0,1
58048,rolling stock,Groningen - Zwolle,22,Wednesday,2,0,7,1.0,1
58049,infrastructure,"Amsterdam Centraal - Utrecht Centraal, Schiphol Airport - Utrecht Centraal",3,Thursday,2,0,2,2.0,1
58050,engineering work,Arnhem Centraal - Nijmegen,5,Thursday,2,0,5,1.0,0
58051,accidents,Emmen - Zwolle,5,Thursday,2,0,11,1.0,1
58052,infrastructure,Breda - Rotterdam Centraal (HSL),7,Thursday,2,0,2,1.0,1
58053,infrastructure,"Den Haag Centraal - Den Haag HS, Den Haag HS - Rotterdam Centraal, Dordrecht - Rotterdam Centraal",7,Thursday,2,0,15,3.0,1
58054,infrastructure,"Breda - Dordrecht, Dordrecht - Roosendaal",7,Thursday,2,0,3,2.0,1
58055,rolling stock,Lelystad Centrum - Schiphol Airport,7,Thursday,2,0,9,1.0,0
58056,external,Lelystad Centrum - Schiphol Airport,8,Thursday,2,0,13,1.0,0
58057,infrastructure,"Berlin Ostbahnhof - Hengelo, Bielefeld Hbf - Hengelo, Hengelo - Oldenzaal",9,Thursday,2,0,3,3.0,1
58058,rolling stock,"Almere Oostvaarders - Utrecht Centraal, Amsterdam Centraal - Lelystad Centrum, Lelystad Centrum - Schiphol Airport",9,Thursday,2,0,5,3.0,0
58059,rolling stock,"Almere Oostvaarders - Utrecht Centraal, Amsterdam Centraal - Lelystad Centrum, Lelystad Centrum - Schiphol Airport",10,Thursday,2,0,5,3.0,0
58061,unknown,Eindhoven - Roermond,12,Thursday,2,0,5,1.0,1
58062,rolling stock,'s-Hertogenbosch - Nijmegen,14,Thursday,2,0,3,1.0,0
58063,rolling stock,Arnhem Centraal - Nijmegen,14,Thursday,2,0,5,1.0,0
58064,external,Apeldoorn - Deventer,15,Thursday,2,0,4,1.0,0
58065,rolling stock,"'s-Hertogenbosch - Eindhoven, 's-Hertogenbosch - Utrecht Centraal, Amsterdam Centraal - Utrecht Centraal",15,Thursday,2,0,24,3.0,0
58067,rolling stock,Breda - Rotterdam Centraal (HSL),18,Thursday,2,0,2,1.0,0
58068,rolling stock,"Berlin Ostbahnhof - Hengelo, Bielefeld Hbf - Hengelo, Hengelo - Oldenzaal",20,Thursday,2,0,4,3.0,1
58069,rolling stock,Groningen - Zwolle,21,Thursday,2,0,3,1.0,0
58071,rolling stock,Amsterdam Centraal - Haarlem,5,Friday,2,0,2,1.0,0
58075,rolling stock,Dordrecht - Geldermalsen,11,Friday,2,0,3,1.0,1
58076,rolling stock,"Berlin Ostbahnhof - Hengelo, Bielefeld Hbf - Hengelo, Hengelo - Oldenzaal",11,Friday,2,0,4,3.0,1
58077,rolling stock,Breda - Rotterdam Centraal (HSL),12,Friday,2,0,2,1.0,0
58078,external,Dordrecht - Geldermalsen,12,Friday,2,0,8,1.0,0
58080,unknown,Arnhem Centraal - Utrecht Centraal,14,Friday,2,0,4,1.0,0
58081,rolling stock,"Amsterdam Centraal - Schiphol Airport, Schiphol Airport - Zaandam",14,Friday,2,0,2,2.0,0
58082,rolling stock,"Amersfoort - Apeldoorn, Apeldoorn - Deventer",15,Friday,2,0,5,2.0,1
58083,rolling stock,Amersfoort - Ede-Wageningen,15,Friday,2,0,5,1.0,1
58085,accidents,Emmen - Zwolle,16,Friday,2,0,5,1.0,0
58086,rolling stock,Leiden Centraal - Utrecht Centraal,16,Friday,2,0,3,1.0,0
58087,infrastructure,Leiden Centraal - Utrecht Centraal,16,Friday,2,0,2,1.0,1
58088,logistical,Hamm (Westf.) - Venlo,17,Friday,2,0,2,1.0,1
58089,logistical,"Antwerpen-Centraal - Breda (HSL), Breda - Rotterdam Centraal (HSL)",19,Friday,2,0,3,2.0,0
58090,logistical,"Breda - Dordrecht, Dordrecht - Roosendaal",19,Friday,2,0,3,2.0,0
58091,infrastructure,Leiden Centraal - Utrecht Centraal,20,Friday,2,0,2,1.0,1
58092,external,Almelo - Deventer,21,Friday,2,0,5,1.0,0
58093,staff,Heerlen - Maastricht,8,Saturday,2,1,10,1.0,1
58094,rolling stock,"Berlin Ostbahnhof - Hengelo, Bielefeld Hbf - Hengelo, Hengelo - Oldenzaal",9,Saturday,2,1,4,3.0,1
58095,unknown,Groningen - Zwolle,9,Saturday,2,1,8,1.0,1
58096,rolling stock,Almelo - Zwolle,10,Saturday,2,1,5,1.0,0
58098,rolling stock,"Amsterdam Centraal - Utrecht Centraal, Schiphol Airport - Utrecht Centraal",11,Saturday,2,1,7,2.0,0
58099,rolling stock,'s-Hertogenbosch - Eindhoven,11,Saturday,2,1,3,1.0,0
58100,rolling stock,Amsterdam Centraal - Lelystad Centrum,11,Saturday,2,1,8,1.0,1
58101,rolling stock,"Breda - Dordrecht, Dordrecht - Roosendaal",12,Saturday,2,1,3,2.0,0
58102,logistical,"Arnhem Centraal - Basel SBB, Arnhem Centraal - Düsseldorf Hbf, Arnhem Centraal - Frankfurt (M) Hbf",12,Saturday,2,1,7,3.0,1
58103,external,Haarlem - Uitgeest,13,Saturday,2,1,6,1.0,0
58104,infrastructure,"Groningen - Bad Nieuweschans, Groningen - Leer (Ostfriesland)",17,Saturday,2,1,2,2.0,1
58105,accidents,'s-Hertogenbosch - Nijmegen,20,Saturday,2,1,3,1.0,1
58106,rolling stock,"Amersfoort - Schiphol Airport, Lelystad Centrum - Schiphol Airport",23,Saturday,2,1,3,2.0,0
58107,rolling stock,Breda - Rotterdam Centraal (HSL),7,Sunday,2,1,2,1.0,0
58108,staff,"Liège-Guillemins - Maastricht, Maastricht - Maastricht Randwyck",7,Sunday,2,1,2,2.0,1
58109,external,"Den Haag Centraal - Utrecht Centraal, Rotterdam Centraal - Utrecht Centraal",8,Sunday,2,1,3,2.0,0
58110,accidents,Leiden Centraal - Schiphol Airport,9,Sunday,2,1,4,1.0,1
58111,accidents,Den Haag Centraal - Leiden Centraal,9,Sunday,2,1,6,1.0,1
58112,rolling stock,Breda - Rotterdam Centraal (HSL),10,Sunday,2,1,2,1.0,0
58114,rolling stock,"Amersfoort - Schiphol Airport, Den Haag Centraal - Den Haag HS, Den Haag Centraal - Leiden Centraal, Den Haag HS - Leiden Centraal, Den Haag HS - Rotterdam Centraal, Leiden Centraal - Schiphol Airport, Lelystad Centrum - Schiphol Airport, Schiphol Airport - Utrecht Centraal",11,Sunday,2,1,18,8.0,0
58115,accidents,'s-Hertogenbosch - Eindhoven,12,Sunday,2,1,3,1.0,1
58116,accidents,'s-Hertogenbosch - Eindhoven,12,Sunday,2,1,6,1.0,1
58117,external,Alphen a/d Rijn - Gouda,13,Sunday,2,1,7,1.0,0
58121,rolling stock,Alkmaar - Amsterdam Centraal,7,Monday,2,0,6,1.0,0
58122,rolling stock,"Amsterdam Centraal - Schiphol Airport, Leiden Centraal - Schiphol Airport",8,Monday,2,0,5,2.0,0
58123,rolling stock,'s-Hertogenbosch - Nijmegen,10,Monday,2,0,4,1.0,0
58125,external,Roosendaal - Vlissingen,12,Monday,2,0,11,1.0,0
58126,rolling stock,Breda - Rotterdam Centraal (HSL),15,Monday,2,0,2,1.0,0
58127,rolling stock,Liège-Guillemins - Maastricht,17,Monday,2,0,3,1.0,0
58128,external,Groningen - Zwolle,18,Monday,2,0,2,1.0,0
58129,rolling stock,Breda - Rotterdam Centraal (HSL),18,Monday,2,0,2,1.0,0
58130,rolling stock,Leiden Centraal - Schiphol Airport,19,Monday,2,0,5,1.0,0
58131,rolling stock,Liège-Guillemins - Maastricht,19,Monday,2,0,3,1.0,1
58133,rolling stock,Breda - Roosendaal,22,Monday,2,0,3,1.0,1
58134,rolling stock,"Groningen - Bad Nieuweschans, Groningen - Leer (Ostfriesland)",0,Tuesday,2,0,8,2.0,0
58135,rolling stock,"Liège-Guillemins - Maastricht, Maastricht - Maastricht Randwyck",6,Tuesday,2,0,2,2.0,1
58136,rolling stock,Arnhem Centraal - Winterswijk,7,Tuesday,2,0,3,1.0,0
58137,infrastructure,Emmen - Zwolle,7,Tuesday,2,0,5,1.0,1
58138,rolling stock,Aachen Hbf - Heerlen,7,Tuesday,2,0,5,1.0,0
58139,rolling stock,"Amersfoort - Amsterdam Centraal, Amersfoort - Schiphol Airport",7,Tuesday,2,0,2,2.0,0
58140,rolling stock,Schiphol Airport - Utrecht Centraal,8,Tuesday,2,0,5,1.0,0
58141,rolling stock,"Arnhem Centraal - Basel SBB, Arnhem Centraal - Düsseldorf Hbf, Arnhem Centraal - Frankfurt (M) Hbf, Arnhem Centraal - Winterswijk",8,Tuesday,2,0,5,4.0,0
58142,rolling stock,Lelystad Centrum - Schiphol Airport,8,Tuesday,2,0,13,1.0,0
58143,accidents,Den Haag HS - Rotterdam Centraal,8,Tuesday,2,0,4,1.0,0
58144,staff,"Bielefeld Hbf - Hengelo, Hengelo - Oldenzaal",9,Tuesday,2,0,8,2.0,1
58145,unknown,"Den Haag Centraal - Utrecht Centraal, Rotterdam Centraal - Utrecht Centraal",10,Tuesday,2,0,3,2.0,1
58146,rolling stock,Antwerpen-Centraal - Roosendaal,12,Tuesday,2,0,2,1.0,0
58147,infrastructure,"Groningen - Bad Nieuweschans, Groningen - Leer (Ostfriesland)",12,Tuesday,2,0,2,2.0,1
58148,rolling stock,Arnhem Centraal - Winterswijk,12,Tuesday,2,0,6,1.0,0
58149,rolling stock,Breda - Rotterdam Centraal (HSL),14,Tuesday,2,0,2,1.0,1
58150,rolling stock,"Den Haag Centraal - Den Haag HS, Den Haag HS - Rotterdam Centraal, Dordrecht - Rotterdam Centraal",14,Tuesday,2,0,15,3.0,1
58151,rolling stock,"Breda - Dordrecht, Dordrecht - Roosendaal",14,Tuesday,2,0,3,2.0,1
58152,rolling stock,"Den Haag Centraal - Utrecht Centraal, Rotterdam Centraal - Utrecht Centraal",15,Tuesday,2,0,3,2.0,0
58153,rolling stock,Lelystad Centrum - Schiphol Airport,15,Tuesday,2,0,13,1.0,1
58154,rolling stock,Almere Oostvaarders - Utrecht Centraal,15,Tuesday,2,0,3,1.0,0
58155,rolling stock,Breda - Rotterdam Centraal (HSL),16,Tuesday,2,0,2,1.0,0
58156,rolling stock,"Amsterdam Centraal - Schiphol Airport, Leiden Centraal - Schiphol Airport, Schiphol Airport - Zaandam",18,Tuesday,2,0,4,3.0,0
58157,rolling stock,Schiphol Airport - Utrecht Centraal,18,Tuesday,2,0,5,1.0,0
58158,rolling stock,"Den Haag Centraal - Den Haag HS, Den Haag Centraal - Leiden Centraal, Den Haag HS - Leiden Centraal, Den Haag HS - Rotterdam Centraal",18,Tuesday,2,0,13,4.0,0
58159,infrastructure,Emmen - Zwolle,20,Tuesday,2,0,2,1.0,1
58160,infrastructure,Breda - Roosendaal,23,Tuesday,2,0,3,1.0,1
58161,infrastructure,Arnhem Centraal - Zutphen,6,Wednesday,2,0,6,1.0,1
58162,external,'s-Hertogenbosch - Eindhoven,7,Wednesday,2,0,3,1.0,0
58163,external,Amersfoort - Apeldoorn,8,Wednesday,2,0,2,1.0,0
58164,rolling stock,Groningen - Leeuwarden,9,Wednesday,2,0,9,1.0,0
58165,rolling stock,Amersfoort - Zwolle,10,Wednesday,2,0,10,1.0,0
58166,rolling stock,"Amersfoort - Schiphol Airport, Den Haag Centraal - Den Haag HS, Den Haag Centraal - Leiden Centraal, Den Haag HS - Leiden Centraal, Den Haag HS - Rotterdam Centraal, Leiden Centraal - Schiphol Airport, Lelystad Centrum - Schiphol Airport, Schiphol Airport - Utrecht Centraal",10,Wednesday,2,0,18,8.0,0
58167,rolling stock,Arnhem Centraal - Nijmegen,10,Wednesday,2,0,3,1.0,0
58168,infrastructure,Leiden Centraal - Utrecht Centraal,10,Wednesday,2,0,2,1.0,1
58169,accidents,Alkmaar - Den Helder,11,Wednesday,2,0,2,1.0,1
58170,rolling stock,Amsterdam Centraal - Lelystad Centrum,11,Wednesday,2,0,8,1.0,1
58171,unknown,Groningen - Zwolle,12,Wednesday,2,0,4,1.0,0
58172,infrastructure,Dordrecht - Rotterdam Centraal,12,Wednesday,2,0,2,1.0,1
58174,accidents,Nijmegen - Venlo,13,Wednesday,2,0,2,1.0,1
58176,logistical,Nijmegen - Venlo,17,Wednesday,2,0,7,1.0,0
58177,rolling stock,'s-Hertogenbosch - Tilburg,17,Wednesday,2,0,2,1.0,1
58178,rolling stock,Breda - Rotterdam Centraal (HSL),18,Wednesday,2,0,2,1.0,0
58179,infrastructure,Emmen - Zwolle,21,Wednesday,2,0,2,1.0,1
58180,rolling stock,"Amersfoort - Schiphol Airport, Den Haag Centraal - Den Haag HS, Den Haag Centraal - Leiden Centraal, Den Haag HS - Leiden Centraal, Den Haag HS - Rotterdam Centraal, Leiden Centraal - Schiphol Airport, Lelystad Centrum - Schiphol Airport, Schiphol Airport - Utrecht Centraal",22,Wednesday,2,0,18,8.0,0
58183,logistical,Hamm (Westf.) - Venlo,7,Thursday,2,0,2,1.0,1
58185,external,Alphen a/d Rijn - Gouda,9,Thursday,2,0,2,1.0,1
58187,rolling stock,Aachen Hbf - Heerlen,10,Thursday,2,0,4,1.0,0
58188,infrastructure,'s-Hertogenbosch - Nijmegen,10,Thursday,2,0,10,1.0,1
58189,rolling stock,"Arnhem Centraal - Basel SBB, Arnhem Centraal - Düsseldorf Hbf, Arnhem Centraal - Frankfurt (M) Hbf",12,Thursday,2,0,3,3.0,0
58191,infrastructure,'s-Hertogenbosch - Utrecht Centraal,12,Thursday,2,0,3,1.0,0
58193,accidents,"'s-Hertogenbosch - Eindhoven, Eindhoven - Tilburg",16,Thursday,2,0,4,2.0,0
58194,infrastructure,"Den Haag Centraal - Utrecht Centraal, Rotterdam Centraal - Utrecht Centraal",18,Thursday,2,0,2,2.0,1
58195,infrastructure,Amsterdam Centraal - Woerden,18,Thursday,2,0,2,1.0,1
58196,rolling stock,Eindhoven - Venlo,19,Thursday,2,0,2,1.0,0
58197,rolling stock,Lelystad Centrum - Schiphol Airport,19,Thursday,2,0,13,1.0,0
58199,rolling stock,Leiden Centraal - Schiphol Airport,19,Thursday,2,0,5,1.0,0
58200,rolling stock,Rotterdam Centraal - Schiphol Airport (HSL),19,Thursday,2,0,2,1.0,0
58201,rolling stock,"Arnhem Centraal - Basel SBB, Arnhem Centraal - Düsseldorf Hbf, Arnhem Centraal - Frankfurt (M) Hbf, Arnhem Centraal - Winterswijk",21,Thursday,2,0,5,4.0,0
58202,external,Dordrecht - Geldermalsen,21,Thursday,2,0,5,1.0,0
58203,rolling stock,Breda - Tilburg,21,Thursday,2,0,5,1.0,0
58204,rolling stock,"Amersfoort - Apeldoorn, Apeldoorn - Deventer",4,Friday,2,0,5,2.0,1
58205,staff,Heerlen - Maastricht,5,Friday,2,0,10,1.0,1
58208,infrastructure,Leiden Centraal - Utrecht Centraal,6,Friday,2,0,3,1.0,1
58209,rolling stock,Den Haag Centraal - Leiden Centraal,6,Friday,2,0,6,1.0,0
58210,infrastructure,Arnhem Centraal - Nijmegen,6,Friday,2,0,5,1.0,1
58211,rolling stock,Haarlem - Leiden Centraal,6,Friday,2,0,4,1.0,0
58213,infrastructure,Breda - Rotterdam Centraal (HSL),6,Friday,2,0,2,1.0,0
58214,infrastructure,Dordrecht - Rotterdam Centraal,7,Friday,2,0,8,1.0,1
58215,infrastructure,Schiphol Airport - Utrecht Centraal,7,Friday,2,0,5,1.0,1
58216,infrastructure,"Amsterdam Centraal - Utrecht Centraal, Schiphol Airport - Utrecht Centraal",7,Friday,2,0,4,2.0,1
58217,infrastructure,Leiden Centraal - Schiphol Airport,7,Friday,2,0,5,1.0,1
58218,infrastructure,Den Haag Centraal - Leiden Centraal,7,Friday,2,0,6,1.0,0
58219,infrastructure,Leiden Centraal - Utrecht Centraal,8,Friday,2,0,3,1.0,1
58220,infrastructure,Breda - Rotterdam Centraal (HSL),8,Friday,2,0,2,1.0,0
58222,rolling stock,"Den Haag Centraal - Utrecht Centraal, Leiden Centraal - Utrecht Centraal, Rotterdam Centraal - Utrecht Centraal",9,Friday,2,0,5,3.0,1
58223,rolling stock,Schiphol Airport - Utrecht Centraal,9,Friday,2,0,5,1.0,0
58224,rolling stock,Breda - Rotterdam Centraal (HSL),9,Friday,2,0,2,1.0,0
58225,rolling stock,"Den Haag Centraal - Den Haag HS, Den Haag HS - Rotterdam Centraal, Dordrecht - Rotterdam Centraal",10,Friday,2,0,15,3.0,0
58226,rolling stock,"Breda - Dordrecht, Dordrecht - Roosendaal",10,Friday,2,0,3,2.0,0
58227,rolling stock,Rotterdam Centraal - Schiphol Airport (HSL),10,Friday,2,0,2,1.0,0
58229,infrastructure,Dordrecht - Geldermalsen,11,Friday,2,0,3,1.0,1
58230,infrastructure,Heerlen - Kerkrade Centrum,12,Friday,2,0,4,1.0,1
58233,rolling stock,Eindhoven - Tilburg,14,Friday,2,0,2,1.0,0
58234,rolling stock,Alphen a/d Rijn - Gouda,15,Friday,2,0,7,1.0,0
58235,rolling stock,Breda - Tilburg,15,Friday,2,0,2,1.0,0
58236,rolling stock,"Amersfoort - Schiphol Airport, Den Haag Centraal - Den Haag HS, Den Haag Centraal - Leiden Centraal, Den Haag HS - Leiden Centraal, Den Haag HS - Rotterdam Centraal, Leiden Centraal - Schiphol Airport, Lelystad Centrum - Schiphol Airport, Schiphol Airport - Utrecht Centraal",18,Friday,2,0,18,8.0,0
58237,rolling stock,"Den Haag Centraal - Den Haag HS, Den Haag HS - Rotterdam Centraal, Dordrecht - Rotterdam Centraal",18,Friday,2,0,15,3.0,0
58238,rolling stock,Lelystad Centrum - Zwolle,19,Friday,2,0,4,1.0,0
58239,external,Groningen - Zwolle,21,Friday,2,0,3,1.0,0
58240,accidents,Antwerpen-Centraal - Roosendaal,6,Saturday,2,1,2,1.0,1
58241,infrastructure,Dordrecht - Rotterdam Centraal,7,Saturday,2,1,5,1.0,1
58242,infrastructure,Breda - Rotterdam Centraal (HSL),7,Saturday,2,1,2,1.0,0
58243,rolling stock,Rotterdam Centraal - Schiphol Airport (HSL),7,Saturday,2,1,2,1.0,0
58245,infrastructure,Deventer - Zwolle,13,Saturday,2,1,2,1.0,1
58246,infrastructure,Roermond - Venlo,15,Saturday,2,1,2,1.0,0
58247,infrastructure,Deventer - Zwolle,15,Saturday,2,1,2,1.0,1
58248,infrastructure,Hamm (Westf.) - Venlo,15,Saturday,2,1,2,1.0,1
58249,rolling stock,"Eindhoven - Venlo, Nijmegen - Venlo",16,Saturday,2,1,2,2.0,1
58251,rolling stock,Breda - Tilburg,19,Saturday,2,1,2,1.0,0
58252,accidents,'s-Hertogenbosch - Tilburg,19,Saturday,2,1,2,1.0,1
58253,accidents,Enkhuizen - Hoorn,23,Saturday,2,1,2,1.0,1
58254,rolling stock,Heerlen - Maastricht,5,Sunday,2,1,10,1.0,1
58255,infrastructure,Hamm (Westf.) - Venlo,5,Sunday,2,1,2,1.0,1
58256,infrastructure,Rotterdam Centraal - Schiphol Airport (HSL),6,Sunday,2,1,2,1.0,1
58257,rolling stock,Breda - Roosendaal,7,Sunday,2,1,3,1.0,0
58259,infrastructure,Deventer - Zutphen,8,Sunday,2,1,2,1.0,1
58261,rolling stock,Rotterdam Centraal - Schiphol Airport (HSL),11,Sunday,2,1,2,1.0,0
58262,infrastructure,Almelo - Deventer,12,Sunday,2,1,3,1.0,1
58263,infrastructure,Almelo - Mariënberg,12,Sunday,2,1,4,1.0,1
58264,rolling stock,"Amsterdam Centraal - Lelystad Centrum, Lelystad Centrum - Schiphol Airport",15,Sunday,2,1,4,2.0,0
58265,logistical,"Arnhem Centraal - Basel SBB, Arnhem Centraal - Düsseldorf Hbf, Arnhem Centraal - Frankfurt (M) Hbf",16,Sunday,2,1,3,3.0,0
58266,rolling stock,"Amsterdam Centraal - Schiphol Airport, Leiden Centraal - Schiphol Airport",17,Sunday,2,1,5,2.0,0
58267,external,'s-Hertogenbosch - Nijmegen,18,Sunday,2,1,6,1.0,0
58268,external,Amsterdam Centraal - Lelystad Centrum,19,Sunday,2,1,10,1.0,0
58271,infrastructure,Leiden Centraal - Utrecht Centraal,22,Sunday,2,1,2,1.0,1
58273,infrastructure,Amsterdam Centraal - Lelystad Centrum,6,Monday,2,0,11,1.0,1
58274,rolling stock,Emmen - Zwolle,6,Monday,2,0,2,1.0,0
58277,infrastructure,Dordrecht - Rotterdam Centraal,7,Monday,2,0,8,1.0,1
58278,infrastructure,Amersfoort - Utrecht Centraal,9,Monday,2,0,5,1.0,1
58279,unknown,Heerlen - Sittard,10,Monday,2,0,7,1.0,0
58280,unknown,Maastricht - Sittard,10,Monday,2,0,5,1.0,0
58281,accidents,"Berlin Ostbahnhof - Hengelo, Bielefeld Hbf - Hengelo, Hengelo - Oldenzaal",10,Monday,2,0,3,3.0,1
58282,rolling stock,"Almere Oostvaarders - Utrecht Centraal, Amsterdam Centraal - Lelystad Centrum, Lelystad Centrum - Schiphol Airport",11,Monday,2,0,5,3.0,0
58283,infrastructure,Aachen Hbf - Heerlen,11,Monday,2,0,4,1.0,1
58284,infrastructure,Almelo - Mariënberg,12,Monday,2,0,4,1.0,1
58285,rolling stock,"Berlin Ostbahnhof - Hengelo, Bielefeld Hbf - Hengelo, Hengelo - Oldenzaal",14,Monday,2,0,4,3.0,1
58286,rolling stock,"Amersfoort - Schiphol Airport, Den Haag Centraal - Den Haag HS, Den Haag Centraal - Leiden Centraal, Den Haag HS - Leiden Centraal, Den Haag HS - Rotterdam Centraal, Leiden Centraal - Schiphol Airport, Lelystad Centrum - Schiphol Airport, Schiphol Airport - Utrecht Centraal",16,Monday,2,0,18,8.0,1
58287,rolling stock,Lelystad Centrum - Schiphol Airport,16,Monday,2,0,6,1.0,1
58288,staff,Hamm (Westf.) - Venlo,18,Monday,2,0,2,1.0,1
58289,accidents,Amersfoort - Utrecht Centraal,18,Monday,2,0,2,1.0,1
58290,accidents,Amersfoort - Zwolle,18,Monday,2,0,2,1.0,1
58291,infrastructure,"Amersfoort - Amsterdam Centraal, Amsterdam Centraal - Lelystad Centrum",18,Monday,2,0,5,2.0,0
58292,logistical,"Berlin Ostbahnhof - Hengelo, Bielefeld Hbf - Hengelo, Hengelo - Oldenzaal",20,Monday,2,0,5,3.0,1
58293,rolling stock,Dordrecht - Geldermalsen,21,Monday,2,0,8,1.0,0
58294,staff,Aachen Hbf - Heerlen,4,Tuesday,2,0,6,1.0,1
58295,infrastructure,Alkmaar - Amsterdam Centraal,5,Tuesday,2,0,3,1.0,0
58296,infrastructure,Alkmaar - Amsterdam Centraal,5,Tuesday,2,0,3,1.0,1
58297,rolling stock,Nijmegen - Venlo,6,Tuesday,2,0,5,1.0,0
58298,infrastructure,Leiden Centraal - Utrecht Centraal,6,Tuesday,2,0,5,1.0,1
58301,infrastructure,Roermond - Venlo,6,Tuesday,2,0,2,1.0,1
58302,infrastructure,Arnhem Centraal - Utrecht Centraal,6,Tuesday,2,0,10,1.0,1
58304,infrastructure,"Amsterdam Centraal - Utrecht Centraal, Amsterdam Centraal - Woerden",6,Tuesday,2,0,8,2.0,0
58305,infrastructure,Maastricht - Sittard,7,Tuesday,2,0,5,1.0,1
58306,external,Breda - Rotterdam Centraal (HSL),7,Tuesday,2,0,2,1.0,0
58307,external,Rotterdam Centraal - Schiphol Airport (HSL),7,Tuesday,2,0,2,1.0,0
58308,external,Lelystad Centrum - Schiphol Airport,7,Tuesday,2,0,13,1.0,0
58309,external,"Den Haag Centraal - Den Haag HS, Den Haag HS - Rotterdam Centraal, Dordrecht - Rotterdam Centraal",7,Tuesday,2,0,15,3.0,0
58310,external,"Breda - Dordrecht, Dordrecht - Roosendaal",7,Tuesday,2,0,3,2.0,0
58311,rolling stock,Nijmegen - Venlo,7,Tuesday,2,0,5,1.0,0
58312,infrastructure,Amersfoort - Zwolle,7,Tuesday,2,0,11,1.0,1
58313,infrastructure,Roermond - Venlo,8,Tuesday,2,0,2,1.0,1
58315,infrastructure,'s-Hertogenbosch - Tilburg,9,Tuesday,2,0,2,1.0,1
58316,infrastructure,Arnhem Centraal - Nijmegen,10,Tuesday,2,0,5,1.0,0
58317,infrastructure,"Arnhem Centraal - Nijmegen, Arnhem Centraal - Tiel",10,Tuesday,2,0,3,2.0,0
58318,infrastructure,'s-Hertogenbosch - Nijmegen,10,Tuesday,2,0,4,1.0,0
58319,rolling stock,Nijmegen - Venlo,11,Tuesday,2,0,7,1.0,1
58321,infrastructure,Arnhem Centraal - Winterswijk,14,Tuesday,2,0,4,1.0,1
58322,infrastructure,Amsterdam Centraal - Schiphol Airport,14,Tuesday,2,0,4,1.0,0
58323,unknown,Rhenen - Utrecht Centraal,15,Tuesday,2,0,4,1.0,0
58324,unknown,Arnhem Centraal - Utrecht Centraal,15,Tuesday,2,0,10,1.0,0
58326,infrastructure,Haarlem - Leiden Centraal,17,Tuesday,2,0,5,1.0,0
58327,unknown,"Groningen - Zwolle, Leeuwarden - Zwolle",18,Tuesday,2,0,2,2.0,0
58328,infrastructure,Groningen - Leeuwarden,19,Tuesday,2,0,9,1.0,1
58329,rolling stock,Haarlem - Uitgeest,19,Tuesday,2,0,6,1.0,1
58330,rolling stock,Antwerpen-Centraal - Roosendaal,20,Tuesday,2,0,2,1.0,1
58331,external,"Amersfoort - Amsterdam Centraal, Amsterdam Centraal - Lelystad Centrum",20,Tuesday,2,0,5,2.0,0
58332,rolling stock,Heerlen - Sittard,20,Tuesday,2,0,7,1.0,0
58333,infrastructure,"Arnhem Centraal - Basel SBB, Arnhem Centraal - Düsseldorf Hbf, Arnhem Centraal - Frankfurt (M) Hbf",22,Tuesday,2,0,7,3.0,1
58335,rolling stock,Groningen - Zwolle,22,Tuesday,2,0,4,1.0,0
58336,staff,Aachen Hbf - Heerlen,1,Wednesday,2,0,6,1.0,1
58337,infrastructure,"Arnhem Centraal - Utrecht Centraal, Rhenen - Utrecht Centraal",6,Wednesday,2,0,4,2.0,1
58338,infrastructure,"Amsterdam Centraal - Utrecht Centraal, Schiphol Airport - Utrecht Centraal",6,Wednesday,2,0,7,2.0,1
58339,rolling stock,Dordrecht - Geldermalsen,7,Wednesday,2,0,8,1.0,0
58340,infrastructure,Arnhem Centraal - Utrecht Centraal,9,Wednesday,2,0,2,1.0,1
58341,rolling stock,"Eindhoven - Roermond, Roermond - Sittard",11,Wednesday,2,0,9,2.0,0
58342,rolling stock,"Amersfoort - Schiphol Airport, Den Haag Centraal - Den Haag HS, Den Haag Centraal - Leiden Centraal, Den Haag HS - Leiden Centraal, Den Haag HS - Rotterdam Centraal, Leiden Centraal - Schiphol Airport, Lelystad Centrum - Schiphol Airport, Schiphol Airport - Utrecht Centraal",11,Wednesday,2,0,18,8.0,0
58344,rolling stock,"Den Haag Centraal - Den Haag HS, Den Haag HS - Rotterdam Centraal, Dordrecht - Rotterdam Centraal",11,Wednesday,2,0,15,3.0,0
58345,infrastructure,"Amsterdam Centraal - Utrecht Centraal, Schiphol Airport - Utrecht Centraal",11,Wednesday,2,0,7,2.0,1
58346,infrastructure,Heerlen - Sittard,12,Wednesday,2,0,7,1.0,1
58347,infrastructure,"Arnhem Centraal - Utrecht Centraal, Rhenen - Utrecht Centraal",13,Wednesday,2,0,4,2.0,1
58348,rolling stock,"Amersfoort - Schiphol Airport, Leiden Centraal - Schiphol Airport, Lelystad Centrum - Schiphol Airport, Schiphol Airport - Utrecht Centraal",14,Wednesday,2,0,6,4.0,0
58349,rolling stock,Haarlem - Leiden Centraal,14,Wednesday,2,0,5,1.0,0
58350,accidents,Haarlem - Leiden Centraal,16,Wednesday,2,0,4,1.0,1
58351,rolling stock,Breda - Rotterdam Centraal (HSL),16,Wednesday,2,0,2,1.0,0
58352,infrastructure,Dordrecht - Roosendaal,18,Wednesday,2,0,4,1.0,1
58354,infrastructure,Amersfoort - Zwolle,18,Wednesday,2,0,10,1.0,0
58355,accidents,Apeldoorn - Deventer,19,Wednesday,2,0,4,1.0,1
58356,rolling stock,Eindhoven - Venlo,20,Wednesday,2,0,6,1.0,1
58357,rolling stock,"'s-Hertogenbosch - Utrecht Centraal, Arnhem Centraal - Utrecht Centraal, Rhenen - Utrecht Centraal, Tiel - Utrecht Centraal",20,Wednesday,2,0,2,4.0,0
58358,rolling stock,Rotterdam Centraal - Schiphol Airport (HSL),20,Wednesday,2,0,2,1.0,0
58359,rolling stock,Eindhoven - Venlo,23,Wednesday,2,0,6,1.0,0
58360,external,Baarn - Utrecht Centraal,0,Thursday,2,0,3,1.0,0
58361,engineering work,Eindhoven - Venlo,5,Thursday,2,0,2,1.0,1
58362,infrastructure,Den Haag HS - Rotterdam Centraal,5,Thursday,2,0,4,1.0,1
58363,rolling stock,Eindhoven - Venlo,7,Thursday,2,0,6,1.0,0
58364,engineering work,Haarlem - Leiden Centraal,8,Thursday,2,0,5,1.0,0
58367,rolling stock,Amersfoort - Ede-Wageningen,9,Thursday,2,0,4,1.0,0
58369,infrastructure,Amersfoort - Zwolle,10,Thursday,2,0,3,1.0,1
58370,accidents,Amsterdam Centraal - Haarlem,10,Thursday,2,0,5,1.0,0
58371,rolling stock,Eindhoven - Venlo,10,Thursday,2,0,6,1.0,1
58372,rolling stock,"Almere Oostvaarders - Utrecht Centraal, Amsterdam Centraal - Lelystad Centrum, Lelystad Centrum - Schiphol Airport",11,Thursday,2,0,5,3.0,0
58373,rolling stock,Arnhem Centraal - Nijmegen,11,Thursday,2,0,5,1.0,0
58374,rolling stock,Roermond - Sittard,12,Thursday,2,0,4,1.0,1
58376,rolling stock,Breda - Rotterdam Centraal (HSL),12,Thursday,2,0,2,1.0,0
58377,rolling stock,Lelystad Centrum - Schiphol Airport,12,Thursday,2,0,13,1.0,0
58378,rolling stock,Rotterdam Centraal - Schiphol Airport (HSL),12,Thursday,2,0,2,1.0,0
58379,rolling stock,"Breda - Dordrecht, Dordrecht - Roosendaal",12,Thursday,2,0,3,2.0,1
58380,external,Haarlem - Leiden Centraal,12,Thursday,2,0,5,1.0,1
58381,external,"Den Haag Centraal - Den Haag HS, Den Haag HS - Rotterdam Centraal",12,Thursday,2,0,8,2.0,1
58382,external,Leiden Centraal - Schiphol Airport,12,Thursday,2,0,4,1.0,1
58383,unknown,"Den Haag Centraal - Utrecht Centraal, Rotterdam Centraal - Utrecht Centraal",13,Thursday,2,0,7,2.0,0
58384,rolling stock,"Bielefeld Hbf - Hengelo, Hengelo - Oldenzaal",14,Thursday,2,0,8,2.0,1
58385,infrastructure,Arnhem Centraal - Tiel,14,Thursday,2,0,8,1.0,1
58387,rolling stock,Rhenen - Utrecht Centraal,15,Thursday,2,0,2,1.0,0
58388,rolling stock,Den Haag Centraal - Den Haag HS,16,Thursday,2,0,2,1.0,1
58389,rolling stock,Leiden Centraal - Schiphol Airport,17,Thursday,2,0,2,1.0,0
58390,rolling stock,"Amersfoort - Schiphol Airport, Lelystad Centrum - Schiphol Airport",21,Thursday,2,0,3,2.0,0
58391,rolling stock,Lelystad Centrum - Schiphol Airport,21,Thursday,2,0,6,1.0,1
58392,external,Roosendaal - Vlissingen,21,Thursday,2,0,4,1.0,0
58393,logistical,"Bielefeld Hbf - Hengelo, Hengelo - Oldenzaal",6,Friday,2,0,8,2.0,1
58394,rolling stock,Rotterdam Centraal - Schiphol Airport (HSL),6,Friday,2,0,2,1.0,0
58395,rolling stock,"'s-Hertogenbosch - Eindhoven, Eindhoven - Tilburg",6,Friday,2,0,4,2.0,0
58396,infrastructure,Deventer - Zwolle,6,Friday,2,0,2,1.0,1
58397,rolling stock,"Amersfoort - Schiphol Airport, Den Haag Centraal - Den Haag HS, Den Haag Centraal - Leiden Centraal, Den Haag HS - Leiden Centraal, Den Haag HS - Rotterdam Centraal, Leiden Centraal - Schiphol Airport, Lelystad Centrum - Schiphol Airport, Schiphol Airport - Utrecht Centraal",7,Friday,2,0,18,8.0,0
58399,infrastructure,"Breda - Tilburg, Eindhoven - Tilburg",7,Friday,2,0,4,2.0,1
58400,unknown,Roosendaal - Vlissingen,7,Friday,2,0,4,1.0,1
58402,infrastructure,Breda - Tilburg,8,Friday,2,0,5,1.0,1
58403,rolling stock,"Amersfoort - Schiphol Airport, Den Haag Centraal - Den Haag HS, Den Haag Centraal - Leiden Centraal, Den Haag HS - Leiden Centraal, Den Haag HS - Rotterdam Centraal, Leiden Centraal - Schiphol Airport, Lelystad Centrum - Schiphol Airport, Schiphol Airport - Utrecht Centraal",10,Friday,2,0,18,8.0,0
58404,rolling stock,"Den Haag Centraal - Den Haag HS, Den Haag HS - Rotterdam Centraal, Dordrecht - Rotterdam Centraal",10,Friday,2,0,15,3.0,0
58405,rolling stock,Eindhoven - Venlo,11,Friday,2,0,6,1.0,1
58406,unknown,"Amersfoort - Utrecht Centraal, Baarn - Utrecht Centraal",11,Friday,2,0,3,2.0,0
58407,rolling stock,"Liège-Guillemins - Maastricht, Maastricht - Maastricht Randwyck",12,Friday,2,0,2,2.0,0
58408,rolling stock,"'s-Hertogenbosch - Utrecht Centraal, Tiel - Utrecht Centraal",14,Friday,2,0,4,2.0,0
58409,external,Leiden Centraal - Schiphol Airport,14,Friday,2,0,4,1.0,1
58410,rolling stock,"Den Haag Centraal - Utrecht Centraal, Leiden Centraal - Utrecht Centraal, Rotterdam Centraal - Utrecht Centraal",14,Friday,2,0,5,3.0,0
58412,external,Almere Oostvaarders - Utrecht Centraal,15,Friday,2,0,8,1.0,0
58415,rolling stock,Amsterdam Centraal - Lelystad Centrum,15,Friday,2,0,10,1.0,1
58416,rolling stock,Roermond - Venlo,15,Friday,2,0,2,1.0,0
58418,rolling stock,Roermond - Venlo,19,Friday,2,0,2,1.0,0
58419,external,Apeldoorn - Deventer,19,Friday,2,0,4,1.0,0
58420,infrastructure,'s-Hertogenbosch - Eindhoven,21,Friday,2,0,6,1.0,1
58421,accidents,Eindhoven - Venlo,21,Friday,2,0,4,1.0,1
58423,unknown,Groningen - Zwolle,7,Saturday,2,1,3,1.0,1
58424,infrastructure,Groningen - Leeuwarden,7,Saturday,2,1,9,1.0,1
58425,external,"Den Haag Centraal - Den Haag HS, Den Haag Centraal - Leiden Centraal, Den Haag HS - Leiden Centraal",9,Saturday,2,1,7,3.0,0
58427,unknown,Amsterdam Centraal - Haarlem,12,Saturday,2,1,5,1.0,0
58428,rolling stock,Breda - Rotterdam Centraal (HSL),12,Saturday,2,1,2,1.0,1
58429,rolling stock,"Breda - Dordrecht, Dordrecht - Roosendaal",12,Saturday,2,1,3,2.0,0
58431,rolling stock,Haarlem - Leiden Centraal,14,Saturday,2,1,5,1.0,0
58432,rolling stock,Breda - Rotterdam Centraal (HSL),14,Saturday,2,1,2,1.0,0
58433,rolling stock,Arnhem Centraal - Utrecht Centraal,16,Saturday,2,1,4,1.0,1
58434,rolling stock,"Den Haag Centraal - Den Haag HS, Den Haag Centraal - Leiden Centraal, Den Haag HS - Leiden Centraal",16,Saturday,2,1,3,3.0,0
58435,staff,Heerlen - Sittard,21,Saturday,2,1,7,1.0,1
58436,rolling stock,"Amersfoort - Schiphol Airport, Den Haag Centraal - Den Haag HS, Den Haag Centraal - Leiden Centraal, Den Haag HS - Leiden Centraal, Den Haag HS - Rotterdam Centraal, Leiden Centraal - Schiphol Airport, Lelystad Centrum - Schiphol Airport, Schiphol Airport - Utrecht Centraal",10,Sunday,2,1,18,8.0,1
58437,unknown,Groningen - Zwolle,14,Sunday,2,1,2,1.0,0
58438,rolling stock,"Amersfoort - Schiphol Airport, Den Haag Centraal - Den Haag HS, Den Haag Centraal - Leiden Centraal, Den Haag HS - Leiden Centraal, Den Haag HS - Rotterdam Centraal, Leiden Centraal - Schiphol Airport, Lelystad Centrum - Schiphol Airport, Schiphol Airport - Utrecht Centraal",14,Sunday,2,1,18,8.0,0
58439,infrastructure,Groningen - Zwolle,15,Sunday,2,1,4,1.0,1
58440,rolling stock,Roermond - Venlo,17,Sunday,2,1,2,1.0,1
58441,infrastructure,Rotterdam Centraal - Schiphol Airport (HSL),18,Sunday,2,1,2,1.0,1
58442,infrastructure,"Amsterdam Centraal - Utrecht Centraal, Schiphol Airport - Utrecht Centraal",18,Sunday,2,1,3,2.0,1
58443,infrastructure,Breda - Rotterdam Centraal (HSL),18,Sunday,2,1,2,1.0,0
58444,rolling stock,Alphen a/d Rijn - Gouda,22,Sunday,2,1,6,1.0,0
58445,external,Leeuwarden - Zwolle,0,Monday,2,0,8,1.0,0
58446,rolling stock,"Berlin Ostbahnhof - Hengelo, Bielefeld Hbf - Hengelo, Hengelo - Oldenzaal",6,Monday,2,0,4,3.0,1
58447,rolling stock,Arnhem Centraal - Zutphen,10,Monday,2,0,6,1.0,0
58448,rolling stock,Breda - Rotterdam Centraal (HSL),11,Monday,2,0,2,1.0,0
58449,unknown,Breda - Tilburg,12,Monday,2,0,5,1.0,0
58450,infrastructure,Winterswijk - Zutphen,13,Monday,2,0,3,1.0,1
58451,infrastructure,Breda - Tilburg,14,Monday,2,0,4,1.0,1
58455,rolling stock,"Bielefeld Hbf - Hengelo, Hengelo - Oldenzaal",16,Monday,2,0,8,2.0,1
58456,rolling stock,"Den Haag Centraal - Utrecht Centraal, Rotterdam Centraal - Utrecht Centraal",19,Monday,2,0,7,2.0,0
58457,external,"Den Haag Centraal - Leiden Centraal, Den Haag HS - Leiden Centraal",20,Monday,2,0,5,2.0,0
58458,infrastructure,Harlingen Haven - Leeuwarden,23,Monday,2,0,4,1.0,0
58459,infrastructure,Amsterdam Centraal - Lelystad Centrum,5,Tuesday,2,0,7,1.0,0
58460,rolling stock,Roosendaal - Vlissingen,7,Tuesday,2,0,11,1.0,1
58461,rolling stock,Eindhoven - Venlo,8,Tuesday,2,0,2,1.0,0
58463,unknown,Eindhoven - Venlo,10,Tuesday,2,0,4,1.0,0
58464,infrastructure,Amsterdam Centraal - Lelystad Centrum,10,Tuesday,2,0,8,1.0,1
58465,rolling stock,Breda - Rotterdam Centraal (HSL),12,Tuesday,2,0,2,1.0,0
58468,external,Maastricht - Sittard,15,Tuesday,2,0,5,1.0,0
58470,infrastructure,'s-Hertogenbosch - Eindhoven,16,Tuesday,2,0,2,1.0,0
58471,rolling stock,'s-Hertogenbosch - Tilburg,17,Tuesday,2,0,2,1.0,1
58472,external,Groningen - Zwolle,18,Tuesday,2,0,3,1.0,0
58473,rolling stock,Eindhoven - Tilburg,21,Tuesday,2,0,3,1.0,0
58474,external,Arnhem Centraal - Tiel,22,Tuesday,2,0,6,1.0,0
58475,rolling stock,"Breda - Dordrecht, Dordrecht - Roosendaal",22,Tuesday,2,0,3,2.0,0
58476,external,Groningen - Leeuwarden,22,Tuesday,2,0,6,1.0,1
58477,rolling stock,Arnhem Centraal - Zutphen,0,Wednesday,2,0,8,1.0,0
58479,unknown,"'s-Hertogenbosch - Eindhoven, Eindhoven - Tilburg",8,Wednesday,2,0,4,2.0,1
58480,rolling stock,"Almere Oostvaarders - Utrecht Centraal, Amsterdam Centraal - Lelystad Centrum, Lelystad Centrum - Schiphol Airport",11,Wednesday,2,0,4,3.0,0
58481,infrastructure,Arnhem Centraal - Nijmegen,11,Wednesday,2,0,5,1.0,1
58482,infrastructure,'s-Hertogenbosch - Nijmegen,11,Wednesday,2,0,4,1.0,0
58483,external,Dordrecht - Roosendaal,12,Wednesday,2,0,2,1.0,0
58484,external,"Almere Oostvaarders - Utrecht Centraal, Amsterdam Centraal - Lelystad Centrum, Lelystad Centrum - Schiphol Airport",14,Wednesday,2,0,5,3.0,0
58485,unknown,Leiden Centraal - Utrecht Centraal,16,Wednesday,2,0,2,1.0,0
58486,infrastructure,"Arnhem Centraal - Utrecht Centraal, Rhenen - Utrecht Centraal",17,Wednesday,2,0,4,2.0,1
58487,infrastructure,"Amsterdam Centraal - Utrecht Centraal, Schiphol Airport - Utrecht Centraal",17,Wednesday,2,0,3,2.0,1
58489,unknown,Lelystad Centrum - Zwolle,18,Wednesday,2,0,3,1.0,1
58491,rolling stock,Amersfoort - Zwolle,19,Wednesday,2,0,2,1.0,1
58492,external,Roosendaal - Vlissingen,19,Wednesday,2,0,11,1.0,0
58493,rolling stock,"Amersfoort - Schiphol Airport, Lelystad Centrum - Schiphol Airport, Schiphol Airport - Utrecht Centraal",20,Wednesday,2,0,2,3.0,0
58494,accidents,Den Haag Centraal - Utrecht Centraal,22,Wednesday,2,0,3,1.0,1
58495,engineering work,Dordrecht - Rotterdam Centraal,4,Thursday,2,0,8,1.0,1
58496,infrastructure,Emmen - Zwolle,6,Thursday,2,0,2,1.0,1
58497,rolling stock,Apeldoorn - Deventer,7,Thursday,2,0,4,1.0,1
58498,rolling stock,"Amersfoort - Schiphol Airport, Den Haag Centraal - Den Haag HS, Den Haag Centraal - Leiden Centraal, Den Haag HS - Leiden Centraal, Den Haag HS - Rotterdam Centraal, Leiden Centraal - Schiphol Airport, Lelystad Centrum - Schiphol Airport, Schiphol Airport - Utrecht Centraal",8,Thursday,2,0,18,8.0,0
58499,rolling stock,Eindhoven - Venlo,9,Thursday,2,0,3,1.0,1
58500,rolling stock,"'s-Hertogenbosch - Eindhoven, Eindhoven - Tilburg",9,Thursday,2,0,4,2.0,0
58501,rolling stock,Amsterdam Centraal - Haarlem,9,Thursday,2,0,5,1.0,0
58502,engineering work,Enschede - Hengelo,10,Thursday,2,0,3,1.0,0
58503,rolling stock,Leeuwarden - Zwolle,11,Thursday,2,0,3,1.0,0
58504,rolling stock,Breda - Rotterdam Centraal (HSL),11,Thursday,2,0,2,1.0,0
58505,unknown,"'s-Hertogenbosch - Utrecht Centraal, Tiel - Utrecht Centraal",12,Thursday,2,0,3,2.0,1
58506,rolling stock,Leiden Centraal - Schiphol Airport,12,Thursday,2,0,4,1.0,0
58507,infrastructure,Leiden Centraal - Utrecht Centraal,14,Thursday,2,0,5,1.0,1
58509,external,"Almere Oostvaarders - Utrecht Centraal, Amsterdam Centraal - Lelystad Centrum, Lelystad Centrum - Schiphol Airport",17,Thursday,2,0,4,3.0,0
58510,external,Amsterdam Centraal - Haarlem,18,Thursday,2,0,5,1.0,0
58512,external,Groningen - Zwolle,20,Thursday,2,0,3,1.0,1
58513,rolling stock,Amsterdam Centraal - Lelystad Centrum,20,Thursday,2,0,8,1.0,0
58514,engineering work,Leiden Centraal - Schiphol Airport,1,Friday,2,0,5,1.0,1
58515,staff,Aachen Hbf - Heerlen,6,Friday,2,0,6,1.0,1
58517,rolling stock,Antwerpen-Centraal - Roosendaal,7,Friday,2,0,12,1.0,0
58518,rolling stock,Rotterdam Centraal - Utrecht Centraal,8,Friday,2,0,6,1.0,1
58519,staff,Antwerpen-Centraal - Roosendaal,8,Friday,2,0,2,1.0,1
58520,infrastructure,Emmen - Zwolle,9,Friday,2,0,2,1.0,1
58521,rolling stock,Eindhoven - Roermond,11,Friday,2,0,2,1.0,0
58522,infrastructure,Emmen - Zwolle,11,Friday,2,0,2,1.0,1
58523,accidents,Nijmegen - Venlo,12,Friday,2,0,2,1.0,1
58524,rolling stock,'s-Hertogenbosch - Nijmegen,14,Friday,2,0,3,1.0,1
58526,rolling stock,Den Haag HS - Rotterdam Centraal,14,Friday,2,0,4,1.0,0
58527,external,"Den Haag Centraal - Den Haag HS, Den Haag HS - Rotterdam Centraal",15,Friday,2,0,8,2.0,1
58528,rolling stock,Baarn - Utrecht Centraal,18,Friday,2,0,3,1.0,0
58529,accidents,Haarlem - Uitgeest,22,Friday,2,0,4,1.0,1
58530,staff,"Aachen Hbf - Heerlen, Heerlen - Maastricht",8,Saturday,3,1,15,2.0,0
58531,rolling stock,Roosendaal - Vlissingen,8,Saturday,3,1,2,1.0,0
58532,rolling stock,Dordrecht - Roosendaal,10,Saturday,3,1,4,1.0,0
58534,unknown,Arnhem Centraal - Nijmegen,15,Saturday,3,1,5,1.0,0
58535,rolling stock,"Alkmaar - Amsterdam Centraal, Schiphol Airport - Zaandam",15,Saturday,3,1,7,2.0,0
58536,rolling stock,"Amsterdam Centraal - Schiphol Airport, Leiden Centraal - Schiphol Airport",16,Saturday,3,1,5,2.0,0
58537,rolling stock,Breda - Rotterdam Centraal (HSL),17,Saturday,3,1,2,1.0,1
58538,external,Eindhoven - Roermond,19,Saturday,3,1,5,1.0,0
58539,external,Amsterdam Centraal - Haarlem,22,Saturday,3,1,4,1.0,0
58540,external,Haarlem - Uitgeest,22,Saturday,3,1,6,1.0,0
58541,infrastructure,"Amersfoort - Utrecht Centraal, Baarn - Utrecht Centraal",6,Sunday,3,1,2,2.0,0
58542,rolling stock,"Amersfoort - Schiphol Airport, Den Haag Centraal - Den Haag HS, Den Haag Centraal - Leiden Centraal, Den Haag HS - Leiden Centraal, Den Haag HS - Rotterdam Centraal, Leiden Centraal - Schiphol Airport, Lelystad Centrum - Schiphol Airport, Schiphol Airport - Utrecht Centraal",7,Sunday,3,1,18,8.0,0
58543,rolling stock,Eindhoven - Venlo,7,Sunday,3,1,6,1.0,0
58544,rolling stock,Roosendaal - Vlissingen,7,Sunday,3,1,3,1.0,0
58545,rolling stock,Eindhoven - Venlo,8,Sunday,3,1,6,1.0,0
58546,rolling stock,Rotterdam Centraal - Schiphol Airport (HSL),8,Sunday,3,1,2,1.0,0
58548,rolling stock,"Breda - Dordrecht, Dordrecht - Roosendaal",9,Sunday,3,1,3,2.0,0
58549,infrastructure,Enschede - Hengelo,9,Sunday,3,1,3,1.0,1
58550,rolling stock,Eindhoven - Venlo,9,Sunday,3,1,6,1.0,0
58551,rolling stock,Haarlem - Leiden Centraal,11,Sunday,3,1,5,1.0,0
58552,rolling stock,Nijmegen - Venlo,11,Sunday,3,1,3,1.0,0
58553,infrastructure,Roosendaal - Vlissingen,13,Sunday,3,1,6,1.0,0
58554,rolling stock,"Berlin Ostbahnhof - Hengelo, Bielefeld Hbf - Hengelo, Hengelo - Oldenzaal",16,Sunday,3,1,3,3.0,0
58555,rolling stock,"Breda - Dordrecht, Dordrecht - Roosendaal",16,Sunday,3,1,3,2.0,0
58556,rolling stock,Arnhem Centraal - Tiel,16,Sunday,3,1,6,1.0,0
58557,rolling stock,Nijmegen - Venlo,17,Sunday,3,1,3,1.0,0
58558,accidents,Groningen - Eemshaven,20,Sunday,3,1,6,1.0,0
58559,rolling stock,Alkmaar - Den Helder,5,Monday,3,0,3,1.0,1
58560,infrastructure,"Amersfoort - Utrecht Centraal, Baarn - Utrecht Centraal",5,Monday,3,0,2,2.0,1
58561,rolling stock,Eindhoven - Venlo,5,Monday,3,0,6,1.0,0
58562,rolling stock,"Amersfoort - Schiphol Airport, Den Haag Centraal - Den Haag HS, Den Haag Centraal - Leiden Centraal, Den Haag HS - Leiden Centraal, Den Haag HS - Rotterdam Centraal, Leiden Centraal - Schiphol Airport, Lelystad Centrum - Schiphol Airport, Schiphol Airport - Utrecht Centraal",6,Monday,3,0,18,8.0,1
58563,rolling stock,Breda - Tilburg,7,Monday,3,0,2,1.0,0
58564,rolling stock,Den Haag HS - Rotterdam Centraal,7,Monday,3,0,4,1.0,0
58566,rolling stock,"Amsterdam Centraal - Schiphol Airport, Leiden Centraal - Schiphol Airport, Schiphol Airport - Zaandam",7,Monday,3,0,4,3.0,1
58567,accidents,'s-Hertogenbosch - Nijmegen,9,Monday,3,0,5,1.0,1
58568,rolling stock,"Amersfoort - Schiphol Airport, Den Haag Centraal - Den Haag HS, Den Haag Centraal - Leiden Centraal, Den Haag HS - Leiden Centraal, Den Haag HS - Rotterdam Centraal, Leiden Centraal - Schiphol Airport, Lelystad Centrum - Schiphol Airport, Schiphol Airport - Utrecht Centraal",10,Monday,3,0,18,8.0,0
58569,logistical,"Arnhem Centraal - Basel SBB, Arnhem Centraal - Düsseldorf Hbf, Arnhem Centraal - Frankfurt (M) Hbf",10,Monday,3,0,7,3.0,1
58570,infrastructure,Amersfoort - Zwolle,10,Monday,3,0,3,1.0,1
58571,rolling stock,Amsterdam Centraal - Lelystad Centrum,14,Monday,3,0,8,1.0,0
58572,infrastructure,Deventer - Zwolle,14,Monday,3,0,2,1.0,1
58573,infrastructure,Arnhem Centraal - Zutphen,16,Monday,3,0,3,1.0,1
58575,rolling stock,"Amersfoort - Amsterdam Centraal, Amersfoort - Schiphol Airport",16,Monday,3,0,2,2.0,0
58577,rolling stock,Eindhoven - Venlo,19,Monday,3,0,6,1.0,1
58578,unknown,Amsterdam Centraal - Haarlem,20,Monday,3,0,5,1.0,0
58580,external,Breda - Rotterdam Centraal (HSL),21,Monday,3,0,2,1.0,0
58582,weather,Den Haag Centraal - Utrecht Centraal,6,Tuesday,3,0,8,1.0,0
58583,rolling stock,"Amersfoort - Schiphol Airport, Amsterdam Centraal - Schiphol Airport, Leiden Centraal - Schiphol Airport, Lelystad Centrum - Schiphol Airport, Rotterdam Centraal - Schiphol Airport (HSL), Schiphol Airport - Utrecht Centraal, Schiphol Airport - Zaandam",7,Tuesday,3,0,2,7.0,0
58584,rolling stock,Alphen a/d Rijn - Gouda,7,Tuesday,3,0,7,1.0,1
58585,rolling stock,Rotterdam Centraal - Schiphol Airport (HSL),8,Tuesday,3,0,2,1.0,0
58586,rolling stock,Amsterdam Centraal - Lelystad Centrum,8,Tuesday,3,0,8,1.0,0
58587,rolling stock,Almere Oostvaarders - Utrecht Centraal,8,Tuesday,3,0,3,1.0,0
58588,rolling stock,Emmen - Zwolle,9,Tuesday,3,0,3,1.0,1
58589,logistical,"Arnhem Centraal - Basel SBB, Arnhem Centraal - Düsseldorf Hbf, Arnhem Centraal - Frankfurt (M) Hbf",9,Tuesday,3,0,3,3.0,1
58591,infrastructure,"Almere Oostvaarders - Utrecht Centraal, Amersfoort - Utrecht Centraal, Baarn - Utrecht Centraal, Hilversum - Utrecht Centraal, Utrecht Centraal - Utrecht Maliebaan",10,Tuesday,3,0,3,5.0,0
58592,external,'s-Hertogenbosch - Nijmegen,12,Tuesday,3,0,6,1.0,0
58594,logistical,"Arnhem Centraal - Basel SBB, Arnhem Centraal - Düsseldorf Hbf, Arnhem Centraal - Frankfurt (M) Hbf",14,Tuesday,3,0,3,3.0,0
58595,rolling stock,Rotterdam Centraal - Schiphol Airport (HSL),14,Tuesday,3,0,2,1.0,0
58596,rolling stock,Lelystad Centrum - Schiphol Airport,14,Tuesday,3,0,13,1.0,0
58597,rolling stock,"Breda - Dordrecht, Dordrecht - Roosendaal",14,Tuesday,3,0,3,2.0,0
58598,rolling stock,Almere Oostvaarders - Utrecht Centraal,14,Tuesday,3,0,3,1.0,0
58599,rolling stock,Amsterdam Centraal - Lelystad Centrum,14,Tuesday,3,0,8,1.0,0
58600,accidents,Arnhem Centraal - Winterswijk,15,Tuesday,3,0,2,1.0,1
58602,rolling stock,"Arnhem Centraal - Basel SBB, Arnhem Centraal - Düsseldorf Hbf, Arnhem Centraal - Frankfurt (M) Hbf",16,Tuesday,3,0,7,3.0,1
58603,external,Breda - Tilburg,16,Tuesday,3,0,2,1.0,0
58604,rolling stock,Lelystad Centrum - Zwolle,16,Tuesday,3,0,4,1.0,0
58605,rolling stock,Leiden Centraal - Utrecht Centraal,16,Tuesday,3,0,3,1.0,1
58606,accidents,Eindhoven - Venlo,20,Tuesday,3,0,4,1.0,1
58607,accidents,"'s-Hertogenbosch - Eindhoven, Eindhoven - Tilburg",21,Tuesday,3,0,4,2.0,0
58608,rolling stock,Leeuwarden - Zwolle,22,Tuesday,3,0,8,1.0,0
58609,rolling stock,"Amersfoort - Schiphol Airport, Den Haag Centraal - Den Haag HS, Den Haag Centraal - Leiden Centraal, Den Haag HS - Leiden Centraal, Den Haag HS - Rotterdam Centraal, Leiden Centraal - Schiphol Airport, Lelystad Centrum - Schiphol Airport, Schiphol Airport - Utrecht Centraal",22,Tuesday,3,0,18,8.0,0
58610,rolling stock,"Amersfoort - Schiphol Airport, Den Haag Centraal - Den Haag HS, Den Haag Centraal - Leiden Centraal, Den Haag HS - Leiden Centraal, Den Haag HS - Rotterdam Centraal, Leiden Centraal - Schiphol Airport, Lelystad Centrum - Schiphol Airport, Schiphol Airport - Utrecht Centraal",23,Tuesday,3,0,18,8.0,0
58611,staff,Heerlen - Sittard,5,Wednesday,3,0,7,1.0,1
58612,logistical,Liège-Guillemins - Maastricht,5,Wednesday,3,0,3,1.0,0
58613,logistical,Antwerpen-Centraal - Roosendaal,6,Wednesday,3,0,11,1.0,1
58614,rolling stock,"Amersfoort - Amsterdam Centraal, Amersfoort - Schiphol Airport",7,Wednesday,3,0,2,2.0,0
58615,rolling stock,Breda - Rotterdam Centraal (HSL),9,Wednesday,3,0,2,1.0,1
58617,infrastructure,Den Haag Centraal - Utrecht Centraal,10,Wednesday,3,0,13,1.0,1
58618,infrastructure,"Den Haag Centraal - Den Haag HS, Den Haag HS - Rotterdam Centraal",10,Wednesday,3,0,8,2.0,1
58619,logistical,Aachen Hbf - Heerlen,10,Wednesday,3,0,4,1.0,1
58620,infrastructure,Dordrecht - Rotterdam Centraal,11,Wednesday,3,0,8,1.0,1
58621,rolling stock,Amersfoort - Utrecht Centraal,12,Wednesday,3,0,5,1.0,0
58622,external,"Dortmund Hbf - Enschede, Enschede - Gronau (Westf.), Enschede - Münster (Westf.) Hbf",12,Wednesday,3,0,4,3.0,1
58623,rolling stock,Amersfoort - Zwolle,14,Wednesday,3,0,2,1.0,1
58626,external,'s-Hertogenbosch - Nijmegen,16,Wednesday,3,0,5,1.0,0
58629,infrastructure,Den Haag Centraal - Leiden Centraal,5,Thursday,3,0,6,1.0,1
58630,infrastructure,Arnhem Centraal - Utrecht Centraal,5,Thursday,3,0,10,1.0,1
58631,infrastructure,Schiphol Airport - Utrecht Centraal,5,Thursday,3,0,11,1.0,1
58632,infrastructure,Leiden Centraal - Schiphol Airport,5,Thursday,3,0,5,1.0,1
58633,rolling stock,Rotterdam Centraal - Schiphol Airport (HSL),6,Thursday,3,0,2,1.0,0
58635,rolling stock,'s-Hertogenbosch - Nijmegen,7,Thursday,3,0,5,1.0,0
58636,rolling stock,"'s-Hertogenbosch - Eindhoven, Eindhoven - Tilburg",8,Thursday,3,0,4,2.0,0
58638,rolling stock,Amersfoort - Ede-Wageningen,13,Thursday,3,0,3,1.0,1
58639,rolling stock,Emmen - Zwolle,13,Thursday,3,0,2,1.0,1
58640,rolling stock,Leiden Centraal - Schiphol Airport,17,Thursday,3,0,2,1.0,0
58641,rolling stock,Haarlem - Uitgeest,18,Thursday,3,0,6,1.0,0
58644,infrastructure,Amersfoort - Zwolle,19,Thursday,3,0,2,1.0,1
58645,rolling stock,"Amersfoort - Schiphol Airport, Den Haag Centraal - Den Haag HS, Den Haag Centraal - Leiden Centraal, Den Haag HS - Leiden Centraal, Den Haag HS - Rotterdam Centraal, Leiden Centraal - Schiphol Airport, Lelystad Centrum - Schiphol Airport, Schiphol Airport - Utrecht Centraal",19,Thursday,3,0,18,8.0,0
58646,infrastructure,Haarlem - Leiden Centraal,19,Thursday,3,0,5,1.0,1
58647,engineering work,Rotterdam Centraal - Schiphol Airport (HSL),5,Friday,3,0,2,1.0,0
58648,infrastructure,"Amsterdam Centraal - Schiphol Airport, Leiden Centraal - Schiphol Airport",7,Friday,3,0,5,2.0,1
58649,infrastructure,Rotterdam Centraal - Schiphol Airport (HSL),7,Friday,3,0,2,1.0,0
58650,infrastructure,Schiphol Airport - Utrecht Centraal,7,Friday,3,0,5,1.0,1
58651,infrastructure,Lelystad Centrum - Schiphol Airport,7,Friday,3,0,13,1.0,1
58652,engineering work,"Amersfoort - Schiphol Airport, Den Haag Centraal - Den Haag HS, Den Haag Centraal - Leiden Centraal, Den Haag HS - Leiden Centraal, Den Haag HS - Rotterdam Centraal, Leiden Centraal - Schiphol Airport, Lelystad Centrum - Schiphol Airport, Schiphol Airport - Utrecht Centraal",7,Friday,3,0,18,8.0,1
58653,engineering work,"Den Haag Centraal - Den Haag HS, Den Haag HS - Rotterdam Centraal, Dordrecht - Rotterdam Centraal",7,Friday,3,0,15,3.0,0
58654,accidents,Dordrecht - Roosendaal,7,Friday,3,0,4,1.0,1
58655,rolling stock,"Amersfoort - Amsterdam Centraal, Amersfoort - Schiphol Airport",8,Friday,3,0,2,2.0,0
58657,rolling stock,"Almere Oostvaarders - Utrecht Centraal, Amsterdam Centraal - Lelystad Centrum, Lelystad Centrum - Schiphol Airport",15,Friday,3,0,4,3.0,1
58658,rolling stock,Breda - Rotterdam Centraal (HSL),15,Friday,3,0,2,1.0,0
58659,rolling stock,Amsterdam Centraal - Utrecht Centraal,16,Friday,3,0,11,1.0,1
58661,rolling stock,Amsterdam Centraal - Lelystad Centrum,18,Friday,3,0,8,1.0,0
58662,external,Heerlen - Sittard,19,Friday,3,0,7,1.0,0
58663,infrastructure,Leeuwarden - Stavoren,19,Friday,3,0,9,1.0,1
58664,accidents,Breda - Tilburg,21,Friday,3,0,5,1.0,1
58665,infrastructure,'s-Hertogenbosch - Utrecht Centraal,22,Friday,3,0,9,1.0,1
58667,accidents,Winterswijk - Zutphen,13,Saturday,3,1,3,1.0,1
58668,unknown,"Amersfoort - Schiphol Airport, Lelystad Centrum - Schiphol Airport, Schiphol Airport - Utrecht Centraal",17,Saturday,3,1,2,3.0,0
58669,unknown,"Amersfoort - Schiphol Airport, Lelystad Centrum - Schiphol Airport, Schiphol Airport - Utrecht Centraal",17,Saturday,3,1,2,3.0,0
58670,infrastructure,"Amsterdam Centraal - Schiphol Airport, Leiden Centraal - Schiphol Airport, Schiphol Airport - Zaandam",20,Saturday,3,1,4,3.0,1
58671,external,Eindhoven - Venlo,10,Sunday,3,1,6,1.0,0
58672,rolling stock,Haarlem - Leiden Centraal,10,Sunday,3,1,3,1.0,1
58673,rolling stock,Den Haag Centraal - Leiden Centraal,11,Sunday,3,1,6,1.0,1
58674,infrastructure,'s-Hertogenbosch - Utrecht Centraal,12,Sunday,3,1,9,1.0,1
58675,infrastructure,Amsterdam Centraal - Utrecht Centraal,12,Sunday,3,1,10,1.0,1
58676,staff,Aachen Hbf - Heerlen,13,Sunday,3,1,6,1.0,1
58678,rolling stock,Aachen Hbf - Heerlen,21,Sunday,3,1,4,1.0,0
58679,rolling stock,"Amersfoort - Amsterdam Centraal, Amersfoort - Schiphol Airport",23,Sunday,3,1,2,2.0,0
58680,infrastructure,"Amersfoort - Schiphol Airport, Amsterdam Centraal - Schiphol Airport, Leiden Centraal - Schiphol Airport, Lelystad Centrum - Schiphol Airport, Rotterdam Centraal - Schiphol Airport (HSL), Schiphol Airport - Utrecht Centraal, Schiphol Airport - Zaandam",6,Monday,3,0,2,7.0,1
58682,infrastructure,"Den Haag Centraal - Den Haag HS, Den Haag Centraal - Leiden Centraal, Den Haag HS - Leiden Centraal, Den Haag HS - Rotterdam Centraal",6,Monday,3,0,13,4.0,1
58683,infrastructure,Eindhoven - Venlo,6,Monday,3,0,6,1.0,0
58684,rolling stock,Arnhem Centraal - Winterswijk,6,Monday,3,0,6,1.0,0
58685,infrastructure,Haarlem - Leiden Centraal,6,Monday,3,0,3,1.0,0
58686,infrastructure,Den Haag Centraal - Leiden Centraal,6,Monday,3,0,6,1.0,1
58687,infrastructure,Schiphol Airport - Utrecht Centraal,6,Monday,3,0,5,1.0,0
58688,infrastructure,"Amersfoort - Schiphol Airport, Leiden Centraal - Schiphol Airport",6,Monday,3,0,11,2.0,0
58689,rolling stock,Almelo - Mariënberg,7,Monday,3,0,6,1.0,1
58690,rolling stock,"Arnhem Centraal - Basel SBB, Arnhem Centraal - Düsseldorf Hbf, Arnhem Centraal - Frankfurt (M) Hbf",9,Monday,3,0,7,3.0,1
58691,engineering work,Arnhem Centraal - Nijmegen,10,Monday,3,0,5,1.0,1
58692,infrastructure,Harlingen Haven - Leeuwarden,10,Monday,3,0,2,1.0,1
58693,rolling stock,"Amersfoort - Schiphol Airport, Lelystad Centrum - Schiphol Airport, Schiphol Airport - Utrecht Centraal",10,Monday,3,0,2,3.0,0
58696,infrastructure,Delfzijl - Groningen,14,Monday,3,0,5,1.0,1
58697,external,Amsterdam Centraal - Utrecht Centraal,15,Monday,3,0,11,1.0,1
58698,rolling stock,Liège-Guillemins - Maastricht,17,Monday,3,0,3,1.0,1
58700,infrastructure,Amersfoort - Ede-Wageningen,18,Monday,3,0,5,1.0,1
58701,infrastructure,Delfzijl - Groningen,18,Monday,3,0,5,1.0,1
58702,logistical,Hamm (Westf.) - Venlo,18,Monday,3,0,7,1.0,1
58703,unknown,Amersfoort - Zwolle,19,Monday,3,0,2,1.0,0
58704,infrastructure,Eindhoven - Tilburg,21,Monday,3,0,6,1.0,0
58706,rolling stock,"Amersfoort - Schiphol Airport, Lelystad Centrum - Schiphol Airport, Schiphol Airport - Utrecht Centraal",6,Tuesday,3,0,2,3.0,0
58707,infrastructure,Delfzijl - Groningen,7,Tuesday,3,0,5,1.0,1
58708,infrastructure,'s-Hertogenbosch - Tilburg,8,Tuesday,3,0,2,1.0,1
58709,infrastructure,'s-Hertogenbosch - Nijmegen,8,Tuesday,3,0,3,1.0,1
58710,infrastructure,Den Haag Centraal - Utrecht Centraal,9,Tuesday,3,0,5,1.0,1
58711,unknown,Roermond - Venlo,12,Tuesday,3,0,2,1.0,0
58712,unknown,"Eindhoven - Roermond, Heerlen - Sittard, Roermond - Sittard",12,Tuesday,3,0,11,3.0,0
58713,external,Arnhem Centraal - Utrecht Centraal,15,Tuesday,3,0,4,1.0,0
58715,external,Rhenen - Utrecht Centraal,15,Tuesday,3,0,4,1.0,0
58716,external,Schiphol Airport - Utrecht Centraal,15,Tuesday,3,0,5,1.0,0
58717,external,Leiden Centraal - Schiphol Airport,15,Tuesday,3,0,5,1.0,0
58718,external,Den Haag Centraal - Leiden Centraal,15,Tuesday,3,0,6,1.0,0
58719,rolling stock,Aachen Hbf - Heerlen,16,Tuesday,3,0,4,1.0,0
58720,infrastructure,Roermond - Sittard,16,Tuesday,3,0,4,1.0,1
58721,rolling stock,Alphen a/d Rijn - Gouda,17,Tuesday,3,0,6,1.0,0
58722,infrastructure,Leiden Centraal - Utrecht Centraal,19,Tuesday,3,0,3,1.0,0
58723,external,"Breda - Rotterdam Centraal (HSL), Brussel-Zuid/Midi - Rotterdam Centraal (HSL), Den Haag HS - Rotterdam Centraal, Dordrecht - Rotterdam Centraal, Paris-Nord - Rotterdam Centraal (HSL), Rotterdam Centraal - Schiphol Airport (HSL), Rotterdam Centraal - Utrecht Centraal",19,Tuesday,3,0,2,7.0,1
58724,external,"'s-Hertogenbosch - Tilburg, Breda - Tilburg",20,Tuesday,3,0,6,2.0,0
58725,external,"Amsterdam Centraal - Utrecht Centraal, Amsterdam Centraal - Woerden",21,Tuesday,3,0,8,2.0,0
58726,infrastructure,Lelystad Centrum - Schiphol Airport,4,Wednesday,3,0,8,1.0,1
58727,infrastructure,Roermond - Sittard,7,Wednesday,3,0,4,1.0,1
58728,rolling stock,Leiden Centraal - Schiphol Airport,8,Wednesday,3,0,2,1.0,0
58729,infrastructure,"Almere Oostvaarders - Utrecht Centraal, Amsterdam Centraal - Lelystad Centrum, Lelystad Centrum - Schiphol Airport",9,Wednesday,3,0,4,3.0,0
58730,infrastructure,"Almere Oostvaarders - Utrecht Centraal, Amsterdam Centraal - Lelystad Centrum, Lelystad Centrum - Schiphol Airport",9,Wednesday,3,0,4,3.0,1
58731,external,'s-Hertogenbosch - Nijmegen,11,Wednesday,3,0,7,1.0,1
58732,rolling stock,Deventer - Zwolle,12,Wednesday,3,0,4,1.0,0
58733,rolling stock,Maastricht - Sittard,12,Wednesday,3,0,5,1.0,0
58734,rolling stock,Enkhuizen - Hoorn,13,Wednesday,3,0,2,1.0,0
58736,external,Arnhem Centraal - Nijmegen,14,Wednesday,3,0,5,1.0,0
58737,external,Dordrecht - Roosendaal,15,Wednesday,3,0,6,1.0,0
58739,rolling stock,Leiden Centraal - Schiphol Airport,17,Wednesday,3,0,2,1.0,0
58740,rolling stock,Rotterdam Centraal - Utrecht Centraal,18,Wednesday,3,0,6,1.0,0
58744,external,Eindhoven - Roermond,22,Wednesday,3,0,6,1.0,0
58746,external,Haarlem - Leiden Centraal,22,Wednesday,3,0,5,1.0,0
58747,external,Roermond - Sittard,23,Wednesday,3,0,4,1.0,0
58748,infrastructure,Amsterdam Centraal - Hoorn,5,Thursday,3,0,5,1.0,1
58749,rolling stock,Arnhem Centraal - Nijmegen,5,Thursday,3,0,3,1.0,0
58750,rolling stock,"Amersfoort - Schiphol Airport, Den Haag Centraal - Den Haag HS, Den Haag Centraal - Leiden Centraal, Den Haag HS - Leiden Centraal, Den Haag HS - Rotterdam Centraal, Leiden Centraal - Schiphol Airport, Lelystad Centrum - Schiphol Airport, Schiphol Airport - Utrecht Centraal",6,Thursday,3,0,18,8.0,1
58751,rolling stock,Groningen - Leeuwarden,7,Thursday,3,0,3,1.0,0
58752,rolling stock,Breda - Rotterdam Centraal (HSL),7,Thursday,3,0,2,1.0,0
58754,infrastructure,"Amsterdam Centraal - Utrecht Centraal, Schiphol Airport - Utrecht Centraal",9,Thursday,3,0,2,2.0,0
58755,rolling stock,Amsterdam Centraal - Haarlem,9,Thursday,3,0,5,1.0,0
58756,rolling stock,Amersfoort - Zwolle,11,Thursday,3,0,2,1.0,0
58757,infrastructure,Den Haag HS - Rotterdam Centraal,12,Thursday,3,0,4,1.0,1
58758,unknown,Groningen - Zwolle,15,Thursday,3,0,3,1.0,1
58760,infrastructure,Almere Oostvaarders - Utrecht Centraal,15,Thursday,3,0,5,1.0,1
58761,infrastructure,Breda - Tilburg,18,Thursday,3,0,5,1.0,0
58763,infrastructure,"Almere Oostvaarders - Utrecht Centraal, Amsterdam Centraal - Lelystad Centrum, Lelystad Centrum - Schiphol Airport",19,Thursday,3,0,4,3.0,1
58764,rolling stock,"Den Haag Centraal - Utrecht Centraal, Rotterdam Centraal - Utrecht Centraal",20,Thursday,3,0,3,2.0,0
58766,rolling stock,Rotterdam Centraal - Schiphol Airport (HSL),22,Thursday,3,0,2,1.0,0
58767,infrastructure,Leiden Centraal - Utrecht Centraal,6,Friday,3,0,3,1.0,1
58768,rolling stock,"Antwerpen-Centraal - Breda (HSL), Breda - Rotterdam Centraal (HSL)",7,Friday,3,0,3,2.0,0
58770,infrastructure,Amersfoort - Zwolle,7,Friday,3,0,2,1.0,0
58773,rolling stock,Roermond - Sittard,8,Friday,3,0,4,1.0,0
58774,rolling stock,"Arnhem Centraal - Basel SBB, Arnhem Centraal - Düsseldorf Hbf, Arnhem Centraal - Frankfurt (M) Hbf",12,Friday,3,0,7,3.0,1
58775,infrastructure,Almelo - Hengelo,14,Friday,3,0,4,1.0,0
58776,external,Lelystad Centrum - Schiphol Airport,14,Friday,3,0,13,1.0,0
58777,external,Rotterdam Centraal - Schiphol Airport (HSL),14,Friday,3,0,2,1.0,0
58778,rolling stock,"Arnhem Centraal - Basel SBB, Arnhem Centraal - Düsseldorf Hbf, Arnhem Centraal - Frankfurt (M) Hbf",15,Friday,3,0,3,3.0,1
58779,rolling stock,"Amersfoort - Schiphol Airport, Amsterdam Centraal - Schiphol Airport, Leiden Centraal - Schiphol Airport, Lelystad Centrum - Schiphol Airport, Rotterdam Centraal - Schiphol Airport (HSL), Schiphol Airport - Utrecht Centraal, Schiphol Airport - Zaandam",15,Friday,3,0,2,7.0,0
58780,external,Dordrecht - Geldermalsen,17,Friday,3,0,3,1.0,0
58781,rolling stock,"Almere Oostvaarders - Utrecht Centraal, Amsterdam Centraal - Lelystad Centrum, Lelystad Centrum - Schiphol Airport",18,Friday,3,0,4,3.0,1
58783,rolling stock,Den Haag Centraal - Leiden Centraal,19,Friday,3,0,6,1.0,0
58784,rolling stock,Arnhem Centraal - Utrecht Centraal,19,Friday,3,0,10,1.0,0
58785,rolling stock,Schiphol Airport - Utrecht Centraal,19,Friday,3,0,11,1.0,0
58786,rolling stock,Leiden Centraal - Schiphol Airport,19,Friday,3,0,5,1.0,0
58787,infrastructure,Tiel - Utrecht Centraal,20,Friday,3,0,3,1.0,1
58788,accidents,Heerlen - Sittard,20,Friday,3,0,7,1.0,1
58789,rolling stock,"Arnhem Centraal - Basel SBB, Arnhem Centraal - Düsseldorf Hbf, Arnhem Centraal - Frankfurt (M) Hbf",6,Saturday,3,1,3,3.0,1
58790,rolling stock,'s-Hertogenbosch - Utrecht Centraal,8,Saturday,3,1,3,1.0,0
58791,rolling stock,Amsterdam Centraal - Haarlem,9,Saturday,3,1,5,1.0,0
58793,rolling stock,Breda - Dordrecht,10,Saturday,3,1,3,1.0,0
58794,rolling stock,'s-Hertogenbosch - Utrecht Centraal,16,Saturday,3,1,9,1.0,0
58796,infrastructure,"Amsterdam Centraal - Utrecht Centraal, Amsterdam Centraal - Woerden",4,Sunday,3,1,5,2.0,1
58798,infrastructure,Rotterdam Centraal - Schiphol Airport (HSL),5,Sunday,3,1,2,1.0,1
58799,infrastructure,Leiden Centraal - Schiphol Airport,6,Sunday,3,1,5,1.0,1
58801,accidents,Arnhem Centraal - Winterswijk,8,Sunday,3,1,2,1.0,1
58802,infrastructure,Amersfoort - Utrecht Centraal,8,Sunday,3,1,5,1.0,1
58803,infrastructure,"Almere Oostvaarders - Utrecht Centraal, Amersfoort - Utrecht Centraal, Baarn - Utrecht Centraal, Hilversum - Utrecht Centraal, Utrecht Centraal - Utrecht Maliebaan",8,Sunday,3,1,3,5.0,0
58804,rolling stock,Aachen Hbf - Heerlen,9,Sunday,3,1,6,1.0,1
58805,rolling stock,Amersfoort - Zwolle,15,Sunday,3,1,6,1.0,0
58806,external,Dordrecht - Geldermalsen,18,Sunday,3,1,8,1.0,0
58807,rolling stock,Rotterdam Centraal - Schiphol Airport (HSL),18,Sunday,3,1,2,1.0,0
58808,infrastructure,Almelo - Deventer,19,Sunday,3,1,6,1.0,0
58809,external,Arnhem Centraal - Nijmegen,20,Sunday,3,1,5,1.0,0
58810,external,"Arnhem Centraal - Nijmegen, Arnhem Centraal - Tiel",20,Sunday,3,1,3,2.0,0
58811,rolling stock,Antwerpen-Centraal - Roosendaal,22,Sunday,3,1,2,1.0,0
58812,accidents,Maastricht - Sittard,0,Monday,3,0,5,1.0,0
58813,engineering work,"Antwerpen-Centraal - Roosendaal, Breda - Roosendaal, Dordrecht - Roosendaal, Roosendaal - Vlissingen",4,Monday,3,0,2,4.0,1
58814,staff,"Liège-Guillemins - Maastricht, Maastricht - Maastricht Randwyck",4,Monday,3,0,6,2.0,1
58815,engineering work,Dordrecht - Rotterdam Centraal,5,Monday,3,0,8,1.0,1
58816,staff,Antwerpen-Centraal - Roosendaal,6,Monday,3,0,2,1.0,1
58817,infrastructure,Eindhoven - Tilburg,6,Monday,3,0,3,1.0,1
58818,infrastructure,Leiden Centraal - Utrecht Centraal,7,Monday,3,0,2,1.0,1
58819,infrastructure,"Amsterdam Centraal - Utrecht Centraal, Schiphol Airport - Utrecht Centraal",7,Monday,3,0,2,2.0,1
58822,infrastructure,"Groningen - Bad Nieuweschans, Groningen - Leer (Ostfriesland)",11,Monday,3,0,2,2.0,1
58823,rolling stock,Haarlem - Uitgeest,11,Monday,3,0,8,1.0,0
58824,infrastructure,Leiden Centraal - Utrecht Centraal,11,Monday,3,0,2,1.0,0
58825,rolling stock,Arnhem Centraal - Winterswijk,11,Monday,3,0,2,1.0,0
58826,rolling stock,Amsterdam Centraal - Haarlem,12,Monday,3,0,4,1.0,0
58827,accidents,Nijmegen - Venlo,15,Monday,3,0,3,1.0,1
58828,rolling stock,Heerlen - Maastricht,16,Monday,3,0,5,1.0,0
58829,rolling stock,"Arnhem Centraal - Utrecht Centraal, Rhenen - Utrecht Centraal",16,Monday,3,0,4,2.0,0
58830,rolling stock,"Amsterdam Centraal - Utrecht Centraal, Schiphol Airport - Utrecht Centraal",16,Monday,3,0,3,2.0,0
58831,rolling stock,"Arnhem Centraal - Utrecht Centraal, Rhenen - Utrecht Centraal",19,Monday,3,0,3,2.0,0
58832,rolling stock,Rotterdam Centraal - Schiphol Airport (HSL),19,Monday,3,0,2,1.0,0
58833,rolling stock,"Amersfoort - Schiphol Airport, Den Haag Centraal - Den Haag HS, Den Haag Centraal - Leiden Centraal, Den Haag HS - Leiden Centraal, Den Haag HS - Rotterdam Centraal, Leiden Centraal - Schiphol Airport, Lelystad Centrum - Schiphol Airport, Schiphol Airport - Utrecht Centraal",20,Monday,3,0,18,8.0,1
58834,rolling stock,"Den Haag Centraal - Den Haag HS, Den Haag HS - Rotterdam Centraal, Dordrecht - Rotterdam Centraal",20,Monday,3,0,15,3.0,0
58835,external,Amersfoort - Ede-Wageningen,20,Monday,3,0,5,1.0,0
58836,rolling stock,Rotterdam Centraal - Schiphol Airport (HSL),21,Monday,3,0,2,1.0,0
58837,rolling stock,Arnhem Centraal - Nijmegen,22,Monday,3,0,3,1.0,1
58838,rolling stock,'s-Hertogenbosch - Nijmegen,22,Monday,3,0,4,1.0,0
58839,rolling stock,Alkmaar - Amsterdam Centraal,23,Monday,3,0,4,1.0,0
58840,infrastructure,"Amersfoort - Apeldoorn, Apeldoorn - Deventer",5,Tuesday,3,0,5,2.0,1
58841,infrastructure,Amersfoort - Ede-Wageningen,6,Tuesday,3,0,5,1.0,1
58842,staff,Hamm (Westf.) - Venlo,7,Tuesday,3,0,2,1.0,1
58843,external,Den Haag Centraal - Utrecht Centraal,7,Tuesday,3,0,8,1.0,0
58844,rolling stock,"Liège-Guillemins - Maastricht, Maastricht - Maastricht Randwyck",7,Tuesday,3,0,2,2.0,1
58845,infrastructure,"Arnhem Centraal - Basel SBB, Arnhem Centraal - Düsseldorf Hbf, Arnhem Centraal - Frankfurt (M) Hbf",7,Tuesday,3,0,3,3.0,0
58846,accidents,Eindhoven - Venlo,8,Tuesday,3,0,3,1.0,1
58847,infrastructure,"Groningen - Bad Nieuweschans, Groningen - Leer (Ostfriesland)",8,Tuesday,3,0,2,2.0,0
58848,infrastructure,"Arnhem Centraal - Basel SBB, Arnhem Centraal - Düsseldorf Hbf, Arnhem Centraal - Frankfurt (M) Hbf",8,Tuesday,3,0,7,3.0,1
58849,rolling stock,Almere Oostvaarders - Utrecht Centraal,8,Tuesday,3,0,3,1.0,0
58852,rolling stock,Leiden Centraal - Schiphol Airport,13,Tuesday,3,0,2,1.0,0
58853,infrastructure,Amersfoort - Apeldoorn,13,Tuesday,3,0,2,1.0,1
58854,infrastructure,Amersfoort - Ede-Wageningen,13,Tuesday,3,0,5,1.0,1
58856,rolling stock,Amsterdam Centraal - Haarlem,14,Tuesday,3,0,5,1.0,1
58857,accidents,Leeuwarden - Zwolle,15,Tuesday,3,0,3,1.0,1
58858,external,Leiden Centraal - Utrecht Centraal,16,Tuesday,3,0,3,1.0,0
58859,external,Arnhem Centraal - Utrecht Centraal,17,Tuesday,3,0,4,1.0,0
58860,rolling stock,Eindhoven - Venlo,17,Tuesday,3,0,6,1.0,1
58861,rolling stock,Arnhem Centraal - Zutphen,18,Tuesday,3,0,6,1.0,0
58862,rolling stock,"Liège-Guillemins - Maastricht, Maastricht - Maastricht Randwyck",19,Tuesday,3,0,2,2.0,0
58863,accidents,Amersfoort - Utrecht Centraal,19,Tuesday,3,0,2,1.0,1
58864,infrastructure,Amsterdam Centraal - Haarlem,19,Tuesday,3,0,5,1.0,1
58865,accidents,Amersfoort - Zwolle,20,Tuesday,3,0,2,1.0,1
58866,accidents,Almelo - Deventer,20,Tuesday,3,0,2,1.0,1
58867,rolling stock,Roermond - Sittard,23,Tuesday,3,0,2,1.0,0
58869,infrastructure,Amersfoort - Apeldoorn,5,Wednesday,3,0,2,1.0,1
58870,infrastructure,Amersfoort - Ede-Wageningen,5,Wednesday,3,0,5,1.0,1
58871,infrastructure,Groningen - Leeuwarden,6,Wednesday,3,0,9,1.0,1
58873,unknown,Leeuwarden - Zwolle,9,Wednesday,3,0,3,1.0,0
58874,external,Breda - Rotterdam Centraal (HSL),9,Wednesday,3,0,2,1.0,1
58875,external,Breda - Dordrecht,9,Wednesday,3,0,3,1.0,0
58876,unknown,Arnhem Centraal - Zutphen,10,Wednesday,3,0,6,1.0,0
58877,external,"Almere Oostvaarders - Utrecht Centraal, Hilversum - Utrecht Centraal",12,Wednesday,3,0,5,2.0,1
58878,infrastructure,Rotterdam Centraal - Utrecht Centraal,12,Wednesday,3,0,6,1.0,1
58879,external,Baarn - Utrecht Centraal,12,Wednesday,3,0,3,1.0,1
58880,infrastructure,Deventer - Zwolle,13,Wednesday,3,0,2,1.0,1
58881,rolling stock,Aachen Hbf - Heerlen,14,Wednesday,3,0,4,1.0,0
58882,external,Roermond - Sittard,14,Wednesday,3,0,4,1.0,0
58883,unknown,Roermond - Sittard,14,Wednesday,3,0,4,1.0,0
58884,rolling stock,Rotterdam Centraal - Schiphol Airport (HSL),14,Wednesday,3,0,2,1.0,0
58885,infrastructure,Almelo - Zwolle,15,Wednesday,3,0,5,1.0,0
58886,unknown,Amersfoort - Ede-Wageningen,15,Wednesday,3,0,4,1.0,0
58887,logistical,Alphen a/d Rijn - Gouda,15,Wednesday,3,0,2,1.0,0
58888,infrastructure,Deventer - Zwolle,16,Wednesday,3,0,2,1.0,1
58889,unknown,Eindhoven - Venlo,16,Wednesday,3,0,6,1.0,1
58890,infrastructure,Leeuwarden - Stavoren,17,Wednesday,3,0,4,1.0,1
58891,rolling stock,Breda - Rotterdam Centraal (HSL),19,Wednesday,3,0,2,1.0,0
58892,infrastructure,Breda - Rotterdam Centraal (HSL),20,Wednesday,3,0,2,1.0,0
58894,rolling stock,"Amsterdam Centraal - Utrecht Centraal, Schiphol Airport - Utrecht Centraal",21,Wednesday,3,0,4,2.0,1
58895,rolling stock,Almelo - Mariënberg,21,Wednesday,3,0,5,1.0,0
58897,rolling stock,"Arnhem Centraal - Basel SBB, Arnhem Centraal - Düsseldorf Hbf, Arnhem Centraal - Frankfurt (M) Hbf",7,Thursday,3,0,3,3.0,0
58898,infrastructure,Arnhem Centraal - Zutphen,8,Thursday,3,0,6,1.0,1
58899,rolling stock,Dordrecht - Geldermalsen,9,Thursday,3,0,3,1.0,1
58900,rolling stock,Aachen Hbf - Heerlen,9,Thursday,3,0,5,1.0,0
58901,rolling stock,Almere Oostvaarders - Utrecht Centraal,10,Thursday,3,0,8,1.0,0
58902,unknown,"Amsterdam Centraal - Utrecht Centraal, Amsterdam Centraal - Woerden",11,Thursday,3,0,5,2.0,1
58903,rolling stock,"Almere Oostvaarders - Utrecht Centraal, Amsterdam Centraal - Lelystad Centrum, Lelystad Centrum - Schiphol Airport",12,Thursday,3,0,5,3.0,0
58905,infrastructure,Almere Oostvaarders - Utrecht Centraal,12,Thursday,3,0,5,1.0,1
58907,rolling stock,"Arnhem Centraal - Nijmegen, Arnhem Centraal - Tiel",14,Thursday,3,0,3,2.0,0
58908,external,Nijmegen - Venlo,15,Thursday,3,0,5,1.0,0
58909,rolling stock,Arnhem Centraal - Winterswijk,16,Thursday,3,0,5,1.0,0
58910,infrastructure,"Almelo - Deventer, Almelo - Hengelo, Apeldoorn - Deventer, Enschede - Hengelo",16,Thursday,3,0,14,4.0,1
58911,rolling stock,"Den Haag Centraal - Utrecht Centraal, Rotterdam Centraal - Utrecht Centraal",16,Thursday,3,0,3,2.0,0
58912,rolling stock,Eindhoven - Venlo,16,Thursday,3,0,2,1.0,0
58913,rolling stock,Eindhoven - Venlo,17,Thursday,3,0,2,1.0,1
58914,rolling stock,"'s-Hertogenbosch - Eindhoven, Eindhoven - Tilburg",17,Thursday,3,0,4,2.0,1
58915,rolling stock,'s-Hertogenbosch - Nijmegen,19,Thursday,3,0,5,1.0,0
58916,rolling stock,Eindhoven - Venlo,20,Thursday,3,0,2,1.0,0
58917,unknown,Arnhem Centraal - Zutphen,21,Thursday,3,0,6,1.0,0
58918,rolling stock,Alkmaar - Amsterdam Centraal,22,Thursday,3,0,4,1.0,0
58920,infrastructure,"Arnhem Centraal - Utrecht Centraal, Rhenen - Utrecht Centraal",5,Friday,3,0,4,2.0,1
58921,rolling stock,"Amsterdam Centraal - Lelystad Centrum, Lelystad Centrum - Schiphol Airport",7,Friday,3,0,2,2.0,0
58922,engineering work,Amsterdam Centraal - Utrecht Centraal,8,Friday,3,0,11,1.0,1
58924,rolling stock,Alkmaar - Amsterdam Centraal,11,Friday,3,0,4,1.0,0
58926,infrastructure,Almere Oostvaarders - Utrecht Centraal,11,Friday,3,0,5,1.0,1
58927,unknown,Roermond - Sittard,12,Friday,3,0,4,1.0,0
58928,infrastructure,Dordrecht - Rotterdam Centraal,13,Friday,3,0,2,1.0,0
58929,infrastructure,Leeuwarden - Zwolle,14,Friday,3,0,2,1.0,1
58931,rolling stock,Leeuwarden - Stavoren,16,Friday,3,0,4,1.0,0
58932,rolling stock,'s-Hertogenbosch - Tilburg,17,Friday,3,0,2,1.0,1
58933,rolling stock,'s-Hertogenbosch - Tilburg,19,Friday,3,0,2,1.0,1
58934,rolling stock,Almere Oostvaarders - Utrecht Centraal,19,Friday,3,0,3,1.0,0
58935,rolling stock,Amsterdam Centraal - Lelystad Centrum,19,Friday,3,0,8,1.0,0
58936,unknown,"Amersfoort - Amsterdam Centraal, Amersfoort - Schiphol Airport",20,Friday,3,0,3,2.0,1
58937,rolling stock,Antwerpen-Centraal - Roosendaal,21,Friday,3,0,12,1.0,0
58938,infrastructure,"Arnhem Centraal - Basel SBB, Arnhem Centraal - Düsseldorf Hbf, Arnhem Centraal - Frankfurt (M) Hbf, Arnhem Centraal - Winterswijk",7,Saturday,3,1,5,4.0,0
58939,rolling stock,Amsterdam Centraal - Haarlem,8,Saturday,3,1,4,1.0,0
58940,accidents,Groningen - Zwolle,8,Saturday,3,1,4,1.0,0
58941,staff,Heerlen - Maastricht,9,Saturday,3,1,10,1.0,1
58942,rolling stock,"Groningen - Zwolle, Leeuwarden - Zwolle",9,Saturday,3,1,2,2.0,0
58943,staff,Heerlen - Sittard,9,Saturday,3,1,7,1.0,1
58944,infrastructure,Haarlem - Uitgeest,10,Saturday,3,1,3,1.0,0
58945,rolling stock,Roermond - Venlo,12,Saturday,3,1,2,1.0,0
58946,rolling stock,Breda - Roosendaal,13,Saturday,3,1,3,1.0,0
58947,rolling stock,Den Haag Centraal - Utrecht Centraal,13,Saturday,3,1,4,1.0,0
58948,external,'s-Hertogenbosch - Nijmegen,15,Saturday,3,1,5,1.0,0
58949,external,Leiden Centraal - Schiphol Airport,15,Saturday,3,1,2,1.0,0
58950,external,Leiden Centraal - Schiphol Airport,15,Saturday,3,1,4,1.0,0
58953,rolling stock,Amsterdam Centraal - Utrecht Centraal,18,Saturday,3,1,11,1.0,0
58954,external,Arnhem Centraal - Winterswijk,7,Sunday,3,1,3,1.0,1
58956,accidents,Winterswijk - Zutphen,15,Sunday,3,1,3,1.0,1
58957,accidents,Alkmaar - Amsterdam Centraal,15,Sunday,3,1,3,1.0,1
58958,accidents,Amsterdam Centraal - Haarlem,15,Sunday,3,1,5,1.0,1
58959,rolling stock,"Amsterdam Centraal - Utrecht Centraal, Amsterdam Centraal - Woerden, Schiphol Airport - Utrecht Centraal",20,Sunday,3,1,4,3.0,1
58960,rolling stock,Groningen - Zwolle,20,Sunday,3,1,3,1.0,0
58961,rolling stock,Leiden Centraal - Schiphol Airport,6,Monday,3,0,2,1.0,0
58963,rolling stock,'s-Hertogenbosch - Nijmegen,7,Monday,3,0,5,1.0,1
58964,staff,"Liège-Guillemins - Maastricht, Maastricht - Maastricht Randwyck",8,Monday,3,0,6,2.0,1
58965,rolling stock,Breda - Rotterdam Centraal (HSL),11,Monday,3,0,2,1.0,0
58966,accidents,Breda - Tilburg,12,Monday,3,0,3,1.0,1
58967,rolling stock,Amersfoort - Utrecht Centraal,12,Monday,3,0,5,1.0,0
58968,infrastructure,Rotterdam Centraal - Utrecht Centraal,12,Monday,3,0,6,1.0,1
58970,rolling stock,"Amsterdam Centraal - Lelystad Centrum, Lelystad Centrum - Schiphol Airport",16,Monday,3,0,2,2.0,0
58972,external,Dordrecht - Rotterdam Centraal,16,Monday,3,0,8,1.0,1
58974,external,Amersfoort - Ede-Wageningen,18,Monday,3,0,2,1.0,0
58975,rolling stock,"Breda - Dordrecht, Dordrecht - Roosendaal",18,Monday,3,0,3,2.0,0
58976,rolling stock,Breda - Rotterdam Centraal (HSL),18,Monday,3,0,2,1.0,0
58977,rolling stock,Leiden Centraal - Utrecht Centraal,18,Monday,3,0,3,1.0,0
58978,rolling stock,Breda - Roosendaal,20,Monday,3,0,3,1.0,0
58980,rolling stock,Breda - Roosendaal,21,Monday,3,0,3,1.0,0
58981,rolling stock,"Amersfoort - Schiphol Airport, Den Haag Centraal - Den Haag HS, Den Haag Centraal - Leiden Centraal, Den Haag HS - Leiden Centraal, Den Haag HS - Rotterdam Centraal, Leiden Centraal - Schiphol Airport, Lelystad Centrum - Schiphol Airport, Schiphol Airport - Utrecht Centraal",21,Monday,3,0,18,8.0,0
58982,accidents,"'s-Hertogenbosch - Utrecht Centraal, Tiel - Utrecht Centraal",5,Tuesday,3,0,7,2.0,1
58983,rolling stock,"Berlin Ostbahnhof - Hengelo, Bielefeld Hbf - Hengelo, Hengelo - Oldenzaal",7,Tuesday,3,0,4,3.0,1
58984,rolling stock,Enschede - Hengelo,7,Tuesday,3,0,3,1.0,0
58985,rolling stock,"Amersfoort - Schiphol Airport, Den Haag Centraal - Den Haag HS, Den Haag Centraal - Leiden Centraal, Den Haag HS - Leiden Centraal, Den Haag HS - Rotterdam Centraal, Leiden Centraal - Schiphol Airport, Lelystad Centrum - Schiphol Airport, Schiphol Airport - Utrecht Centraal",8,Tuesday,3,0,18,8.0,0
58987,rolling stock,Den Haag Centraal - Leiden Centraal,9,Tuesday,3,0,2,1.0,0
58988,rolling stock,Breda - Tilburg,11,Tuesday,3,0,5,1.0,0
58989,rolling stock,"Almere Oostvaarders - Utrecht Centraal, Amsterdam Centraal - Lelystad Centrum, Lelystad Centrum - Schiphol Airport",11,Tuesday,3,0,5,3.0,0
58991,rolling stock,"Arnhem Centraal - Basel SBB, Arnhem Centraal - Düsseldorf Hbf, Arnhem Centraal - Frankfurt (M) Hbf",13,Tuesday,3,0,3,3.0,0
58992,rolling stock,"Den Haag Centraal - Utrecht Centraal, Leiden Centraal - Utrecht Centraal, Rotterdam Centraal - Utrecht Centraal",13,Tuesday,3,0,5,3.0,1
58993,rolling stock,Rotterdam Centraal - Schiphol Airport (HSL),13,Tuesday,3,0,2,1.0,0
58994,infrastructure,"Amersfoort - Apeldoorn, Apeldoorn - Deventer",17,Tuesday,3,0,5,2.0,0
58996,rolling stock,Schiphol Airport - Utrecht Centraal,18,Tuesday,3,0,5,1.0,0
58997,rolling stock,Breda - Rotterdam Centraal (HSL),19,Tuesday,3,0,2,1.0,1
58998,external,Apeldoorn - Deventer,20,Tuesday,3,0,4,1.0,0
58999,rolling stock,'s-Hertogenbosch - Eindhoven,20,Tuesday,3,0,6,1.0,0
59000,accidents,Apeldoorn - Deventer,20,Tuesday,3,0,4,1.0,1
59001,external,Arnhem Centraal - Tiel,21,Tuesday,3,0,6,1.0,0
59002,infrastructure,Alkmaar - Amsterdam Centraal,4,Wednesday,3,0,9,1.0,1
59003,engineering work,"Amersfoort - Utrecht Centraal, Baarn - Utrecht Centraal",5,Wednesday,3,0,3,2.0,0
59004,infrastructure,Arnhem Centraal - Winterswijk,5,Wednesday,3,0,3,1.0,1
59005,rolling stock,Arnhem Centraal - Zutphen,6,Wednesday,3,0,8,1.0,0
59007,rolling stock,Arnhem Centraal - Nijmegen,7,Wednesday,3,0,5,1.0,0
59009,staff,"Liège-Guillemins - Maastricht, Maastricht - Maastricht Randwyck",8,Wednesday,3,0,6,2.0,1
59010,rolling stock,Roermond - Venlo,8,Wednesday,3,0,2,1.0,0
59011,accidents,Amersfoort - Utrecht Centraal,8,Wednesday,3,0,2,1.0,1
59012,rolling stock,"Amersfoort - Schiphol Airport, Lelystad Centrum - Schiphol Airport",8,Wednesday,3,0,3,2.0,0
59013,weather,Amersfoort - Zwolle,8,Wednesday,3,0,2,1.0,0
59014,rolling stock,"Amersfoort - Schiphol Airport, Lelystad Centrum - Schiphol Airport, Schiphol Airport - Utrecht Centraal",9,Wednesday,3,0,2,3.0,0
59015,rolling stock,Breda - Rotterdam Centraal (HSL),9,Wednesday,3,0,2,1.0,0
59016,infrastructure,Dordrecht - Roosendaal,11,Wednesday,3,0,6,1.0,0
59017,rolling stock,"Amersfoort - Schiphol Airport, Den Haag Centraal - Den Haag HS, Den Haag Centraal - Leiden Centraal, Den Haag HS - Leiden Centraal, Den Haag HS - Rotterdam Centraal, Leiden Centraal - Schiphol Airport, Lelystad Centrum - Schiphol Airport, Schiphol Airport - Utrecht Centraal",18,Wednesday,3,0,18,8.0,0
59018,rolling stock,Roermond - Venlo,22,Wednesday,3,0,2,1.0,0
59019,weather,Amersfoort - Ede-Wageningen,6,Thursday,3,0,8,1.0,0
59020,weather,Amersfoort - Ede-Wageningen,6,Thursday,3,0,8,1.0,1
59021,rolling stock,Amersfoort - Zwolle,8,Thursday,3,0,5,1.0,0
59023,rolling stock,"Amersfoort - Schiphol Airport, Den Haag Centraal - Den Haag HS, Den Haag Centraal - Leiden Centraal, Den Haag HS - Leiden Centraal, Den Haag HS - Rotterdam Centraal, Leiden Centraal - Schiphol Airport, Lelystad Centrum - Schiphol Airport, Schiphol Airport - Utrecht Centraal",11,Thursday,3,0,18,8.0,1
59024,rolling stock,"Den Haag Centraal - Den Haag HS, Den Haag HS - Rotterdam Centraal, Dordrecht - Rotterdam Centraal",12,Thursday,3,0,15,3.0,0
59025,rolling stock,"Almere Oostvaarders - Utrecht Centraal, Amsterdam Centraal - Lelystad Centrum, Lelystad Centrum - Schiphol Airport",12,Thursday,3,0,4,3.0,0
59026,unknown,Groningen - Zwolle,13,Thursday,3,0,8,1.0,0
59027,infrastructure,"Den Haag Centraal - Utrecht Centraal, Rotterdam Centraal - Utrecht Centraal",13,Thursday,3,0,7,2.0,1
59028,infrastructure,"Alphen a/d Rijn - Gouda, Den Haag Centraal - Utrecht Centraal, Rotterdam Centraal - Utrecht Centraal",14,Thursday,3,0,2,3.0,1
59029,external,Roosendaal - Vlissingen,16,Thursday,3,0,11,1.0,0
59030,external,Amersfoort - Schiphol Airport,17,Thursday,3,0,10,1.0,0
59031,rolling stock,Lelystad Centrum - Schiphol Airport,17,Thursday,3,0,9,1.0,0
59032,rolling stock,Rotterdam Centraal - Schiphol Airport (HSL),18,Thursday,3,0,2,1.0,0
59033,engineering work,Nijmegen - Venlo,18,Thursday,3,0,2,1.0,1
59034,external,Eindhoven - Venlo,18,Thursday,3,0,6,1.0,0
59035,infrastructure,"Arnhem Centraal - Basel SBB, Arnhem Centraal - Düsseldorf Hbf, Arnhem Centraal - Frankfurt (M) Hbf",19,Thursday,3,0,7,3.0,1
59036,rolling stock,Amersfoort - Zwolle,20,Thursday,3,0,5,1.0,0
59037,accidents,'s-Hertogenbosch - Nijmegen,22,Thursday,3,0,2,1.0,0
59038,engineering work,"Amsterdam Centraal - Schiphol Airport, Leiden Centraal - Schiphol Airport",0,Friday,3,0,5,2.0,1
59039,infrastructure,Amsterdam Centraal - Schiphol Airport,2,Friday,3,0,4,1.0,1
59040,staff,"Liège-Guillemins - Maastricht, Maastricht - Maastricht Randwyck",5,Friday,3,0,6,2.0,1
59041,engineering work,Breda - Rotterdam Centraal (HSL),5,Friday,3,0,2,1.0,1
59042,engineering work,Dordrecht - Rotterdam Centraal,5,Friday,3,0,8,1.0,1
59043,unknown,Leeuwarden - Zwolle,6,Friday,3,0,2,1.0,1
59044,external,Leiden Centraal - Utrecht Centraal,6,Friday,3,0,2,1.0,0
59045,engineering work,"Breda - Dordrecht, Dordrecht - Roosendaal",8,Friday,3,0,3,2.0,1
59046,engineering work,"Den Haag Centraal - Den Haag HS, Den Haag HS - Rotterdam Centraal, Dordrecht - Rotterdam Centraal",8,Friday,3,0,15,3.0,1
59047,engineering work,"Brussel-Zuid/Midi - Rotterdam Centraal (HSL), Paris-Nord - Rotterdam Centraal (HSL)",9,Friday,3,0,2,2.0,1
59049,external,Amsterdam Centraal - Hoorn,11,Friday,3,0,2,1.0,0
59050,external,Alkmaar - Hoorn,11,Friday,3,0,3,1.0,0
59051,external,Amsterdam Centraal - Utrecht Centraal,11,Friday,3,0,11,1.0,0
59053,external,Haarlem - Zandvoort aan Zee,15,Friday,3,0,3,1.0,0
59054,rolling stock,Alkmaar - Amsterdam Centraal,16,Friday,3,0,4,1.0,0
59055,rolling stock,"Amersfoort - Amsterdam Centraal, Amersfoort - Schiphol Airport",16,Friday,3,0,3,2.0,1
59056,rolling stock,"Amersfoort - Schiphol Airport, Den Haag Centraal - Den Haag HS, Den Haag Centraal - Leiden Centraal, Den Haag HS - Leiden Centraal, Den Haag HS - Rotterdam Centraal, Leiden Centraal - Schiphol Airport, Lelystad Centrum - Schiphol Airport, Schiphol Airport - Utrecht Centraal",16,Friday,3,0,18,8.0,0
59057,rolling stock,"Den Haag Centraal - Den Haag HS, Den Haag HS - Rotterdam Centraal, Dordrecht - Rotterdam Centraal",16,Friday,3,0,15,3.0,0
59059,staff,Heerlen - Sittard,7,Saturday,3,1,7,1.0,1
59061,unknown,'s-Hertogenbosch - Utrecht Centraal,11,Saturday,3,1,9,1.0,0
59062,rolling stock,"Amsterdam Centraal - Utrecht Centraal, Amsterdam Centraal - Woerden",11,Saturday,3,1,3,2.0,0
59065,rolling stock,Eindhoven - Venlo,13,Saturday,3,1,6,1.0,0
59066,rolling stock,Alkmaar - Hoorn,17,Saturday,3,1,5,1.0,0
59068,rolling stock,Haarlem - Uitgeest,18,Saturday,3,1,6,1.0,0
59069,rolling stock,Amsterdam Centraal - Haarlem,18,Saturday,3,1,4,1.0,0
59071,infrastructure,"Almere Oostvaarders - Utrecht Centraal, Hilversum - Utrecht Centraal",23,Saturday,3,1,4,2.0,0
59072,staff,"Arnhem Centraal - Basel SBB, Arnhem Centraal - Düsseldorf Hbf, Arnhem Centraal - Frankfurt (M) Hbf",7,Sunday,3,1,3,3.0,1
59073,rolling stock,Amsterdam Centraal - Haarlem,8,Sunday,3,1,5,1.0,0
59074,rolling stock,Eindhoven - Tilburg,8,Sunday,3,1,6,1.0,0
59075,rolling stock,"'s-Hertogenbosch - Eindhoven, Eindhoven - Tilburg",9,Sunday,3,1,4,2.0,0
59076,rolling stock,Lelystad Centrum - Schiphol Airport,10,Sunday,3,1,13,1.0,0
59077,external,'s-Hertogenbosch - Nijmegen,11,Sunday,3,1,5,1.0,1
59078,rolling stock,Amersfoort - Zwolle,14,Sunday,3,1,2,1.0,0
59080,rolling stock,Den Haag HS - Rotterdam Centraal,18,Sunday,3,1,4,1.0,0
59081,rolling stock,"Antwerpen-Centraal - Breda (HSL), Breda - Rotterdam Centraal (HSL)",19,Sunday,3,1,3,2.0,0
59083,rolling stock,"Amsterdam Centraal - Utrecht Centraal, Amsterdam Centraal - Woerden",19,Sunday,3,1,4,2.0,0
59084,accidents,Nijmegen - Venlo,22,Sunday,3,1,3,1.0,1
59085,rolling stock,Leiden Centraal - Schiphol Airport,0,Monday,3,0,5,1.0,0
59086,staff,Liège-Guillemins - Maastricht,7,Monday,3,0,5,1.0,1
59087,external,Nijmegen - Venlo,7,Monday,3,0,3,1.0,0
59089,infrastructure,"Amersfoort - Schiphol Airport, Den Haag Centraal - Den Haag HS, Den Haag Centraal - Leiden Centraal, Den Haag HS - Leiden Centraal, Den Haag HS - Rotterdam Centraal, Leiden Centraal - Schiphol Airport, Lelystad Centrum - Schiphol Airport, Schiphol Airport - Utrecht Centraal",8,Monday,3,0,18,8.0,1
59090,infrastructure,Dordrecht - Rotterdam Centraal,9,Monday,3,0,8,1.0,1
59091,infrastructure,Breda - Rotterdam Centraal (HSL),9,Monday,3,0,2,1.0,1
59092,infrastructure,"'s-Hertogenbosch - Tilburg, Breda - Tilburg",9,Monday,3,0,6,2.0,0
59093,infrastructure,"Amsterdam Centraal - Utrecht Centraal, Amsterdam Centraal - Woerden",9,Monday,3,0,3,2.0,1
59096,rolling stock,Breda - Rotterdam Centraal (HSL),17,Monday,3,0,2,1.0,0
59098,external,'s-Hertogenbosch - Nijmegen,18,Monday,3,0,4,1.0,0
59099,rolling stock,"Arnhem Centraal - Basel SBB, Arnhem Centraal - Düsseldorf Hbf, Arnhem Centraal - Frankfurt (M) Hbf, Arnhem Centraal - Winterswijk",19,Monday,3,0,5,4.0,0
59100,external,Eindhoven - Venlo,19,Monday,3,0,4,1.0,0
59101,rolling stock,Eindhoven - Venlo,21,Monday,3,0,3,1.0,0
59102,engineering work,Amsterdam Centraal - Schiphol Airport,5,Tuesday,4,0,4,1.0,1
59104,rolling stock,Amersfoort - Ede-Wageningen,6,Tuesday,4,0,5,1.0,1
59106,engineering work,Amsterdam Centraal - Schiphol Airport,7,Tuesday,4,0,4,1.0,0
59108,accidents,Groningen - Zwolle,7,Tuesday,4,0,4,1.0,1
59109,logistical,Hamm (Westf.) - Venlo,8,Tuesday,4,0,2,1.0,1
59111,rolling stock,Amersfoort - Ede-Wageningen,8,Tuesday,4,0,5,1.0,1
59112,infrastructure,Leeuwarden - Zwolle,10,Tuesday,4,0,3,1.0,1
59114,rolling stock,Den Haag HS - Rotterdam Centraal,11,Tuesday,4,0,7,1.0,1
59115,rolling stock,Breda - Rotterdam Centraal (HSL),11,Tuesday,4,0,2,1.0,1
59116,rolling stock,Dordrecht - Rotterdam Centraal,11,Tuesday,4,0,8,1.0,1
59118,unknown,"Alkmaar - Amsterdam Centraal, Amsterdam Centraal - Haarlem, Amsterdam Centraal - Hoorn, Amsterdam Centraal - Schiphol Airport",15,Tuesday,4,0,2,4.0,1
59120,rolling stock,Breda - Rotterdam Centraal (HSL),15,Tuesday,4,0,2,1.0,0
59121,rolling stock,Amsterdam Centraal - Hoorn,17,Tuesday,4,0,2,1.0,1
59122,rolling stock,Lelystad Centrum - Schiphol Airport,18,Tuesday,4,0,13,1.0,0
59123,rolling stock,Leiden Centraal - Schiphol Airport,18,Tuesday,4,0,5,1.0,0
59124,rolling stock,Rotterdam Centraal - Schiphol Airport (HSL),18,Tuesday,4,0,2,1.0,0
59126,rolling stock,Leeuwarden - Zwolle,20,Tuesday,4,0,3,1.0,0
59127,rolling stock,Leeuwarden - Zwolle,20,Tuesday,4,0,3,1.0,0
59128,rolling stock,Dordrecht - Geldermalsen,20,Tuesday,4,0,2,1.0,0
59129,unknown,Roosendaal - Vlissingen,20,Tuesday,4,0,2,1.0,1
59130,accidents,Arnhem Centraal - Utrecht Centraal,20,Tuesday,4,0,4,1.0,1
59131,accidents,Den Haag Centraal - Leiden Centraal,21,Tuesday,4,0,6,1.0,1
59132,accidents,Leiden Centraal - Schiphol Airport,21,Tuesday,4,0,5,1.0,1
59133,accidents,"Amsterdam Centraal - Utrecht Centraal, Schiphol Airport - Utrecht Centraal",21,Tuesday,4,0,7,2.0,1
59135,accidents,Roosendaal - Vlissingen,22,Tuesday,4,0,3,1.0,1
59136,rolling stock,"Breda - Dordrecht, Dordrecht - Roosendaal",23,Tuesday,4,0,3,2.0,0
59138,rolling stock,"Arnhem Centraal - Basel SBB, Arnhem Centraal - Düsseldorf Hbf, Arnhem Centraal - Frankfurt (M) Hbf",5,Wednesday,4,0,7,3.0,1
59140,rolling stock,Breda - Rotterdam Centraal (HSL),6,Wednesday,4,0,2,1.0,1
59141,rolling stock,"Den Haag Centraal - Den Haag HS, Den Haag HS - Rotterdam Centraal, Dordrecht - Rotterdam Centraal",6,Wednesday,4,0,15,3.0,0
59142,rolling stock,"Breda - Dordrecht, Dordrecht - Roosendaal",7,Wednesday,4,0,3,2.0,0
59143,rolling stock,Leeuwarden - Stavoren,8,Wednesday,4,0,4,1.0,0
59144,staff,Aachen Hbf - Heerlen,9,Wednesday,4,0,6,1.0,1
59145,rolling stock,Eindhoven - Venlo,10,Wednesday,4,0,6,1.0,0
59146,rolling stock,"Amersfoort - Schiphol Airport, Lelystad Centrum - Schiphol Airport, Schiphol Airport - Utrecht Centraal",14,Wednesday,4,0,2,3.0,0
59148,external,"'s-Hertogenbosch - Eindhoven, 's-Hertogenbosch - Utrecht Centraal, Amsterdam Centraal - Utrecht Centraal",14,Wednesday,4,0,24,3.0,1
59151,infrastructure,"Arnhem Centraal - Basel SBB, Arnhem Centraal - Düsseldorf Hbf, Arnhem Centraal - Frankfurt (M) Hbf, Arnhem Centraal - Winterswijk",15,Wednesday,4,0,5,4.0,0
59154,external,Groningen - Zwolle,18,Wednesday,4,0,2,1.0,0
59156,rolling stock,Eindhoven - Venlo,22,Wednesday,4,0,2,1.0,0
59157,rolling stock,Almelo - Mariënberg,6,Thursday,4,0,5,1.0,0
59158,infrastructure,Aachen Hbf - Heerlen,7,Thursday,4,0,3,1.0,0
59159,rolling stock,"Arnhem Centraal - Utrecht Centraal, Rhenen - Utrecht Centraal",7,Thursday,4,0,4,2.0,0
59160,infrastructure,Emmen - Zwolle,7,Thursday,4,0,2,1.0,1
59161,rolling stock,Schiphol Airport - Utrecht Centraal,7,Thursday,4,0,5,1.0,0
59162,rolling stock,"'s-Hertogenbosch - Eindhoven, 's-Hertogenbosch - Utrecht Centraal, Amsterdam Centraal - Utrecht Centraal",9,Thursday,4,0,24,3.0,1
59163,rolling stock,Breda - Rotterdam Centraal (HSL),10,Thursday,4,0,2,1.0,0
59164,unknown,Tiel - Utrecht Centraal,11,Thursday,4,0,3,1.0,1
59165,rolling stock,Aachen Hbf - Heerlen,12,Thursday,4,0,4,1.0,1
59166,accidents,Deventer - Zwolle,13,Thursday,4,0,2,1.0,1
59167,rolling stock,'s-Hertogenbosch - Tilburg,14,Thursday,4,0,2,1.0,0
59168,accidents,Arnhem Centraal - Nijmegen,14,Thursday,4,0,3,1.0,1
59169,unknown,Den Haag Centraal - Leiden Centraal,15,Thursday,4,0,6,1.0,1
59170,infrastructure,Rhenen - Utrecht Centraal,15,Thursday,4,0,6,1.0,1
59172,infrastructure,"Amsterdam Centraal - Utrecht Centraal, Schiphol Airport - Utrecht Centraal",15,Thursday,4,0,7,2.0,1
59173,rolling stock,'s-Hertogenbosch - Tilburg,15,Thursday,4,0,2,1.0,0
59174,rolling stock,Rotterdam Centraal - Utrecht Centraal,16,Thursday,4,0,6,1.0,0
59176,external,Almere Oostvaarders - Utrecht Centraal,17,Thursday,4,0,5,1.0,1
59179,rolling stock,"Amersfoort - Schiphol Airport, Lelystad Centrum - Schiphol Airport, Schiphol Airport - Utrecht Centraal",19,Thursday,4,0,2,3.0,0
59180,engineering work,"Den Haag Centraal - Den Haag HS, Den Haag Centraal - Leiden Centraal, Den Haag HS - Leiden Centraal",20,Thursday,4,0,7,3.0,1
59181,engineering work,Den Haag Centraal - Leiden Centraal,20,Thursday,4,0,6,1.0,1
59182,accidents,Almelo - Deventer,21,Thursday,4,0,4,1.0,0
59183,accidents,Almelo - Deventer,21,Thursday,4,0,4,1.0,0
59184,rolling stock,Amsterdam Centraal - Utrecht Centraal,5,Friday,4,0,9,1.0,1
59185,rolling stock,"Amsterdam Centraal - Utrecht Centraal, Schiphol Airport - Utrecht Centraal",7,Friday,4,0,4,2.0,1
59186,rolling stock,Roermond - Sittard,7,Friday,4,0,4,1.0,0
59187,infrastructure,Roermond - Sittard,8,Friday,4,0,4,1.0,1
59189,accidents,Amsterdam Centraal - Haarlem,12,Friday,4,0,5,1.0,0
59190,external,Breda - Rotterdam Centraal (HSL),14,Friday,4,0,2,1.0,0
59191,unknown,Breda - Tilburg,15,Friday,4,0,5,1.0,1
59193,infrastructure,'s-Hertogenbosch - Tilburg,16,Friday,4,0,2,1.0,0
59194,infrastructure,Delfzijl - Groningen,17,Friday,4,0,7,1.0,1
59195,rolling stock,Aachen Hbf - Heerlen,17,Friday,4,0,4,1.0,1
59196,infrastructure,"Den Haag Centraal - Den Haag HS, Den Haag HS - Rotterdam Centraal",18,Friday,4,0,8,2.0,1
59197,engineering work,Eindhoven - Venlo,20,Friday,4,0,4,1.0,0
59198,rolling stock,"Antwerpen-Centraal - Breda (HSL), Breda - Rotterdam Centraal (HSL)",21,Friday,4,0,3,2.0,0
59199,external,Antwerpen-Centraal - Roosendaal,21,Friday,4,0,2,1.0,1
59200,rolling stock,Amersfoort - Ede-Wageningen,21,Friday,4,0,8,1.0,0
59201,external,Almelo - Deventer,23,Friday,4,0,4,1.0,0
59202,staff,Aachen Hbf - Heerlen,1,Saturday,4,1,6,1.0,1
59203,staff,"Arnhem Centraal - Basel SBB, Arnhem Centraal - Düsseldorf Hbf, Arnhem Centraal - Frankfurt (M) Hbf",1,Saturday,4,1,7,3.0,1
59204,infrastructure,Amersfoort - Ede-Wageningen,9,Saturday,4,1,2,1.0,1
59205,staff,Heerlen - Sittard,15,Saturday,4,1,7,1.0,1
59206,rolling stock,Almere Oostvaarders - Utrecht Centraal,16,Saturday,4,1,5,1.0,0
59207,rolling stock,Rotterdam Centraal - Schiphol Airport (HSL),17,Saturday,4,1,2,1.0,0
59208,infrastructure,'s-Hertogenbosch - Utrecht Centraal,20,Saturday,4,1,3,1.0,0
59209,external,Haarlem - Uitgeest,21,Saturday,4,1,8,1.0,0
59210,external,Rotterdam Centraal - Schiphol Airport (HSL),21,Saturday,4,1,2,1.0,0
59211,rolling stock,"Arnhem Centraal - Basel SBB, Arnhem Centraal - Düsseldorf Hbf, Arnhem Centraal - Frankfurt (M) Hbf",7,Sunday,4,1,7,3.0,1
59212,rolling stock,'s-Hertogenbosch - Nijmegen,7,Sunday,4,1,5,1.0,0
59213,infrastructure,Roermond - Sittard,9,Sunday,4,1,4,1.0,1
59214,rolling stock,Roermond - Venlo,10,Sunday,4,1,5,1.0,0
59215,accidents,Apeldoorn - Deventer,12,Sunday,4,1,4,1.0,1
59216,external,Schiphol Airport - Utrecht Centraal,17,Sunday,4,1,5,1.0,0
59217,external,Leiden Centraal - Schiphol Airport,17,Sunday,4,1,5,1.0,0
59218,rolling stock,Alkmaar - Amsterdam Centraal,18,Sunday,4,1,3,1.0,0
59219,external,Den Haag HS - Rotterdam Centraal,19,Sunday,4,1,7,1.0,0
59221,infrastructure,Amsterdam Centraal - Lelystad Centrum,6,Monday,4,0,10,1.0,1
59223,infrastructure,Dordrecht - Rotterdam Centraal,12,Monday,4,0,8,1.0,0
59224,rolling stock,"Eindhoven - Roermond, Roermond - Sittard",12,Monday,4,0,5,2.0,0
59227,accidents,"Brussel-Zuid/Midi - Rotterdam Centraal (HSL), Paris-Nord - Rotterdam Centraal (HSL)",17,Monday,4,0,7,2.0,1
59228,external,Amersfoort - Utrecht Centraal,19,Monday,4,0,2,1.0,0
59229,infrastructure,Alkmaar - Hoorn,4,Tuesday,4,0,3,1.0,1
59230,staff,"Bielefeld Hbf - Hengelo, Hengelo - Oldenzaal",4,Tuesday,4,0,8,2.0,1
59231,infrastructure,Alphen a/d Rijn - Gouda,5,Tuesday,4,0,6,1.0,0
59232,staff,"Liège-Guillemins - Maastricht, Maastricht - Maastricht Randwyck",5,Tuesday,4,0,6,2.0,1
59233,infrastructure,'s-Hertogenbosch - Nijmegen,7,Tuesday,4,0,3,1.0,1
59234,rolling stock,"Arnhem Centraal - Basel SBB, Arnhem Centraal - Düsseldorf Hbf, Arnhem Centraal - Frankfurt (M) Hbf, Arnhem Centraal - Winterswijk",9,Tuesday,4,0,5,4.0,1
59235,rolling stock,Breda - Rotterdam Centraal (HSL),10,Tuesday,4,0,2,1.0,0
59236,infrastructure,Almelo - Zwolle,10,Tuesday,4,0,3,1.0,1
59237,rolling stock,Rotterdam Centraal - Utrecht Centraal,13,Tuesday,4,0,12,1.0,0
59238,infrastructure,"'s-Hertogenbosch - Eindhoven, 's-Hertogenbosch - Nijmegen, 's-Hertogenbosch - Tilburg, 's-Hertogenbosch - Utrecht Centraal",13,Tuesday,4,0,1,4.0,1
59239,infrastructure,"'s-Hertogenbosch - Tilburg, Breda - Tilburg, Eindhoven - Tilburg",13,Tuesday,4,0,2,3.0,1
59240,rolling stock,"Den Haag Centraal - Utrecht Centraal, Rotterdam Centraal - Utrecht Centraal",14,Tuesday,4,0,2,2.0,1
59241,infrastructure,'s-Hertogenbosch - Tilburg,15,Tuesday,4,0,2,1.0,1
59242,unknown,Eindhoven - Venlo,15,Tuesday,4,0,6,1.0,1
59243,infrastructure,Breda - Rotterdam Centraal (HSL),15,Tuesday,4,0,2,1.0,0
59244,rolling stock,"Arnhem Centraal - Utrecht Centraal, Rhenen - Utrecht Centraal",16,Tuesday,4,0,4,2.0,0
59245,rolling stock,Almere Oostvaarders - Utrecht Centraal,20,Tuesday,4,0,8,1.0,0
59246,rolling stock,Almere Oostvaarders - Utrecht Centraal,20,Tuesday,4,0,3,1.0,0
59247,rolling stock,Arnhem Centraal - Utrecht Centraal,6,Wednesday,4,0,2,1.0,0
59248,accidents,Groningen - Zwolle,7,Wednesday,4,0,2,1.0,1
59249,rolling stock,Leiden Centraal - Utrecht Centraal,7,Wednesday,4,0,3,1.0,0
59250,rolling stock,"Arnhem Centraal - Basel SBB, Arnhem Centraal - Düsseldorf Hbf, Arnhem Centraal - Frankfurt (M) Hbf",8,Wednesday,4,0,3,3.0,0
59251,rolling stock,Amersfoort - Zwolle,8,Wednesday,4,0,2,1.0,0
59252,rolling stock,"Arnhem Centraal - Basel SBB, Arnhem Centraal - Düsseldorf Hbf, Arnhem Centraal - Frankfurt (M) Hbf",8,Wednesday,4,0,7,3.0,1
59253,rolling stock,Breda - Tilburg,9,Wednesday,4,0,3,1.0,0
59254,accidents,Haarlem - Leiden Centraal,9,Wednesday,4,0,4,1.0,1
59255,accidents,Den Haag Centraal - Leiden Centraal,9,Wednesday,4,0,6,1.0,1
59256,external,'s-Hertogenbosch - Tilburg,10,Wednesday,4,0,2,1.0,0
59257,external,"Almere Oostvaarders - Utrecht Centraal, Amsterdam Centraal - Lelystad Centrum, Lelystad Centrum - Schiphol Airport",12,Wednesday,4,0,5,3.0,0
59258,external,Arnhem Centraal - Utrecht Centraal,13,Wednesday,4,0,2,1.0,0
59259,rolling stock,Leiden Centraal - Schiphol Airport,13,Wednesday,4,0,2,1.0,0
59260,external,Leeuwarden - Zwolle,16,Wednesday,4,0,8,1.0,0
59263,accidents,Breda - Tilburg,17,Wednesday,4,0,3,1.0,0
59264,external,Rotterdam Centraal - Utrecht Centraal,17,Wednesday,4,0,6,1.0,0
59265,rolling stock,"Amersfoort - Schiphol Airport, Den Haag Centraal - Den Haag HS, Den Haag Centraal - Leiden Centraal, Den Haag HS - Leiden Centraal, Den Haag HS - Rotterdam Centraal, Leiden Centraal - Schiphol Airport, Lelystad Centrum - Schiphol Airport, Schiphol Airport - Utrecht Centraal",18,Wednesday,4,0,18,8.0,0
59266,rolling stock,"Den Haag Centraal - Den Haag HS, Den Haag HS - Rotterdam Centraal, Dordrecht - Rotterdam Centraal",18,Wednesday,4,0,15,3.0,0
59267,unknown,Arnhem Centraal - Zutphen,20,Wednesday,4,0,6,1.0,0
59269,infrastructure,"Amsterdam Centraal - Utrecht Centraal, Schiphol Airport - Utrecht Centraal",21,Wednesday,4,0,2,2.0,1
59270,rolling stock,Breda - Rotterdam Centraal (HSL),21,Wednesday,4,0,2,1.0,0
59271,rolling stock,Eindhoven - Venlo,21,Wednesday,4,0,6,1.0,0
59272,external,"Amersfoort - Amsterdam Centraal, Amersfoort - Apeldoorn, Amersfoort - Ede-Wageningen, Amersfoort - Schiphol Airport, Amersfoort - Utrecht Centraal, Amersfoort - Zwolle",21,Wednesday,4,0,3,6.0,0
59273,rolling stock,Tiel - Utrecht Centraal,6,Thursday,4,0,3,1.0,0
59274,rolling stock,"Amersfoort - Schiphol Airport, Den Haag Centraal - Den Haag HS, Den Haag Centraal - Leiden Centraal, Den Haag HS - Leiden Centraal, Den Haag HS - Rotterdam Centraal, Leiden Centraal - Schiphol Airport, Lelystad Centrum - Schiphol Airport, Schiphol Airport - Utrecht Centraal",6,Thursday,4,0,18,8.0,0
59275,rolling stock,Leiden Centraal - Schiphol Airport,6,Thursday,4,0,5,1.0,0
59276,rolling stock,Heerlen - Maastricht,8,Thursday,4,0,5,1.0,0
59277,rolling stock,"Arnhem Centraal - Utrecht Centraal, Rhenen - Utrecht Centraal",8,Thursday,4,0,4,2.0,0
59278,rolling stock,"Amsterdam Centraal - Utrecht Centraal, Schiphol Airport - Utrecht Centraal",8,Thursday,4,0,4,2.0,0
59279,rolling stock,"Amersfoort - Schiphol Airport, Lelystad Centrum - Schiphol Airport",8,Thursday,4,0,4,2.0,0
59281,rolling stock,Antwerpen-Centraal - Roosendaal,9,Thursday,4,0,2,1.0,1
59282,accidents,Emmen - Zwolle,12,Thursday,4,0,3,1.0,1
59284,accidents,Emmen - Zwolle,12,Thursday,4,0,2,1.0,0
59285,rolling stock,Roosendaal - Vlissingen,14,Thursday,4,0,11,1.0,1
59286,external,Amersfoort - Ede-Wageningen,17,Thursday,4,0,5,1.0,0
59287,rolling stock,"Amersfoort - Schiphol Airport, Amsterdam Centraal - Schiphol Airport, Leiden Centraal - Schiphol Airport, Lelystad Centrum - Schiphol Airport, Rotterdam Centraal - Schiphol Airport (HSL), Schiphol Airport - Utrecht Centraal, Schiphol Airport - Zaandam",18,Thursday,4,0,2,7.0,0
59288,infrastructure,Groningen - Leeuwarden,19,Thursday,4,0,2,1.0,0
59289,external,Amersfoort - Zwolle,19,Thursday,4,0,5,1.0,0
59290,rolling stock,Roermond - Venlo,21,Thursday,4,0,2,1.0,0
59291,accidents,Roermond - Venlo,0,Friday,4,0,5,1.0,1
59292,rolling stock,Dordrecht - Rotterdam Centraal,8,Friday,4,0,8,1.0,0
59293,rolling stock,Eindhoven - Venlo,8,Friday,4,0,3,1.0,0
59294,external,Amersfoort - Utrecht Centraal,12,Friday,4,0,5,1.0,0
59295,rolling stock,"Amsterdam Centraal - Schiphol Airport, Leiden Centraal - Schiphol Airport",16,Friday,4,0,5,2.0,0
59296,rolling stock,Schiphol Airport - Utrecht Centraal,16,Friday,4,0,5,1.0,0
59297,infrastructure,Alphen a/d Rijn - Gouda,17,Friday,4,0,2,1.0,1
59298,rolling stock,Eindhoven - Tilburg,17,Friday,4,0,3,1.0,0
59299,rolling stock,Groningen - Leeuwarden,18,Friday,4,0,9,1.0,0
59300,infrastructure,Eindhoven - Tilburg,19,Friday,4,0,6,1.0,1
59301,external,Arnhem Centraal - Winterswijk,0,Saturday,4,1,2,1.0,1
59302,rolling stock,Heerlen - Maastricht,8,Saturday,4,1,6,1.0,0
59303,infrastructure,"Arnhem Centraal - Utrecht Centraal, Rhenen - Utrecht Centraal",8,Saturday,4,1,4,2.0,1
59304,rolling stock,Deventer - Zwolle,8,Saturday,4,1,4,1.0,0
59305,rolling stock,"Amersfoort - Schiphol Airport, Den Haag Centraal - Den Haag HS, Den Haag Centraal - Leiden Centraal, Den Haag HS - Leiden Centraal, Den Haag HS - Rotterdam Centraal, Leiden Centraal - Schiphol Airport, Lelystad Centrum - Schiphol Airport, Schiphol Airport - Utrecht Centraal",9,Saturday,4,1,18,8.0,1
59306,infrastructure,Roermond - Sittard,10,Saturday,4,1,4,1.0,1
59307,rolling stock,Eindhoven - Venlo,11,Saturday,4,1,9,1.0,1
59308,infrastructure,"Berlin Ostbahnhof - Hengelo, Bielefeld Hbf - Hengelo, Hengelo - Oldenzaal",12,Saturday,4,1,3,3.0,0
59309,rolling stock,"Breda - Tilburg, Eindhoven - Tilburg",13,Saturday,4,1,4,2.0,0
59310,rolling stock,"Almere Oostvaarders - Utrecht Centraal, Amsterdam Centraal - Lelystad Centrum, Lelystad Centrum - Schiphol Airport",13,Saturday,4,1,5,3.0,0
59311,rolling stock,Amersfoort - Zwolle,13,Saturday,4,1,2,1.0,0
59313,external,Almere Oostvaarders - Utrecht Centraal,16,Saturday,4,1,5,1.0,0
59314,rolling stock,Eindhoven - Tilburg,18,Saturday,4,1,3,1.0,0
59315,external,Haarlem - Uitgeest,19,Saturday,4,1,6,1.0,0
59316,infrastructure,Breda - Dordrecht,20,Saturday,4,1,3,1.0,0
59317,infrastructure,"Amersfoort - Apeldoorn, Apeldoorn - Deventer",6,Sunday,4,1,5,2.0,1
59318,infrastructure,Amersfoort - Ede-Wageningen,6,Sunday,4,1,4,1.0,1
59319,external,Breda - Tilburg,6,Sunday,4,1,5,1.0,0
59320,engineering work,Almelo - Deventer,7,Sunday,4,1,4,1.0,1
59321,infrastructure,"Amersfoort - Amsterdam Centraal, Amersfoort - Schiphol Airport",8,Sunday,4,1,2,2.0,0
59322,rolling stock,"Bielefeld Hbf - Hengelo, Hengelo - Oldenzaal",9,Sunday,4,1,8,2.0,1
59323,external,"Amersfoort - Schiphol Airport, Den Haag Centraal - Den Haag HS, Den Haag Centraal - Leiden Centraal, Den Haag HS - Leiden Centraal, Den Haag HS - Rotterdam Centraal, Leiden Centraal - Schiphol Airport, Lelystad Centrum - Schiphol Airport, Schiphol Airport - Utrecht Centraal",13,Sunday,4,1,18,8.0,1
59324,external,Roermond - Venlo,15,Sunday,4,1,3,1.0,0
59325,staff,"Bielefeld Hbf - Hengelo, Hengelo - Oldenzaal",15,Sunday,4,1,8,2.0,1
59326,external,"Amersfoort - Amsterdam Centraal, Amsterdam Centraal - Lelystad Centrum",20,Sunday,4,1,5,2.0,0
59327,external,"Amsterdam Centraal - Utrecht Centraal, Amsterdam Centraal - Woerden",21,Sunday,4,1,4,2.0,0
59328,rolling stock,Eindhoven - Venlo,21,Sunday,4,1,6,1.0,0
59329,rolling stock,Heerlen - Maastricht,22,Sunday,4,1,6,1.0,0
59330,engineering work,"Amsterdam Centraal - Utrecht Centraal, Schiphol Airport - Utrecht Centraal",4,Monday,4,0,4,2.0,1
59332,rolling stock,Haarlem - Leiden Centraal,6,Monday,4,0,5,1.0,0
59333,infrastructure,Almelo - Zwolle,6,Monday,4,0,2,1.0,1
59334,rolling stock,Eindhoven - Venlo,7,Monday,4,0,4,1.0,0
59335,unknown,"Amersfoort - Amsterdam Centraal, Amersfoort - Schiphol Airport",9,Monday,4,0,3,2.0,0
59337,accidents,Leeuwarden - Stavoren,10,Monday,4,0,6,1.0,1
59338,rolling stock,"Eindhoven - Roermond, Roermond - Sittard",10,Monday,4,0,9,2.0,1
59339,rolling stock,"Amersfoort - Schiphol Airport, Den Haag Centraal - Den Haag HS, Den Haag Centraal - Leiden Centraal, Den Haag HS - Leiden Centraal, Den Haag HS - Rotterdam Centraal, Leiden Centraal - Schiphol Airport, Lelystad Centrum - Schiphol Airport, Schiphol Airport - Utrecht Centraal",10,Monday,4,0,18,8.0,0
59341,infrastructure,Apeldoorn - Zutphen,12,Monday,4,0,5,1.0,1
59342,infrastructure,Eindhoven - Venlo,13,Monday,4,0,7,1.0,1
59343,infrastructure,"'s-Hertogenbosch - Eindhoven, Eindhoven - Tilburg",13,Monday,4,0,4,2.0,1
59344,rolling stock,Eindhoven - Venlo,15,Monday,4,0,4,1.0,0
59345,infrastructure,Eindhoven - Venlo,16,Monday,4,0,6,1.0,1
59346,rolling stock,Den Haag HS - Rotterdam Centraal,19,Monday,4,0,7,1.0,0
59347,rolling stock,Roosendaal - Vlissingen,19,Monday,4,0,11,1.0,0
59348,rolling stock,Breda - Tilburg,20,Monday,4,0,5,1.0,0
59349,staff,"Brussel-Zuid/Midi - Rotterdam Centraal (HSL), Paris-Nord - Rotterdam Centraal (HSL)",21,Monday,4,0,7,2.0,1
59352,rolling stock,Roermond - Venlo,8,Tuesday,4,0,2,1.0,0
59353,rolling stock,Den Haag Centraal - Utrecht Centraal,10,Tuesday,4,0,4,1.0,0
59354,rolling stock,Eindhoven - Roermond,11,Tuesday,4,0,5,1.0,0
59355,rolling stock,Leiden Centraal - Schiphol Airport,11,Tuesday,4,0,2,1.0,0
59357,rolling stock,"'s-Hertogenbosch - Eindhoven, Eindhoven - Tilburg",11,Tuesday,4,0,4,2.0,0
59358,rolling stock,Breda - Tilburg,12,Tuesday,4,0,5,1.0,0
59360,rolling stock,Groningen - Zwolle,14,Tuesday,4,0,4,1.0,0
59361,rolling stock,Arnhem Centraal - Zutphen,14,Tuesday,4,0,3,1.0,0
59362,external,"Amsterdam Centraal - Utrecht Centraal, Amsterdam Centraal - Woerden",18,Tuesday,4,0,8,2.0,0
59364,infrastructure,Lelystad Centrum - Zwolle,5,Wednesday,4,0,2,1.0,1
59366,infrastructure,Heerlen - Sittard,6,Wednesday,4,0,7,1.0,1
59367,accidents,"Almere Oostvaarders - Utrecht Centraal, Amersfoort - Amsterdam Centraal, Amersfoort - Schiphol Airport",6,Wednesday,4,0,3,3.0,0
59368,rolling stock,'s-Hertogenbosch - Nijmegen,7,Wednesday,4,0,6,1.0,0
59371,rolling stock,"Berlin Ostbahnhof - Hengelo, Bielefeld Hbf - Hengelo, Hengelo - Oldenzaal",8,Wednesday,4,0,3,3.0,0
59372,accidents,Harlingen Haven - Leeuwarden,8,Wednesday,4,0,6,1.0,1
59374,infrastructure,Eindhoven - Roermond,9,Wednesday,4,0,5,1.0,1
59375,infrastructure,Amersfoort - Ede-Wageningen,9,Wednesday,4,0,5,1.0,1
59376,external,Dordrecht - Roosendaal,10,Wednesday,4,0,6,1.0,1
59377,external,Dordrecht - Rotterdam Centraal,10,Wednesday,4,0,8,1.0,1
59378,infrastructure,Amersfoort - Apeldoorn,10,Wednesday,4,0,2,1.0,1
59379,rolling stock,Breda - Tilburg,11,Wednesday,4,0,5,1.0,0
59380,rolling stock,Arnhem Centraal - Zutphen,11,Wednesday,4,0,6,1.0,0
59381,infrastructure,"'s-Hertogenbosch - Eindhoven, Eindhoven - Tilburg",12,Wednesday,4,0,4,2.0,1
59382,infrastructure,'s-Hertogenbosch - Utrecht Centraal,12,Wednesday,4,0,9,1.0,1
59383,rolling stock,Almelo - Mariënberg,16,Wednesday,4,0,5,1.0,1
59384,external,Dordrecht - Rotterdam Centraal,18,Wednesday,4,0,8,1.0,0
59385,rolling stock,Emmen - Zwolle,21,Wednesday,4,0,2,1.0,1
59386,external,'s-Hertogenbosch - Nijmegen,22,Wednesday,4,0,3,1.0,1
59388,accidents,Amsterdam Centraal - Haarlem,23,Wednesday,4,0,5,1.0,0
59389,infrastructure,"Alkmaar - Amsterdam Centraal, Amersfoort - Amsterdam Centraal, Amsterdam Centraal - Haarlem, Amsterdam Centraal - Hoorn, Amsterdam Centraal - Lelystad Centrum, Amsterdam Centraal - Schiphol Airport, Amsterdam Centraal - Utrecht Centraal, Amsterdam Centraal - Woerden",23,Wednesday,4,0,3,8.0,1
59390,logistical,Roosendaal - Vlissingen,23,Wednesday,4,0,11,1.0,1
59391,rolling stock,Almelo - Mariënberg,6,Thursday,4,0,6,1.0,1
59392,rolling stock,"Antwerpen-Centraal - Breda (HSL), Breda - Rotterdam Centraal (HSL)",9,Thursday,4,0,3,2.0,0
59393,rolling stock,Arnhem Centraal - Winterswijk,10,Thursday,4,0,6,1.0,0
59394,rolling stock,Alkmaar - Den Helder,11,Thursday,4,0,2,1.0,0
59395,rolling stock,'s-Hertogenbosch - Nijmegen,11,Thursday,4,0,4,1.0,0
59396,rolling stock,Arnhem Centraal - Utrecht Centraal,13,Thursday,4,0,2,1.0,0
59397,accidents,Breda - Tilburg,14,Thursday,4,0,3,1.0,1
59398,logistical,Aachen Hbf - Heerlen,15,Thursday,4,0,3,1.0,1
59399,infrastructure,"'s-Hertogenbosch - Utrecht Centraal, Tiel - Utrecht Centraal",16,Thursday,4,0,7,2.0,1
59400,infrastructure,"Amersfoort - Amsterdam Centraal, Amersfoort - Schiphol Airport",17,Thursday,4,0,5,2.0,0
59401,infrastructure,Almere Oostvaarders - Utrecht Centraal,17,Thursday,4,0,8,1.0,0
59402,infrastructure,"'s-Hertogenbosch - Utrecht Centraal, Tiel - Utrecht Centraal",17,Thursday,4,0,7,2.0,0
59403,rolling stock,Arnhem Centraal - Utrecht Centraal,17,Thursday,4,0,4,1.0,1
59404,rolling stock,"Amsterdam Centraal - Utrecht Centraal, Amsterdam Centraal - Woerden",19,Thursday,4,0,5,2.0,0
59405,rolling stock,Breda - Roosendaal,21,Thursday,4,0,3,1.0,0
59407,rolling stock,"Amersfoort - Amsterdam Centraal, Amersfoort - Schiphol Airport",21,Thursday,4,0,2,2.0,0
59408,external,'s-Hertogenbosch - Tilburg,0,Friday,4,0,2,1.0,0
59409,rolling stock,Roosendaal - Vlissingen,8,Friday,4,0,11,1.0,1
59410,engineering work,Breda - Rotterdam Centraal (HSL),8,Friday,4,0,2,1.0,1
59411,infrastructure,"Groningen - Bad Nieuweschans, Groningen - Leer (Ostfriesland)",9,Friday,4,0,2,2.0,1
59412,infrastructure,Breda - Rotterdam Centraal (HSL),12,Friday,4,0,2,1.0,0
59413,infrastructure,Breda - Rotterdam Centraal (HSL),14,Friday,4,0,2,1.0,1
59416,logistical,Leiden Centraal - Utrecht Centraal,16,Friday,4,0,3,1.0,0
59417,rolling stock,Arnhem Centraal - Nijmegen,19,Friday,4,0,3,1.0,1
59418,external,Eindhoven - Venlo,21,Friday,4,0,8,1.0,0
59419,accidents,Dordrecht - Geldermalsen,13,Saturday,4,1,3,1.0,1
59420,rolling stock,Alkmaar - Den Helder,14,Saturday,4,1,2,1.0,0
59421,infrastructure,Leeuwarden - Stavoren,14,Saturday,4,1,9,1.0,1
59422,rolling stock,Amersfoort - Zwolle,16,Saturday,4,1,2,1.0,0
59423,external,Dordrecht - Geldermalsen,16,Saturday,4,1,2,1.0,0
59424,accidents,Almelo - Deventer,18,Saturday,4,1,5,1.0,1
59425,external,Delfzijl - Groningen,20,Saturday,4,1,9,1.0,0
59426,rolling stock,Haarlem - Uitgeest,13,Sunday,4,1,6,1.0,0
59427,rolling stock,Enschede - Hengelo,14,Sunday,4,1,3,1.0,0
59428,rolling stock,Alkmaar - Amsterdam Centraal,16,Sunday,4,1,8,1.0,0
59429,rolling stock,"Amersfoort - Amsterdam Centraal, Amersfoort - Schiphol Airport",16,Sunday,4,1,2,2.0,0
59430,infrastructure,Dordrecht - Rotterdam Centraal,17,Sunday,4,1,2,1.0,0
59431,external,Groningen - Zwolle,18,Sunday,4,1,4,1.0,0
59432,rolling stock,Leeuwarden - Zwolle,19,Sunday,4,1,3,1.0,0
59433,rolling stock,"Amersfoort - Amsterdam Centraal, Amersfoort - Schiphol Airport, Amersfoort - Zwolle",7,Monday,4,0,4,3.0,0
59434,external,Leeuwarden - Stavoren,9,Monday,4,0,4,1.0,0
59435,infrastructure,Dordrecht - Geldermalsen,10,Monday,4,0,3,1.0,1
59436,external,Leiden Centraal - Utrecht Centraal,11,Monday,4,0,2,1.0,0
59437,rolling stock,Deventer - Zutphen,12,Monday,4,0,2,1.0,1
59438,rolling stock,Amersfoort - Zwolle,15,Monday,4,0,2,1.0,0
59439,accidents,Nijmegen - Venlo,21,Monday,4,0,3,1.0,1
59440,external,"Amsterdam Centraal - Utrecht Centraal, Schiphol Airport - Utrecht Centraal",22,Monday,4,0,2,2.0,1
59442,infrastructure,Breda - Rotterdam Centraal (HSL),6,Tuesday,4,0,2,1.0,1
59443,infrastructure,"Den Haag Centraal - Den Haag HS, Den Haag HS - Rotterdam Centraal, Dordrecht - Rotterdam Centraal",6,Tuesday,4,0,15,3.0,0
59444,external,"Almere Oostvaarders - Utrecht Centraal, Amsterdam Centraal - Lelystad Centrum, Lelystad Centrum - Schiphol Airport",6,Tuesday,4,0,4,3.0,1
59445,rolling stock,"Amersfoort - Schiphol Airport, Den Haag Centraal - Den Haag HS, Den Haag Centraal - Leiden Centraal, Den Haag HS - Leiden Centraal, Den Haag HS - Rotterdam Centraal, Leiden Centraal - Schiphol Airport, Lelystad Centrum - Schiphol Airport, Schiphol Airport - Utrecht Centraal",6,Tuesday,4,0,18,8.0,0
59446,rolling stock,"Den Haag Centraal - Den Haag HS, Den Haag HS - Rotterdam Centraal, Dordrecht - Rotterdam Centraal",6,Tuesday,4,0,15,3.0,0
59447,rolling stock,Breda - Rotterdam Centraal (HSL),6,Tuesday,4,0,2,1.0,0
59448,infrastructure,Dordrecht - Rotterdam Centraal,7,Tuesday,4,0,8,1.0,1
59449,rolling stock,Hamm (Westf.) - Venlo,7,Tuesday,4,0,7,1.0,0
59450,rolling stock,Rotterdam Centraal - Schiphol Airport (HSL),7,Tuesday,4,0,2,1.0,0
59451,rolling stock,Dordrecht - Geldermalsen,8,Tuesday,4,0,8,1.0,0
59454,rolling stock,Rotterdam Centraal - Schiphol Airport (HSL),9,Tuesday,4,0,2,1.0,1
59456,rolling stock,Tiel - Utrecht Centraal,9,Tuesday,4,0,3,1.0,0
59457,rolling stock,Eindhoven - Venlo,9,Tuesday,4,0,3,1.0,0
59458,rolling stock,Dordrecht - Rotterdam Centraal,10,Tuesday,4,0,8,1.0,1
59459,rolling stock,Roermond - Venlo,10,Tuesday,4,0,2,1.0,0
59460,accidents,Eindhoven - Tilburg,11,Tuesday,4,0,3,1.0,1
59461,accidents,Roermond - Sittard,12,Tuesday,4,0,2,1.0,1
59462,infrastructure,Arnhem Centraal - Zutphen,12,Tuesday,4,0,3,1.0,1
59463,infrastructure,Apeldoorn - Zutphen,12,Tuesday,4,0,5,1.0,1
59464,external,Eindhoven - Venlo,13,Tuesday,4,0,6,1.0,0
59465,infrastructure,Leeuwarden - Zwolle,14,Tuesday,4,0,3,1.0,1
59466,rolling stock,"Den Haag Centraal - Utrecht Centraal, Rotterdam Centraal - Utrecht Centraal",16,Tuesday,4,0,3,2.0,0
59467,rolling stock,Leeuwarden - Zwolle,17,Tuesday,4,0,3,1.0,0
59469,infrastructure,"Groningen - Bad Nieuweschans, Groningen - Leer (Ostfriesland), Groningen - Veendam",20,Tuesday,4,0,5,3.0,0
59470,external,"Apeldoorn - Zutphen, Arnhem Centraal - Zutphen, Deventer - Zutphen, Hengelo - Zutphen, Winterswijk - Zutphen",22,Tuesday,4,0,1,5.0,0
59471,staff,Heerlen - Sittard,5,Wednesday,4,0,7,1.0,1
59472,staff,Aachen Hbf - Heerlen,7,Wednesday,4,0,6,1.0,1
59473,rolling stock,"Den Haag Centraal - Utrecht Centraal, Rotterdam Centraal - Utrecht Centraal",7,Wednesday,4,0,3,2.0,0
59474,rolling stock,"Amsterdam Centraal - Schiphol Airport, Leiden Centraal - Schiphol Airport",8,Wednesday,4,0,5,2.0,0
59475,infrastructure,Leiden Centraal - Utrecht Centraal,15,Wednesday,4,0,3,1.0,0
59476,external,Roosendaal - Vlissingen,15,Wednesday,4,0,3,1.0,0
59477,rolling stock,Leiden Centraal - Utrecht Centraal,15,Wednesday,4,0,3,1.0,1
59478,rolling stock,Winterswijk - Zutphen,15,Wednesday,4,0,6,1.0,0
59479,rolling stock,"Almere Oostvaarders - Utrecht Centraal, Amsterdam Centraal - Lelystad Centrum, Lelystad Centrum - Schiphol Airport",15,Wednesday,4,0,2,3.0,0
59480,rolling stock,Amersfoort - Zwolle,16,Wednesday,4,0,2,1.0,0
59481,rolling stock,"Amersfoort - Schiphol Airport, Den Haag Centraal - Den Haag HS, Den Haag Centraal - Leiden Centraal, Den Haag HS - Leiden Centraal, Den Haag HS - Rotterdam Centraal, Leiden Centraal - Schiphol Airport, Lelystad Centrum - Schiphol Airport, Schiphol Airport - Utrecht Centraal",21,Wednesday,4,0,18,8.0,0
59482,external,Arnhem Centraal - Utrecht Centraal,7,Thursday,4,0,2,1.0,1
59483,rolling stock,'s-Hertogenbosch - Utrecht Centraal,9,Thursday,4,0,3,1.0,0
59484,unknown,"Amsterdam Centraal - Utrecht Centraal, Amsterdam Centraal - Woerden",10,Thursday,4,0,8,2.0,1
59485,infrastructure,Den Haag Centraal - Utrecht Centraal,10,Thursday,4,0,3,1.0,1
59486,rolling stock,Breda - Rotterdam Centraal (HSL),10,Thursday,4,0,2,1.0,0
59487,infrastructure,"Amersfoort - Schiphol Airport, Leiden Centraal - Schiphol Airport, Lelystad Centrum - Schiphol Airport, Schiphol Airport - Utrecht Centraal",11,Thursday,4,0,6,4.0,1
59488,rolling stock,Breda - Rotterdam Centraal (HSL),11,Thursday,4,0,2,1.0,1
59489,rolling stock,Dordrecht - Rotterdam Centraal,11,Thursday,4,0,8,1.0,1
59490,rolling stock,"Den Haag Centraal - Den Haag HS, Den Haag HS - Rotterdam Centraal",11,Thursday,4,0,8,2.0,1
59492,rolling stock,Rotterdam Centraal - Schiphol Airport (HSL),11,Thursday,4,0,2,1.0,1
59493,rolling stock,Lelystad Centrum - Schiphol Airport,11,Thursday,4,0,9,1.0,1
59494,rolling stock,"Breda - Dordrecht, Dordrecht - Roosendaal",11,Thursday,4,0,3,2.0,1
59495,external,"Amersfoort - Schiphol Airport, Amsterdam Centraal - Schiphol Airport, Leiden Centraal - Schiphol Airport, Lelystad Centrum - Schiphol Airport, Rotterdam Centraal - Schiphol Airport (HSL), Schiphol Airport - Utrecht Centraal, Schiphol Airport - Zaandam",12,Thursday,4,0,2,7.0,0
59496,infrastructure,Leiden Centraal - Schiphol Airport,12,Thursday,4,0,5,1.0,0
59497,rolling stock,"Almere Oostvaarders - Utrecht Centraal, Amsterdam Centraal - Lelystad Centrum, Lelystad Centrum - Schiphol Airport",16,Thursday,4,0,5,3.0,1
59500,infrastructure,Maastricht - Sittard,5,Friday,4,0,5,1.0,1
59501,rolling stock,"Amersfoort - Schiphol Airport, Lelystad Centrum - Schiphol Airport",6,Friday,4,0,4,2.0,0
59503,infrastructure,"Almere Oostvaarders - Utrecht Centraal, Amsterdam Centraal - Lelystad Centrum, Lelystad Centrum - Schiphol Airport",10,Friday,4,0,5,3.0,0
59505,infrastructure,Groningen - Eemshaven,12,Friday,4,0,7,1.0,1
59507,infrastructure,"Almelo - Deventer, Almelo - Zwolle",15,Friday,4,0,2,2.0,0
59508,accidents,Almelo - Deventer,16,Friday,4,0,4,1.0,1
59509,accidents,Dordrecht - Geldermalsen,17,Friday,4,0,6,1.0,1
59510,rolling stock,Den Haag HS - Rotterdam Centraal,17,Friday,4,0,7,1.0,0
59511,external,Amersfoort - Zwolle,19,Friday,4,0,5,1.0,0
59512,rolling stock,"Almere Oostvaarders - Utrecht Centraal, Amersfoort - Amsterdam Centraal, Amersfoort - Schiphol Airport",19,Friday,4,0,4,3.0,0
59513,infrastructure,Dordrecht - Geldermalsen,20,Friday,4,0,6,1.0,1
59514,rolling stock,Deventer - Zutphen,21,Friday,4,0,2,1.0,0
59515,rolling stock,Amsterdam Centraal - Hoorn,21,Friday,4,0,4,1.0,0
59517,rolling stock,Amersfoort - Schiphol Airport,23,Friday,4,0,10,1.0,0
59518,rolling stock,Leiden Centraal - Schiphol Airport,23,Friday,4,0,4,1.0,0
59519,rolling stock,Schiphol Airport - Utrecht Centraal,23,Friday,4,0,5,1.0,0
59521,staff,Aachen Hbf - Heerlen,7,Saturday,4,1,6,1.0,1
59522,rolling stock,Almelo - Mariënberg,9,Saturday,4,1,6,1.0,1
59523,accidents,Groningen - Leeuwarden,10,Saturday,4,1,3,1.0,1
59524,unknown,"Amsterdam Centraal - Utrecht Centraal, Amsterdam Centraal - Woerden",13,Saturday,4,1,4,2.0,1
59525,external,Almere Oostvaarders - Utrecht Centraal,15,Saturday,4,1,3,1.0,1
59526,external,Amsterdam Centraal - Lelystad Centrum,16,Saturday,4,1,8,1.0,1
59530,rolling stock,"Amsterdam Centraal - Schiphol Airport, Leiden Centraal - Schiphol Airport",19,Saturday,4,1,5,2.0,0
59531,infrastructure,Nijmegen - Venlo,19,Saturday,4,1,2,1.0,1
59532,external,Amersfoort - Schiphol Airport,19,Saturday,4,1,10,1.0,0
59533,external,Leiden Centraal - Schiphol Airport,20,Saturday,4,1,4,1.0,0
59534,external,Schiphol Airport - Utrecht Centraal,20,Saturday,4,1,5,1.0,0
59536,rolling stock,"Amersfoort - Schiphol Airport, Den Haag Centraal - Den Haag HS, Den Haag Centraal - Leiden Centraal, Den Haag HS - Leiden Centraal, Den Haag HS - Rotterdam Centraal, Leiden Centraal - Schiphol Airport, Lelystad Centrum - Schiphol Airport, Schiphol Airport - Utrecht Centraal",21,Saturday,4,1,18,8.0,1
59537,engineering work,"Amsterdam Centraal - Utrecht Centraal, Amsterdam Centraal - Woerden",5,Sunday,4,1,5,2.0,1
59538,infrastructure,"Groningen - Bad Nieuweschans, Groningen - Leer (Ostfriesland), Groningen - Veendam",6,Sunday,4,1,5,3.0,0
59539,accidents,'s-Hertogenbosch - Eindhoven,7,Sunday,4,1,3,1.0,0
59540,rolling stock,"Amersfoort - Schiphol Airport, Den Haag Centraal - Den Haag HS, Den Haag Centraal - Leiden Centraal, Den Haag HS - Leiden Centraal, Den Haag HS - Rotterdam Centraal, Leiden Centraal - Schiphol Airport, Lelystad Centrum - Schiphol Airport, Schiphol Airport - Utrecht Centraal",7,Sunday,4,1,18,8.0,0
59542,rolling stock,"Aachen Hbf - Heerlen, Heerlen - Kerkrade Centrum",15,Sunday,4,1,2,2.0,1
59543,infrastructure,"Arnhem Centraal - Basel SBB, Arnhem Centraal - Düsseldorf Hbf, Arnhem Centraal - Frankfurt (M) Hbf, Arnhem Centraal - Winterswijk",15,Sunday,4,1,5,4.0,1
59544,infrastructure,Roermond - Sittard,16,Sunday,4,1,4,1.0,0
59545,infrastructure,Roermond - Sittard,17,Sunday,4,1,4,1.0,1
59546,rolling stock,Roermond - Venlo,17,Sunday,4,1,5,1.0,0
59547,infrastructure,Breda - Rotterdam Centraal (HSL),18,Sunday,4,1,2,1.0,0
59548,unknown,"'s-Hertogenbosch - Utrecht Centraal, Tiel - Utrecht Centraal",22,Sunday,4,1,3,2.0,1
59549,rolling stock,Eindhoven - Venlo,22,Sunday,4,1,4,1.0,0
59550,infrastructure,Dordrecht - Roosendaal,6,Monday,4,0,6,1.0,1
59551,rolling stock,Rotterdam Centraal - Schiphol Airport (HSL),6,Monday,4,0,2,1.0,0
59553,rolling stock,Eindhoven - Tilburg,7,Monday,4,0,6,1.0,1
59555,rolling stock,Almere Oostvaarders - Utrecht Centraal,9,Monday,4,0,5,1.0,1
59556,external,Breda - Rotterdam Centraal (HSL),10,Monday,4,0,2,1.0,0
59557,infrastructure,Aachen Hbf - Heerlen,11,Monday,4,0,4,1.0,1
59558,infrastructure,Amersfoort - Ede-Wageningen,14,Monday,4,0,5,1.0,1
59560,rolling stock,Breda - Tilburg,14,Monday,4,0,5,1.0,0
59561,rolling stock,Den Haag HS - Rotterdam Centraal,15,Monday,4,0,4,1.0,0
59562,engineering work,Nijmegen - Venlo,15,Monday,4,0,4,1.0,1
59563,infrastructure,Breda - Rotterdam Centraal (HSL),16,Monday,4,0,2,1.0,0
59564,rolling stock,Rotterdam Centraal - Schiphol Airport (HSL),17,Monday,4,0,2,1.0,0
59565,unknown,Eindhoven - Roermond,17,Monday,4,0,5,1.0,0
59566,rolling stock,Almere Oostvaarders - Utrecht Centraal,18,Monday,4,0,3,1.0,1
59567,rolling stock,Amsterdam Centraal - Lelystad Centrum,18,Monday,4,0,8,1.0,0
59568,rolling stock,Breda - Tilburg,18,Monday,4,0,5,1.0,0
59569,rolling stock,Amsterdam Centraal - Haarlem,19,Monday,4,0,4,1.0,0
59570,external,Amsterdam Centraal - Haarlem,19,Monday,4,0,4,1.0,0
59571,accidents,Leiden Centraal - Utrecht Centraal,20,Monday,4,0,2,1.0,1
59572,rolling stock,Almelo - Deventer,20,Monday,4,0,5,1.0,0
59573,rolling stock,"Arnhem Centraal - Basel SBB, Arnhem Centraal - Düsseldorf Hbf, Arnhem Centraal - Frankfurt (M) Hbf",22,Monday,4,0,3,3.0,0
59574,accidents,Almelo - Deventer,0,Tuesday,4,0,5,1.0,0
59575,rolling stock,Breda - Rotterdam Centraal (HSL),7,Tuesday,4,0,2,1.0,0
59576,infrastructure,Leeuwarden - Zwolle,10,Tuesday,4,0,3,1.0,1
59577,accidents,Breda - Roosendaal,10,Tuesday,4,0,3,1.0,1
59578,infrastructure,Nijmegen - Venlo,10,Tuesday,4,0,3,1.0,0
59579,infrastructure,Nijmegen - Venlo,11,Tuesday,4,0,3,1.0,1
59580,infrastructure,"Amsterdam Centraal - Utrecht Centraal, Amsterdam Centraal - Woerden",13,Tuesday,4,0,8,2.0,1
59581,rolling stock,"Amersfoort - Schiphol Airport, Lelystad Centrum - Schiphol Airport",13,Tuesday,4,0,4,2.0,0
59582,unknown,Schiphol Airport - Utrecht Centraal,13,Tuesday,4,0,4,1.0,0
59583,engineering work,Amsterdam Centraal - Haarlem,14,Tuesday,4,0,5,1.0,1
59584,engineering work,"Amsterdam Centraal - Schiphol Airport, Schiphol Airport - Zaandam",14,Tuesday,4,0,3,2.0,1
59585,infrastructure,Amersfoort - Ede-Wageningen,15,Tuesday,4,0,4,1.0,1
59586,accidents,'s-Hertogenbosch - Nijmegen,16,Tuesday,4,0,3,1.0,1
59587,rolling stock,"Amersfoort - Schiphol Airport, Lelystad Centrum - Schiphol Airport",19,Tuesday,4,0,4,2.0,1
59588,rolling stock,"Almere Oostvaarders - Utrecht Centraal, Amsterdam Centraal - Lelystad Centrum, Lelystad Centrum - Schiphol Airport",19,Tuesday,4,0,5,3.0,0
59590,rolling stock,Amersfoort - Zwolle,20,Tuesday,4,0,11,1.0,0
59591,rolling stock,"Amersfoort - Schiphol Airport, Lelystad Centrum - Schiphol Airport",20,Tuesday,4,0,5,2.0,0
59592,rolling stock,"Amersfoort - Amsterdam Centraal, Amersfoort - Schiphol Airport",20,Tuesday,4,0,5,2.0,0
59593,infrastructure,"'s-Hertogenbosch - Utrecht Centraal, Tiel - Utrecht Centraal",22,Tuesday,4,0,4,2.0,1
59594,rolling stock,Dordrecht - Rotterdam Centraal,0,Wednesday,4,0,8,1.0,0
59595,staff,Aachen Hbf - Heerlen,3,Wednesday,4,0,6,1.0,1
59596,infrastructure,Arnhem Centraal - Winterswijk,5,Wednesday,4,0,3,1.0,1
59597,rolling stock,"Liège-Guillemins - Maastricht, Maastricht - Maastricht Randwyck",7,Wednesday,4,0,6,2.0,1
59598,rolling stock,Rotterdam Centraal - Schiphol Airport (HSL),8,Wednesday,4,0,2,1.0,0
59599,infrastructure,Amersfoort - Zwolle,8,Wednesday,4,0,3,1.0,1
59600,rolling stock,"Almere Oostvaarders - Utrecht Centraal, Hilversum - Utrecht Centraal",8,Wednesday,4,0,4,2.0,0
59601,accidents,Breda - Tilburg,8,Wednesday,4,0,5,1.0,1
59602,infrastructure,Arnhem Centraal - Zutphen,9,Wednesday,4,0,6,1.0,1
59604,rolling stock,Deventer - Zwolle,10,Wednesday,4,0,3,1.0,0
59605,rolling stock,Breda - Rotterdam Centraal (HSL),12,Wednesday,4,0,2,1.0,0
59606,rolling stock,Den Haag HS - Rotterdam Centraal,12,Wednesday,4,0,7,1.0,0
59607,infrastructure,Nijmegen - Venlo,12,Wednesday,4,0,3,1.0,1
59608,rolling stock,"Den Haag Centraal - Den Haag HS, Den Haag HS - Rotterdam Centraal, Dordrecht - Rotterdam Centraal",12,Wednesday,4,0,15,3.0,0
59609,rolling stock,"Almere Oostvaarders - Utrecht Centraal, Amsterdam Centraal - Lelystad Centrum, Lelystad Centrum - Schiphol Airport",12,Wednesday,4,0,5,3.0,0
59610,rolling stock,"Breda - Dordrecht, Dordrecht - Roosendaal",12,Wednesday,4,0,3,2.0,0
59611,rolling stock,Aachen Hbf - Heerlen,12,Wednesday,4,0,4,1.0,0
59613,infrastructure,"Groningen - Bad Nieuweschans, Groningen - Leer (Ostfriesland)",14,Wednesday,4,0,2,2.0,1
59614,infrastructure,Roosendaal - Vlissingen,15,Wednesday,4,0,11,1.0,1
59616,infrastructure,Antwerpen-Centraal - Roosendaal,15,Wednesday,4,0,2,1.0,1
59617,rolling stock,Antwerpen-Centraal - Breda (HSL),16,Wednesday,4,0,2,1.0,1
59618,unknown,Arnhem Centraal - Utrecht Centraal,16,Wednesday,4,0,2,1.0,1
59619,rolling stock,"Amsterdam Centraal - Schiphol Airport, Leiden Centraal - Schiphol Airport",16,Wednesday,4,0,5,2.0,0
59620,rolling stock,Deventer - Zwolle,17,Wednesday,4,0,3,1.0,1
59621,infrastructure,Apeldoorn - Zutphen,17,Wednesday,4,0,5,1.0,1
59622,infrastructure,Arnhem Centraal - Zutphen,17,Wednesday,4,0,3,1.0,1
59623,rolling stock,Winterswijk - Zutphen,21,Wednesday,4,0,6,1.0,0
59624,infrastructure,Almelo - Zwolle,0,Thursday,5,0,5,1.0,0
59626,rolling stock,Breda - Rotterdam Centraal (HSL),6,Thursday,5,0,2,1.0,1
59627,rolling stock,Schiphol Airport - Utrecht Centraal,7,Thursday,5,0,5,1.0,1
59628,rolling stock,Arnhem Centraal - Utrecht Centraal,7,Thursday,5,0,10,1.0,1
59629,rolling stock,Leiden Centraal - Schiphol Airport,7,Thursday,5,0,5,1.0,1
59630,rolling stock,"Amersfoort - Schiphol Airport, Den Haag Centraal - Den Haag HS, Den Haag Centraal - Leiden Centraal, Den Haag HS - Leiden Centraal, Den Haag HS - Rotterdam Centraal, Leiden Centraal - Schiphol Airport, Lelystad Centrum - Schiphol Airport, Schiphol Airport - Utrecht Centraal",8,Thursday,5,0,18,8.0,0
59631,infrastructure,Rotterdam Centraal - Utrecht Centraal,11,Thursday,5,0,12,1.0,1
59632,rolling stock,Arnhem Centraal - Tiel,11,Thursday,5,0,6,1.0,0
59633,infrastructure,Deventer - Zwolle,12,Thursday,5,0,2,1.0,1
59634,external,Leiden Centraal - Schiphol Airport,13,Thursday,5,0,4,1.0,0
59635,external,"Amersfoort - Amsterdam Centraal, Amersfoort - Schiphol Airport",13,Thursday,5,0,2,2.0,0
59636,rolling stock,Breda - Rotterdam Centraal (HSL),14,Thursday,5,0,2,1.0,1
59637,infrastructure,Amersfoort - Zwolle,14,Thursday,5,0,2,1.0,1
59638,infrastructure,Amersfoort - Ede-Wageningen,14,Thursday,5,0,4,1.0,1
59639,infrastructure,Nijmegen - Venlo,14,Thursday,5,0,3,1.0,1
59640,infrastructure,"Amsterdam Centraal - Utrecht Centraal, Schiphol Airport - Utrecht Centraal",15,Thursday,5,0,7,2.0,1
59641,infrastructure,Arnhem Centraal - Utrecht Centraal,15,Thursday,5,0,10,1.0,1
59642,infrastructure,Arnhem Centraal - Nijmegen,15,Thursday,5,0,5,1.0,1
59644,infrastructure,Leiden Centraal - Utrecht Centraal,16,Thursday,5,0,5,1.0,0
59646,infrastructure,Groningen - Veendam,16,Thursday,5,0,2,1.0,0
59647,rolling stock,'s-Hertogenbosch - Nijmegen,16,Thursday,5,0,5,1.0,0
59648,rolling stock,Rotterdam Centraal - Schiphol Airport (HSL),16,Thursday,5,0,2,1.0,0
59649,logistical,"Arnhem Centraal - Basel SBB, Arnhem Centraal - Düsseldorf Hbf, Arnhem Centraal - Frankfurt (M) Hbf",17,Thursday,5,0,3,3.0,1
59651,engineering work,"Amersfoort - Amsterdam Centraal, Amersfoort - Schiphol Airport",18,Thursday,5,0,2,2.0,1
59652,rolling stock,"Amersfoort - Schiphol Airport, Den Haag Centraal - Den Haag HS, Den Haag Centraal - Leiden Centraal, Den Haag HS - Leiden Centraal, Den Haag HS - Rotterdam Centraal, Leiden Centraal - Schiphol Airport, Lelystad Centrum - Schiphol Airport, Schiphol Airport - Utrecht Centraal",19,Thursday,5,0,18,8.0,0
59653,rolling stock,'s-Hertogenbosch - Nijmegen,19,Thursday,5,0,5,1.0,0
59654,infrastructure,Breda - Rotterdam Centraal (HSL),3,Friday,5,0,2,1.0,1
59655,infrastructure,"Breda - Dordrecht, Dordrecht - Roosendaal",3,Friday,5,0,3,2.0,1
59656,infrastructure,Dordrecht - Rotterdam Centraal,3,Friday,5,0,8,1.0,1
59657,rolling stock,Breda - Rotterdam Centraal (HSL),9,Friday,5,0,2,1.0,0
59659,external,Eindhoven - Roermond,13,Friday,5,0,5,1.0,0
59660,external,"Breda - Rotterdam Centraal (HSL), Brussel-Zuid/Midi - Rotterdam Centraal (HSL), Den Haag HS - Rotterdam Centraal, Dordrecht - Rotterdam Centraal, Paris-Nord - Rotterdam Centraal (HSL), Rotterdam Centraal - Schiphol Airport (HSL), Rotterdam Centraal - Utrecht Centraal",13,Friday,5,0,2,7.0,0
59661,external,Eindhoven - Roermond,14,Friday,5,0,5,1.0,0
59662,rolling stock,"Amersfoort - Apeldoorn, Apeldoorn - Deventer",18,Friday,5,0,5,2.0,0
59663,rolling stock,Amersfoort - Ede-Wageningen,19,Friday,5,0,5,1.0,0
59665,external,Leiden Centraal - Schiphol Airport,19,Friday,5,0,4,1.0,0
59666,rolling stock,"Breda - Dordrecht, Dordrecht - Roosendaal",21,Friday,5,0,3,2.0,0
59667,rolling stock,"Antwerpen-Centraal - Breda (HSL), Breda - Rotterdam Centraal (HSL)",21,Friday,5,0,3,2.0,1
59668,infrastructure,"Amersfoort - Schiphol Airport, Amsterdam Centraal - Schiphol Airport, Leiden Centraal - Schiphol Airport, Lelystad Centrum - Schiphol Airport, Rotterdam Centraal - Schiphol Airport (HSL), Schiphol Airport - Utrecht Centraal, Schiphol Airport - Zaandam",23,Friday,5,0,2,7.0,1
59669,rolling stock,'s-Hertogenbosch - Nijmegen,7,Saturday,5,1,6,1.0,0
59670,accidents,Winterswijk - Zutphen,8,Saturday,5,1,3,1.0,1
59671,logistical,"Arnhem Centraal - Basel SBB, Arnhem Centraal - Düsseldorf Hbf, Arnhem Centraal - Frankfurt (M) Hbf",9,Saturday,5,1,7,3.0,1
59672,rolling stock,Amersfoort - Zwolle,9,Saturday,5,1,2,1.0,0
59673,infrastructure,Almelo - Mariënberg,10,Saturday,5,1,5,1.0,1
59674,unknown,Groningen - Zwolle,11,Saturday,5,1,4,1.0,0
59675,infrastructure,Almelo - Hengelo,17,Saturday,5,1,4,1.0,1
59677,external,Rotterdam Centraal - Utrecht Centraal,20,Saturday,5,1,6,1.0,0
59678,infrastructure,Almelo - Mariënberg,22,Saturday,5,1,6,1.0,0
59679,accidents,Breda - Tilburg,0,Sunday,5,1,5,1.0,0
59680,infrastructure,Almelo - Mariënberg,7,Sunday,5,1,5,1.0,0
59681,infrastructure,Almelo - Mariënberg,8,Sunday,5,1,4,1.0,1
59682,rolling stock,Breda - Tilburg,9,Sunday,5,1,5,1.0,0
59683,rolling stock,"Amersfoort - Schiphol Airport, Den Haag Centraal - Den Haag HS, Den Haag Centraal - Leiden Centraal, Den Haag HS - Leiden Centraal, Den Haag HS - Rotterdam Centraal, Leiden Centraal - Schiphol Airport, Lelystad Centrum - Schiphol Airport, Schiphol Airport - Utrecht Centraal",9,Sunday,5,1,18,8.0,1
59684,rolling stock,Maastricht - Sittard,10,Sunday,5,1,5,1.0,0
59685,rolling stock,"Amersfoort - Schiphol Airport, Den Haag Centraal - Den Haag HS, Den Haag Centraal - Leiden Centraal, Den Haag HS - Leiden Centraal, Den Haag HS - Rotterdam Centraal, Leiden Centraal - Schiphol Airport, Lelystad Centrum - Schiphol Airport, Schiphol Airport - Utrecht Centraal",12,Sunday,5,1,18,8.0,0
59686,accidents,Leeuwarden - Stavoren,14,Sunday,5,1,3,1.0,1
59687,external,Amsterdam Centraal - Lelystad Centrum,17,Sunday,5,1,12,1.0,0
59688,logistical,Aachen Hbf - Heerlen,17,Sunday,5,1,6,1.0,1
59689,engineering work,Haarlem - Leiden Centraal,20,Sunday,5,1,5,1.0,1
59690,engineering work,Groningen - Veendam,22,Sunday,5,1,2,1.0,1
59691,engineering work,Nijmegen - Venlo,4,Monday,5,0,9,1.0,1
59692,staff,Aachen Hbf - Heerlen,5,Monday,5,0,6,1.0,1
59693,infrastructure,Den Haag Centraal - Utrecht Centraal,5,Monday,5,0,3,1.0,1
59694,infrastructure,"Amsterdam Centraal - Hoorn, Enkhuizen - Hoorn",6,Monday,5,0,7,2.0,1
59695,infrastructure,Amsterdam Centraal - Utrecht Centraal,6,Monday,5,0,11,1.0,1
59696,rolling stock,Heerlen - Sittard,6,Monday,5,0,7,1.0,0
59698,rolling stock,Breda - Rotterdam Centraal (HSL),8,Monday,5,0,2,1.0,0
59701,infrastructure,Den Haag Centraal - Leiden Centraal,9,Monday,5,0,6,1.0,1
59702,rolling stock,Breda - Rotterdam Centraal (HSL),10,Monday,5,0,2,1.0,0
59703,logistical,Nijmegen - Venlo,11,Monday,5,0,7,1.0,1
59704,rolling stock,Antwerpen-Centraal - Breda (HSL),12,Monday,5,0,2,1.0,0
59705,infrastructure,Breda - Rotterdam Centraal (HSL),12,Monday,5,0,2,1.0,1
59706,external,Arnhem Centraal - Zutphen,12,Monday,5,0,8,1.0,0
59707,infrastructure,"Breda - Dordrecht, Dordrecht - Roosendaal",12,Monday,5,0,3,2.0,1
59708,infrastructure,Lelystad Centrum - Schiphol Airport,13,Monday,5,0,13,1.0,1
59709,infrastructure,Rotterdam Centraal - Schiphol Airport (HSL),13,Monday,5,0,2,1.0,1
59710,infrastructure,Leiden Centraal - Utrecht Centraal,15,Monday,5,0,2,1.0,1
59711,rolling stock,Roosendaal - Vlissingen,16,Monday,5,0,11,1.0,0
59712,infrastructure,Groningen - Veendam,17,Monday,5,0,2,1.0,1
59713,external,Breda - Tilburg,18,Monday,5,0,5,1.0,0
59714,rolling stock,"Leiden Centraal - Schiphol Airport, Schiphol Airport - Utrecht Centraal",20,Monday,5,0,9,2.0,0
59715,infrastructure,Almelo - Deventer,20,Monday,5,0,6,1.0,1
59716,external,Amsterdam Centraal - Haarlem,21,Monday,5,0,4,1.0,0
59720,rolling stock,Aachen Hbf - Heerlen,23,Monday,5,0,4,1.0,0
59723,accidents,Leiden Centraal - Utrecht Centraal,6,Tuesday,5,0,7,1.0,0
59724,logistical,Dordrecht - Rotterdam Centraal,6,Tuesday,5,0,8,1.0,1
59725,rolling stock,Den Haag Centraal - Utrecht Centraal,6,Tuesday,5,0,7,1.0,1
59726,rolling stock,Rotterdam Centraal - Utrecht Centraal,6,Tuesday,5,0,12,1.0,1
59727,rolling stock,"Amersfoort - Amsterdam Centraal, Amsterdam Centraal - Lelystad Centrum",8,Tuesday,5,0,5,2.0,0
59728,rolling stock,Amersfoort - Zwolle,8,Tuesday,5,0,3,1.0,0
59729,logistical,"Nijmegen - Venlo, Roermond - Venlo",10,Tuesday,5,0,13,2.0,0
59730,rolling stock,"Almere Oostvaarders - Utrecht Centraal, Hilversum - Utrecht Centraal",10,Tuesday,5,0,4,2.0,0
59733,rolling stock,Hengelo - Zutphen,11,Tuesday,5,0,3,1.0,1
59734,infrastructure,Amersfoort - Zwolle,12,Tuesday,5,0,11,1.0,1
59735,infrastructure,Leiden Centraal - Utrecht Centraal,12,Tuesday,5,0,2,1.0,1
59736,staff,Aachen Hbf - Heerlen,12,Tuesday,5,0,6,1.0,1
59737,rolling stock,Arnhem Centraal - Zutphen,16,Tuesday,5,0,8,1.0,0
59739,rolling stock,"Arnhem Centraal - Basel SBB, Arnhem Centraal - Düsseldorf Hbf, Arnhem Centraal - Frankfurt (M) Hbf, Arnhem Centraal - Winterswijk",20,Tuesday,5,0,5,4.0,0
59740,rolling stock,Almelo - Mariënberg,5,Wednesday,5,0,6,1.0,1
59741,staff,Alphen a/d Rijn - Gouda,6,Wednesday,5,0,7,1.0,1
59742,staff,Aachen Hbf - Heerlen,6,Wednesday,5,0,6,1.0,1
59743,rolling stock,"Amersfoort - Schiphol Airport, Den Haag Centraal - Den Haag HS, Den Haag Centraal - Leiden Centraal, Den Haag HS - Leiden Centraal, Den Haag HS - Rotterdam Centraal, Leiden Centraal - Schiphol Airport, Lelystad Centrum - Schiphol Airport, Schiphol Airport - Utrecht Centraal",8,Wednesday,5,0,18,8.0,0
59744,infrastructure,"Groningen - Bad Nieuweschans, Groningen - Leer (Ostfriesland)",9,Wednesday,5,0,3,2.0,0
59745,infrastructure,Almelo - Zwolle,9,Wednesday,5,0,2,1.0,1
59747,infrastructure,Arnhem Centraal - Winterswijk,13,Wednesday,5,0,3,1.0,0
59748,external,Breda - Tilburg,14,Wednesday,5,0,2,1.0,1
59751,rolling stock,Rotterdam Centraal - Schiphol Airport (HSL),17,Wednesday,5,0,2,1.0,0
59752,rolling stock,"Breda - Dordrecht, Dordrecht - Roosendaal",18,Wednesday,5,0,3,2.0,0
59753,external,Heerlen - Maastricht,20,Wednesday,5,0,6,1.0,0
59754,external,Groningen - Zwolle,21,Wednesday,5,0,4,1.0,0
59755,infrastructure,Alkmaar - Hoorn,6,Thursday,5,0,3,1.0,1
59757,rolling stock,Lelystad Centrum - Zwolle,7,Thursday,5,0,4,1.0,0
59758,logistical,"Arnhem Centraal - Basel SBB, Arnhem Centraal - Düsseldorf Hbf, Arnhem Centraal - Frankfurt (M) Hbf",8,Thursday,5,0,7,3.0,1
59759,external,Arnhem Centraal - Utrecht Centraal,11,Thursday,5,0,10,1.0,1
59761,rolling stock,Leiden Centraal - Schiphol Airport,14,Thursday,5,0,4,1.0,1
59762,rolling stock,"Amersfoort - Amsterdam Centraal, Amersfoort - Schiphol Airport",14,Thursday,5,0,5,2.0,0
59764,rolling stock,Apeldoorn - Zutphen,16,Thursday,5,0,5,1.0,0
59765,rolling stock,Breda - Rotterdam Centraal (HSL),20,Thursday,5,0,2,1.0,0
59766,rolling stock,Breda - Dordrecht,20,Thursday,5,0,3,1.0,0
59767,infrastructure,Alkmaar - Amsterdam Centraal,22,Thursday,5,0,4,1.0,0
59768,accidents,Arnhem Centraal - Utrecht Centraal,0,Friday,5,0,4,1.0,1
59770,infrastructure,"Amsterdam Centraal - Schiphol Airport, Leiden Centraal - Schiphol Airport",6,Friday,5,0,5,2.0,1
59771,infrastructure,"Amersfoort - Schiphol Airport, Den Haag Centraal - Den Haag HS, Den Haag Centraal - Leiden Centraal, Den Haag HS - Leiden Centraal, Den Haag HS - Rotterdam Centraal, Leiden Centraal - Schiphol Airport, Lelystad Centrum - Schiphol Airport, Schiphol Airport - Utrecht Centraal",7,Friday,5,0,18,8.0,1
59772,rolling stock,Amersfoort - Zwolle,7,Friday,5,0,2,1.0,0
59774,rolling stock,"Amersfoort - Schiphol Airport, Den Haag Centraal - Den Haag HS, Den Haag Centraal - Leiden Centraal, Den Haag HS - Leiden Centraal, Den Haag HS - Rotterdam Centraal, Leiden Centraal - Schiphol Airport, Lelystad Centrum - Schiphol Airport, Schiphol Airport - Utrecht Centraal",8,Friday,5,0,18,8.0,0
59775,rolling stock,"Arnhem Centraal - Basel SBB, Arnhem Centraal - Düsseldorf Hbf, Arnhem Centraal - Frankfurt (M) Hbf",9,Friday,5,0,3,3.0,1
59776,rolling stock,'s-Hertogenbosch - Nijmegen,9,Friday,5,0,4,1.0,0
59777,infrastructure,Breda - Roosendaal,9,Friday,5,0,3,1.0,1
59778,engineering work,Amsterdam Centraal - Haarlem,10,Friday,5,0,4,1.0,0
59779,accidents,Roermond - Venlo,12,Friday,5,0,5,1.0,0
59780,infrastructure,Groningen - Veendam,13,Friday,5,0,3,1.0,0
59781,rolling stock,"Almere Oostvaarders - Utrecht Centraal, Amsterdam Centraal - Lelystad Centrum, Lelystad Centrum - Schiphol Airport",14,Friday,5,0,4,3.0,1
59783,infrastructure,Roermond - Sittard,20,Friday,5,0,4,1.0,1
59784,rolling stock,"Amersfoort - Amsterdam Centraal, Amsterdam Centraal - Lelystad Centrum",7,Saturday,5,1,5,2.0,0
59786,infrastructure,Enkhuizen - Hoorn,14,Saturday,5,1,3,1.0,1
59787,rolling stock,Amersfoort - Zwolle,15,Saturday,5,1,2,1.0,1
59788,infrastructure,Almere Oostvaarders - Utrecht Centraal,16,Saturday,5,1,3,1.0,1
59789,rolling stock,Breda - Rotterdam Centraal (HSL),17,Saturday,5,1,2,1.0,0
59790,rolling stock,Deventer - Zwolle,20,Saturday,5,1,3,1.0,0
59791,infrastructure,"Amersfoort - Schiphol Airport, Leiden Centraal - Schiphol Airport, Lelystad Centrum - Schiphol Airport, Schiphol Airport - Utrecht Centraal",20,Saturday,5,1,6,4.0,1
59792,rolling stock,Rotterdam Centraal - Schiphol Airport (HSL),22,Saturday,5,1,2,1.0,0
59793,infrastructure,Almelo - Deventer,22,Saturday,5,1,5,1.0,1
59794,infrastructure,Arnhem Centraal - Zutphen,6,Sunday,5,1,6,1.0,1
59795,infrastructure,Harlingen Haven - Leeuwarden,9,Sunday,5,1,6,1.0,1
59796,infrastructure,Almelo - Deventer,9,Sunday,5,1,4,1.0,1
59797,external,Amersfoort - Utrecht Centraal,14,Sunday,5,1,5,1.0,1
59798,infrastructure,Almelo - Deventer,15,Sunday,5,1,4,1.0,1
59799,external,Amersfoort - Zwolle,15,Sunday,5,1,2,1.0,0
59800,rolling stock,"Almere Oostvaarders - Utrecht Centraal, Amsterdam Centraal - Lelystad Centrum, Lelystad Centrum - Schiphol Airport",16,Sunday,5,1,5,3.0,0
59802,rolling stock,Leiden Centraal - Schiphol Airport,18,Sunday,5,1,5,1.0,0
59803,staff,"Berlin Ostbahnhof - Hengelo, Bielefeld Hbf - Hengelo, Hengelo - Oldenzaal",18,Sunday,5,1,4,3.0,1
59804,rolling stock,Hengelo - Zutphen,18,Sunday,5,1,6,1.0,0
59805,rolling stock,"Amersfoort - Apeldoorn, Apeldoorn - Deventer",18,Sunday,5,1,5,2.0,0
59806,infrastructure,Deventer - Zutphen,19,Sunday,5,1,2,1.0,1
59807,external,Haarlem - Leiden Centraal,19,Sunday,5,1,4,1.0,0
59808,infrastructure,Breda - Rotterdam Centraal (HSL),19,Sunday,5,1,2,1.0,1
59809,infrastructure,"Breda - Dordrecht, Dordrecht - Roosendaal",19,Sunday,5,1,3,2.0,1
59810,rolling stock,Haarlem - Leiden Centraal,21,Sunday,5,1,5,1.0,0
59811,rolling stock,Amersfoort - Ede-Wageningen,22,Sunday,5,1,2,1.0,0
59812,staff,Aachen Hbf - Heerlen,5,Monday,5,0,6,1.0,1
59813,infrastructure,Hengelo - Zutphen,7,Monday,5,0,2,1.0,1
59814,rolling stock,Roermond - Venlo,7,Monday,5,0,5,1.0,0
59815,infrastructure,Deventer - Zutphen,7,Monday,5,0,2,1.0,1
59816,rolling stock,Haarlem - Leiden Centraal,9,Monday,5,0,5,1.0,0
59818,rolling stock,Alphen a/d Rijn - Gouda,11,Monday,5,0,2,1.0,0
59819,rolling stock,Winterswijk - Zutphen,12,Monday,5,0,6,1.0,0
59820,rolling stock,"Almere Oostvaarders - Utrecht Centraal, Amsterdam Centraal - Lelystad Centrum, Lelystad Centrum - Schiphol Airport",12,Monday,5,0,4,3.0,1
59821,rolling stock,"Amsterdam Centraal - Utrecht Centraal, Schiphol Airport - Utrecht Centraal",12,Monday,5,0,4,2.0,0
59823,infrastructure,Dordrecht - Roosendaal,14,Monday,5,0,6,1.0,1
59824,unknown,Roermond - Venlo,15,Monday,5,0,3,1.0,0
59825,infrastructure,Almelo - Mariënberg,15,Monday,5,0,4,1.0,1
59826,rolling stock,"Den Haag Centraal - Utrecht Centraal, Leiden Centraal - Utrecht Centraal, Rotterdam Centraal - Utrecht Centraal",15,Monday,5,0,5,3.0,0
59827,engineering work,Roermond - Venlo,16,Monday,5,0,2,1.0,1
59828,external,Roosendaal - Vlissingen,16,Monday,5,0,4,1.0,0
59829,unknown,"Almere Oostvaarders - Utrecht Centraal, Amersfoort - Amsterdam Centraal, Amersfoort - Schiphol Airport",17,Monday,5,0,4,3.0,0
59830,rolling stock,Arnhem Centraal - Winterswijk,17,Monday,5,0,3,1.0,0
59832,infrastructure,Amsterdam Centraal - Woerden,21,Monday,5,0,2,1.0,1
59834,infrastructure,Arnhem Centraal - Zutphen,7,Tuesday,5,0,3,1.0,1
59835,infrastructure,Apeldoorn - Zutphen,7,Tuesday,5,0,5,1.0,1
59836,external,Leiden Centraal - Schiphol Airport,8,Tuesday,5,0,2,1.0,0
59837,external,Alphen a/d Rijn - Gouda,9,Tuesday,5,0,6,1.0,0
59838,infrastructure,Enkhuizen - Hoorn,9,Tuesday,5,0,3,1.0,1
59839,rolling stock,Arnhem Centraal - Zutphen,11,Tuesday,5,0,3,1.0,1
59840,external,"Amsterdam Centraal - Schiphol Airport, Leiden Centraal - Schiphol Airport",12,Tuesday,5,0,5,2.0,0
59841,rolling stock,"Groningen - Zwolle, Leeuwarden - Zwolle",13,Tuesday,5,0,2,2.0,0
59842,accidents,Amsterdam Centraal - Utrecht Centraal,13,Tuesday,5,0,11,1.0,1
59843,rolling stock,Amersfoort - Zwolle,15,Tuesday,5,0,2,1.0,0
59844,rolling stock,Alkmaar - Amsterdam Centraal,15,Tuesday,5,0,4,1.0,0
59845,rolling stock,"Amsterdam Centraal - Utrecht Centraal, Amsterdam Centraal - Woerden, Schiphol Airport - Utrecht Centraal",15,Tuesday,5,0,4,3.0,0
59846,external,"Amersfoort - Schiphol Airport, Amsterdam Centraal - Schiphol Airport, Leiden Centraal - Schiphol Airport, Lelystad Centrum - Schiphol Airport, Rotterdam Centraal - Schiphol Airport (HSL), Schiphol Airport - Utrecht Centraal, Schiphol Airport - Zaandam",16,Tuesday,5,0,2,7.0,0
59847,external,Arnhem Centraal - Utrecht Centraal,17,Tuesday,5,0,2,1.0,1
59849,external,Amersfoort - Zwolle,18,Tuesday,5,0,5,1.0,0
59850,external,"Amersfoort - Amsterdam Centraal, Amersfoort - Schiphol Airport",19,Tuesday,5,0,2,2.0,0
59851,external,Almere Oostvaarders - Utrecht Centraal,19,Tuesday,5,0,3,1.0,0
59853,rolling stock,"Arnhem Centraal - Basel SBB, Arnhem Centraal - Düsseldorf Hbf, Arnhem Centraal - Frankfurt (M) Hbf",20,Tuesday,5,0,7,3.0,0
59854,infrastructure,Leeuwarden - Zwolle,20,Tuesday,5,0,8,1.0,0
59855,rolling stock,Enschede - Hengelo,21,Tuesday,5,0,3,1.0,0
59856,infrastructure,"Amsterdam Centraal - Schiphol Airport, Leiden Centraal - Schiphol Airport",3,Wednesday,5,0,5,2.0,1
59857,infrastructure,Deventer - Zutphen,8,Wednesday,5,0,2,1.0,1
59858,unknown,'s-Hertogenbosch - Tilburg,9,Wednesday,5,0,2,1.0,1
59860,unknown,"'s-Hertogenbosch - Eindhoven, 's-Hertogenbosch - Utrecht Centraal",10,Wednesday,5,0,14,2.0,1
59863,rolling stock,Apeldoorn - Deventer,15,Wednesday,5,0,4,1.0,1
59864,external,"Antwerpen-Centraal - Roosendaal, Breda - Roosendaal, Dordrecht - Roosendaal, Roosendaal - Vlissingen",16,Wednesday,5,0,2,4.0,1
59865,external,Dordrecht - Rotterdam Centraal,17,Wednesday,5,0,8,1.0,1
59867,unknown,Amersfoort - Utrecht Centraal,19,Wednesday,5,0,5,1.0,0
59868,rolling stock,"Amersfoort - Amsterdam Centraal, Amsterdam Centraal - Lelystad Centrum",19,Wednesday,5,0,5,2.0,0
59870,infrastructure,Breda - Rotterdam Centraal (HSL),21,Wednesday,5,0,2,1.0,0
59872,staff,Aachen Hbf - Heerlen,4,Thursday,5,0,6,1.0,1
59873,engineering work,Amsterdam Centraal - Schiphol Airport,4,Thursday,5,0,4,1.0,0
59874,rolling stock,Lelystad Centrum - Zwolle,6,Thursday,5,0,2,1.0,0
59875,logistical,Hamm (Westf.) - Venlo,6,Thursday,5,0,7,1.0,1
59876,rolling stock,Almelo - Mariënberg,6,Thursday,5,0,5,1.0,1
59877,infrastructure,Groningen - Zwolle,8,Thursday,5,0,3,1.0,1
59878,rolling stock,Breda - Rotterdam Centraal (HSL),9,Thursday,5,0,2,1.0,0
59880,rolling stock,Almelo - Mariënberg,13,Thursday,5,0,6,1.0,1
59882,accidents,Dordrecht - Rotterdam Centraal,15,Thursday,5,0,8,1.0,1
59883,accidents,Breda - Rotterdam Centraal (HSL),15,Thursday,5,0,2,1.0,1
59885,rolling stock,Arnhem Centraal - Nijmegen,16,Thursday,5,0,3,1.0,0
59886,rolling stock,Arnhem Centraal - Winterswijk,16,Thursday,5,0,3,1.0,1
59887,accidents,"'s-Hertogenbosch - Tilburg, Breda - Tilburg",16,Thursday,5,0,6,2.0,1
59888,accidents,Den Haag HS - Rotterdam Centraal,18,Thursday,5,0,7,1.0,1
59889,accidents,"Breda - Dordrecht, Dordrecht - Roosendaal",18,Thursday,5,0,3,2.0,1
59890,accidents,Breda - Rotterdam Centraal (HSL),18,Thursday,5,0,2,1.0,1
59891,accidents,Rotterdam Centraal - Schiphol Airport (HSL),18,Thursday,5,0,2,1.0,1
59892,logistical,Lelystad Centrum - Schiphol Airport,18,Thursday,5,0,9,1.0,1
59893,unknown,"Groningen - Zwolle, Leeuwarden - Zwolle",18,Thursday,5,0,2,2.0,0
59894,unknown,"Amersfoort - Schiphol Airport, Leiden Centraal - Schiphol Airport, Lelystad Centrum - Schiphol Airport",19,Thursday,5,0,6,3.0,0
59896,rolling stock,"Amersfoort - Schiphol Airport, Den Haag Centraal - Den Haag HS, Den Haag Centraal - Leiden Centraal, Den Haag HS - Leiden Centraal, Den Haag HS - Rotterdam Centraal, Leiden Centraal - Schiphol Airport, Lelystad Centrum - Schiphol Airport, Schiphol Airport - Utrecht Centraal",7,Friday,5,0,18,8.0,0
59897,infrastructure,Rotterdam Centraal - Schiphol Airport (HSL),8,Friday,5,0,2,1.0,1
59898,infrastructure,Leiden Centraal - Schiphol Airport,8,Friday,5,0,4,1.0,0
59899,external,'s-Hertogenbosch - Tilburg,9,Friday,5,0,2,1.0,0
59900,rolling stock,"Arnhem Centraal - Basel SBB, Arnhem Centraal - Düsseldorf Hbf, Arnhem Centraal - Frankfurt (M) Hbf",11,Friday,5,0,3,3.0,0
59901,rolling stock,Lelystad Centrum - Schiphol Airport,12,Friday,5,0,13,1.0,1
59903,rolling stock,Leiden Centraal - Schiphol Airport,13,Friday,5,0,5,1.0,0
59904,rolling stock,Rotterdam Centraal - Schiphol Airport (HSL),13,Friday,5,0,2,1.0,0
59905,rolling stock,Breda - Rotterdam Centraal (HSL),14,Friday,5,0,2,1.0,0
59906,infrastructure,Dordrecht - Geldermalsen,14,Friday,5,0,8,1.0,1
59907,rolling stock,Leiden Centraal - Utrecht Centraal,16,Friday,5,0,5,1.0,0
59908,rolling stock,Dordrecht - Geldermalsen,17,Friday,5,0,8,1.0,0
59909,external,Tiel - Utrecht Centraal,18,Friday,5,0,3,1.0,0
59911,external,Rotterdam Centraal - Schiphol Airport (HSL),18,Friday,5,0,2,1.0,1
59912,accidents,Alkmaar - Amsterdam Centraal,20,Friday,5,0,3,1.0,1
59913,accidents,Amsterdam Centraal - Haarlem,20,Friday,5,0,5,1.0,1
59914,accidents,"Amsterdam Centraal - Utrecht Centraal, Amsterdam Centraal - Woerden",20,Friday,5,0,8,2.0,1
59915,accidents,Winterswijk - Zutphen,22,Friday,5,0,6,1.0,0
59916,unknown,Eindhoven - Tilburg,9,Saturday,5,1,3,1.0,0
59918,unknown,'s-Hertogenbosch - Utrecht Centraal,10,Saturday,5,1,5,1.0,1
59919,external,"Almere Oostvaarders - Utrecht Centraal, Amsterdam Centraal - Lelystad Centrum, Lelystad Centrum - Schiphol Airport",10,Saturday,5,1,3,3.0,0
59921,rolling stock,Amersfoort - Zwolle,14,Saturday,5,1,2,1.0,0
59922,rolling stock,'s-Hertogenbosch - Nijmegen,14,Saturday,5,1,5,1.0,0
59924,rolling stock,Groningen - Eemshaven,15,Saturday,5,1,2,1.0,0
59925,infrastructure,"Almere Oostvaarders - Utrecht Centraal, Hilversum - Utrecht Centraal",15,Saturday,5,1,5,2.0,1
59926,rolling stock,"Amersfoort - Utrecht Centraal, Baarn - Utrecht Centraal",15,Saturday,5,1,3,2.0,0
59927,rolling stock,Breda - Rotterdam Centraal (HSL),17,Saturday,5,1,2,1.0,0
59929,rolling stock,Heerlen - Sittard,23,Saturday,5,1,7,1.0,0
59930,rolling stock,Maastricht - Sittard,23,Saturday,5,1,5,1.0,0
59931,rolling stock,Den Haag Centraal - Utrecht Centraal,13,Sunday,5,1,7,1.0,0
59932,accidents,"Almelo - Hengelo, Berlin Ostbahnhof - Hengelo, Bielefeld Hbf - Hengelo, Enschede - Hengelo, Hengelo - Oldenzaal, Hengelo - Zutphen",13,Sunday,5,1,1,6.0,0
59933,rolling stock,Rotterdam Centraal - Schiphol Airport (HSL),13,Sunday,5,1,2,1.0,0
59934,infrastructure,Amersfoort - Zwolle,14,Sunday,5,1,4,1.0,1
59935,external,Leeuwarden - Zwolle,15,Sunday,5,1,2,1.0,0
59936,rolling stock,Leeuwarden - Zwolle,15,Sunday,5,1,5,1.0,1
59937,rolling stock,"Arnhem Centraal - Basel SBB, Arnhem Centraal - Düsseldorf Hbf, Arnhem Centraal - Frankfurt (M) Hbf",16,Sunday,5,1,3,3.0,1
59938,unknown,'s-Hertogenbosch - Tilburg,17,Sunday,5,1,2,1.0,0
59939,external,Breda - Rotterdam Centraal (HSL),19,Sunday,5,1,2,1.0,0
59940,rolling stock,Harlingen Haven - Leeuwarden,21,Sunday,5,1,3,1.0,0
59941,external,Amersfoort - Zwolle,22,Sunday,5,1,11,1.0,0
59942,infrastructure,Leiden Centraal - Utrecht Centraal,22,Sunday,5,1,2,1.0,1
59943,rolling stock,Heerlen - Maastricht,4,Monday,5,0,10,1.0,1
59944,external,Emmen - Zwolle,4,Monday,5,0,4,1.0,1
59945,engineering work,Rotterdam Centraal - Schiphol Airport (HSL),5,Monday,5,0,2,1.0,1
59946,engineering work,"Den Haag Centraal - Den Haag HS, Den Haag HS - Rotterdam Centraal, Dordrecht - Rotterdam Centraal",5,Monday,5,0,15,3.0,0
59947,rolling stock,"Amsterdam Centraal - Schiphol Airport, Leiden Centraal - Schiphol Airport",6,Monday,5,0,5,2.0,1
59948,accidents,Groningen - Leeuwarden,8,Monday,5,0,4,1.0,1
59949,rolling stock,Breda - Tilburg,8,Monday,5,0,5,1.0,0
59950,accidents,Amersfoort - Zwolle,9,Monday,5,0,3,1.0,1
59951,accidents,Heerlen - Sittard,9,Monday,5,0,7,1.0,0
59952,rolling stock,"Berlin Ostbahnhof - Hengelo, Bielefeld Hbf - Hengelo, Hengelo - Oldenzaal",10,Monday,5,0,2,3.0,0
59953,external,'s-Hertogenbosch - Eindhoven,11,Monday,5,0,3,1.0,0
59954,rolling stock,"Amsterdam Centraal - Lelystad Centrum, Lelystad Centrum - Schiphol Airport",12,Monday,5,0,4,2.0,0
59955,rolling stock,"Almere Oostvaarders - Utrecht Centraal, Amsterdam Centraal - Lelystad Centrum, Lelystad Centrum - Schiphol Airport",13,Monday,5,0,5,3.0,0
59956,rolling stock,Breda - Tilburg,15,Monday,5,0,2,1.0,0
59957,rolling stock,'s-Hertogenbosch - Tilburg,15,Monday,5,0,2,1.0,0
59958,rolling stock,"Almere Oostvaarders - Utrecht Centraal, Amsterdam Centraal - Lelystad Centrum, Lelystad Centrum - Schiphol Airport",15,Monday,5,0,4,3.0,0
59959,external,Rotterdam Centraal - Utrecht Centraal,15,Monday,5,0,6,1.0,0
59960,rolling stock,"Amersfoort - Schiphol Airport, Den Haag Centraal - Den Haag HS, Den Haag Centraal - Leiden Centraal, Den Haag HS - Leiden Centraal, Den Haag HS - Rotterdam Centraal, Leiden Centraal - Schiphol Airport, Lelystad Centrum - Schiphol Airport, Schiphol Airport - Utrecht Centraal",17,Monday,5,0,18,8.0,1
59961,rolling stock,"Den Haag Centraal - Den Haag HS, Den Haag HS - Rotterdam Centraal",17,Monday,5,0,8,2.0,1
59962,infrastructure,Delfzijl - Groningen,18,Monday,5,0,6,1.0,1
59963,rolling stock,"Almere Oostvaarders - Utrecht Centraal, Amsterdam Centraal - Lelystad Centrum, Lelystad Centrum - Schiphol Airport",19,Monday,5,0,5,3.0,0
59965,rolling stock,Apeldoorn - Deventer,20,Monday,5,0,4,1.0,0
59966,rolling stock,"Almere Oostvaarders - Utrecht Centraal, Amsterdam Centraal - Lelystad Centrum, Lelystad Centrum - Schiphol Airport",20,Monday,5,0,5,3.0,0
59968,rolling stock,Alkmaar - Amsterdam Centraal,21,Monday,5,0,3,1.0,0
59969,rolling stock,Eindhoven - Tilburg,21,Monday,5,0,3,1.0,0
59970,staff,Aachen Hbf - Heerlen,5,Tuesday,5,0,6,1.0,1
59971,staff,"Liège-Guillemins - Maastricht, Maastricht - Maastricht Randwyck",6,Tuesday,5,0,6,2.0,1
59972,rolling stock,Amersfoort - Zwolle,7,Tuesday,5,0,2,1.0,1
59973,rolling stock,"Amersfoort - Schiphol Airport, Lelystad Centrum - Schiphol Airport, Schiphol Airport - Utrecht Centraal",7,Tuesday,5,0,2,3.0,0
59974,rolling stock,Leiden Centraal - Utrecht Centraal,8,Tuesday,5,0,3,1.0,0
59975,infrastructure,Almelo - Deventer,9,Tuesday,5,0,6,1.0,1
59977,rolling stock,Eindhoven - Venlo,11,Tuesday,5,0,2,1.0,0
59978,rolling stock,"Amsterdam Centraal - Schiphol Airport, Leiden Centraal - Schiphol Airport",12,Tuesday,5,0,5,2.0,0
59979,rolling stock,Breda - Rotterdam Centraal (HSL),13,Tuesday,5,0,2,1.0,0
59980,rolling stock,Breda - Roosendaal,14,Tuesday,5,0,3,1.0,0
59981,infrastructure,"Amersfoort - Amsterdam Centraal, Amersfoort - Schiphol Airport",15,Tuesday,5,0,5,2.0,1
59983,accidents,Arnhem Centraal - Utrecht Centraal,16,Tuesday,5,0,4,1.0,1
59984,accidents,Arnhem Centraal - Nijmegen,16,Tuesday,5,0,5,1.0,1
59987,rolling stock,Dordrecht - Rotterdam Centraal,18,Tuesday,5,0,8,1.0,1
59988,external,Emmen - Zwolle,18,Tuesday,5,0,5,1.0,0
59990,staff,Aachen Hbf - Heerlen,5,Wednesday,5,0,6,1.0,1
59991,external,Haarlem - Zandvoort aan Zee,5,Wednesday,5,0,3,1.0,0
59992,accidents,Haarlem - Zandvoort aan Zee,6,Wednesday,5,0,3,1.0,0
59993,infrastructure,Groningen - Eemshaven,7,Wednesday,5,0,2,1.0,1
59994,external,Leeuwarden - Zwolle,7,Wednesday,5,0,4,1.0,0
59995,external,Leiden Centraal - Utrecht Centraal,7,Wednesday,5,0,7,1.0,1
59996,rolling stock,"Liège-Guillemins - Maastricht, Maastricht - Maastricht Randwyck",7,Wednesday,5,0,2,2.0,1
59997,rolling stock,Rotterdam Centraal - Utrecht Centraal,7,Wednesday,5,0,6,1.0,0
59998,logistical,Haarlem - Zandvoort aan Zee,8,Wednesday,5,0,3,1.0,0
59999,external,Arnhem Centraal - Winterswijk,11,Wednesday,5,0,14,1.0,0
60000,rolling stock,Leiden Centraal - Schiphol Airport,12,Wednesday,5,0,5,1.0,0
60002,rolling stock,Hengelo - Zutphen,14,Wednesday,5,0,2,1.0,1
60003,rolling stock,"Amersfoort - Amsterdam Centraal, Amersfoort - Schiphol Airport",16,Wednesday,5,0,2,2.0,0
60004,rolling stock,Roosendaal - Vlissingen,16,Wednesday,5,0,11,1.0,0
60005,external,Leiden Centraal - Schiphol Airport,16,Wednesday,5,0,4,1.0,0
60006,accidents,Leeuwarden - Zwolle,16,Wednesday,5,0,3,1.0,1
60007,unknown,Roosendaal - Vlissingen,17,Wednesday,5,0,2,1.0,1
60008,external,Enschede - Hengelo,20,Wednesday,5,0,3,1.0,0
60009,rolling stock,Amsterdam Centraal - Lelystad Centrum,20,Wednesday,5,0,8,1.0,0
60010,rolling stock,Almere Oostvaarders - Utrecht Centraal,20,Wednesday,5,0,3,1.0,0
60011,accidents,Roermond - Venlo,20,Wednesday,5,0,2,1.0,1
60012,external,Alkmaar - Den Helder,22,Wednesday,5,0,2,1.0,1
60013,rolling stock,"Almere Oostvaarders - Utrecht Centraal, Amsterdam Centraal - Lelystad Centrum, Lelystad Centrum - Schiphol Airport",6,Thursday,5,0,5,3.0,0
60014,external,"Groningen - Zwolle, Leeuwarden - Zwolle",6,Thursday,5,0,2,2.0,0
60015,staff,"Arnhem Centraal - Basel SBB, Arnhem Centraal - Düsseldorf Hbf, Arnhem Centraal - Frankfurt (M) Hbf",7,Thursday,5,0,7,3.0,1
60017,rolling stock,Breda - Rotterdam Centraal (HSL),11,Thursday,5,0,2,1.0,1
60018,infrastructure,Arnhem Centraal - Winterswijk,11,Thursday,5,0,3,1.0,1
60019,rolling stock,"Breda - Dordrecht, Dordrecht - Roosendaal",11,Thursday,5,0,3,2.0,1
60020,rolling stock,Rotterdam Centraal - Schiphol Airport (HSL),11,Thursday,5,0,2,1.0,1
60021,rolling stock,Lelystad Centrum - Schiphol Airport,11,Thursday,5,0,13,1.0,1
60022,rolling stock,"Den Haag Centraal - Den Haag HS, Den Haag HS - Rotterdam Centraal, Dordrecht - Rotterdam Centraal",11,Thursday,5,0,15,3.0,1
60023,infrastructure,Den Haag Centraal - Utrecht Centraal,12,Thursday,5,0,3,1.0,1
60025,rolling stock,Aachen Hbf - Heerlen,16,Thursday,5,0,4,1.0,0
60026,rolling stock,'s-Hertogenbosch - Nijmegen,16,Thursday,5,0,3,1.0,1
60027,rolling stock,"Dortmund Hbf - Enschede, Enschede - Gronau (Westf.), Enschede - Münster (Westf.) Hbf",19,Thursday,5,0,4,3.0,1
60029,rolling stock,Arnhem Centraal - Nijmegen,21,Thursday,5,0,3,1.0,0
60030,rolling stock,'s-Hertogenbosch - Nijmegen,22,Thursday,5,0,4,1.0,0
60031,rolling stock,Almelo - Hengelo,22,Thursday,5,0,4,1.0,0
60032,engineering work,Enkhuizen - Hoorn,4,Friday,5,0,6,1.0,1
60033,rolling stock,Amersfoort - Ede-Wageningen,8,Friday,5,0,3,1.0,0
60034,infrastructure,Hengelo - Zutphen,8,Friday,5,0,2,1.0,1
60035,infrastructure,Amsterdam Centraal - Lelystad Centrum,13,Friday,5,0,11,1.0,1
60036,accidents,Eindhoven - Roermond,14,Friday,5,0,6,1.0,0
60037,rolling stock,Leiden Centraal - Schiphol Airport,15,Friday,5,0,5,1.0,0
60038,rolling stock,Roermond - Venlo,15,Friday,5,0,5,1.0,0
60039,logistical,Hamm (Westf.) - Venlo,17,Friday,5,0,6,1.0,0
60040,accidents,Roosendaal - Vlissingen,18,Friday,5,0,3,1.0,1
60041,infrastructure,Apeldoorn - Zutphen,21,Friday,5,0,5,1.0,1
60043,rolling stock,Deventer - Zwolle,22,Friday,5,0,4,1.0,0
60044,staff,"Arnhem Centraal - Basel SBB, Arnhem Centraal - Düsseldorf Hbf, Arnhem Centraal - Frankfurt (M) Hbf",6,Saturday,5,1,7,3.0,1
60045,logistical,Aachen Hbf - Heerlen,9,Saturday,5,1,6,1.0,1
60046,rolling stock,Deventer - Zutphen,10,Saturday,5,1,2,1.0,1
60047,rolling stock,Breda - Roosendaal,11,Saturday,5,1,3,1.0,0
60049,accidents,"Amsterdam Centraal - Utrecht Centraal, Schiphol Airport - Utrecht Centraal",13,Saturday,5,1,7,2.0,1
60050,infrastructure,Leiden Centraal - Utrecht Centraal,20,Saturday,5,1,2,1.0,1
60051,logistical,Hamm (Westf.) - Venlo,22,Saturday,5,1,2,1.0,1
60052,infrastructure,Leiden Centraal - Utrecht Centraal,23,Saturday,5,1,2,1.0,1
60053,infrastructure,Leiden Centraal - Utrecht Centraal,4,Sunday,5,1,2,1.0,0
60054,infrastructure,Leiden Centraal - Utrecht Centraal,7,Sunday,5,1,2,1.0,1
60055,staff,"Arnhem Centraal - Basel SBB, Arnhem Centraal - Düsseldorf Hbf, Arnhem Centraal - Frankfurt (M) Hbf",8,Sunday,5,1,7,3.0,1
60056,infrastructure,Arnhem Centraal - Zutphen,11,Sunday,5,1,3,1.0,1
60057,infrastructure,Almelo - Zwolle,19,Sunday,5,1,2,1.0,1
60060,infrastructure,Almelo - Zwolle,20,Sunday,5,1,2,1.0,1
60061,accidents,Arnhem Centraal - Nijmegen,21,Sunday,5,1,5,1.0,1
60062,accidents,Arnhem Centraal - Tiel,22,Sunday,5,1,8,1.0,1
60063,infrastructure,"Almere Oostvaarders - Utrecht Centraal, Hilversum - Utrecht Centraal",5,Monday,5,0,4,2.0,0
60064,rolling stock,Aachen Hbf - Heerlen,6,Monday,5,0,5,1.0,0
60065,infrastructure,Roosendaal - Vlissingen,6,Monday,5,0,11,1.0,1
60066,infrastructure,Schiphol Airport - Utrecht Centraal,12,Monday,5,0,10,1.0,1
60067,infrastructure,Amsterdam Centraal - Utrecht Centraal,13,Monday,5,0,11,1.0,1
60068,infrastructure,"'s-Hertogenbosch - Eindhoven, 's-Hertogenbosch - Utrecht Centraal",13,Monday,5,0,14,2.0,1
60070,external,Lelystad Centrum - Zwolle,17,Monday,5,0,4,1.0,0
60071,infrastructure,"Groningen - Zwolle, Leeuwarden - Zwolle",18,Monday,5,0,2,2.0,0
60072,rolling stock,Breda - Rotterdam Centraal (HSL),19,Monday,5,0,2,1.0,0
60073,rolling stock,Leeuwarden - Zwolle,22,Monday,5,0,8,1.0,0
60074,rolling stock,Amsterdam Centraal - Schiphol Airport,3,Tuesday,5,0,4,1.0,0
60075,infrastructure,"Groningen - Zwolle, Leeuwarden - Zwolle",6,Tuesday,5,0,2,2.0,0
60076,unknown,"Groningen - Zwolle, Leeuwarden - Zwolle",8,Tuesday,5,0,2,2.0,1
60077,accidents,"Alkmaar - Den Helder, Alkmaar - Hoorn",9,Tuesday,5,0,3,2.0,1
60078,external,Amersfoort - Utrecht Centraal,10,Tuesday,5,0,5,1.0,0
60079,rolling stock,Amersfoort - Zwolle,10,Tuesday,5,0,7,1.0,0
60080,rolling stock,'s-Hertogenbosch - Nijmegen,10,Tuesday,5,0,2,1.0,0
60081,rolling stock,Haarlem - Leiden Centraal,10,Tuesday,5,0,5,1.0,0
60082,accidents,Amersfoort - Zwolle,10,Tuesday,5,0,4,1.0,1
60083,rolling stock,'s-Hertogenbosch - Utrecht Centraal,12,Tuesday,5,0,3,1.0,1
60084,rolling stock,Amsterdam Centraal - Utrecht Centraal,12,Tuesday,5,0,11,1.0,1
60085,infrastructure,Almelo - Zwolle,13,Tuesday,5,0,2,1.0,1
60086,external,Alphen a/d Rijn - Gouda,15,Tuesday,5,0,7,1.0,0
60088,external,Amsterdam Centraal - Haarlem,15,Tuesday,5,0,4,1.0,0
60089,external,Groningen - Veendam,15,Tuesday,5,0,2,1.0,0
60090,rolling stock,Breda - Rotterdam Centraal (HSL),17,Tuesday,5,0,2,1.0,0
60092,rolling stock,"Arnhem Centraal - Basel SBB, Arnhem Centraal - Düsseldorf Hbf, Arnhem Centraal - Frankfurt (M) Hbf",17,Tuesday,5,0,7,3.0,0
60093,rolling stock,Almelo - Zwolle,18,Tuesday,5,0,5,1.0,0
60094,infrastructure,'s-Hertogenbosch - Nijmegen,19,Tuesday,5,0,7,1.0,1
60095,external,Amsterdam Centraal - Haarlem,20,Tuesday,5,0,5,1.0,1
60098,rolling stock,Aachen Hbf - Heerlen,7,Wednesday,5,0,4,1.0,0
60099,infrastructure,Tiel - Utrecht Centraal,8,Wednesday,5,0,3,1.0,1
60101,rolling stock,Heerlen - Maastricht,10,Wednesday,5,0,5,1.0,0
60102,infrastructure,Rhenen - Utrecht Centraal,12,Wednesday,5,0,6,1.0,0
60104,infrastructure,"Amsterdam Centraal - Utrecht Centraal, Schiphol Airport - Utrecht Centraal",12,Wednesday,5,0,7,2.0,0
60105,rolling stock,"Amersfoort - Schiphol Airport, Den Haag Centraal - Den Haag HS, Den Haag Centraal - Leiden Centraal, Den Haag HS - Leiden Centraal, Den Haag HS - Rotterdam Centraal, Leiden Centraal - Schiphol Airport, Lelystad Centrum - Schiphol Airport, Schiphol Airport - Utrecht Centraal",12,Wednesday,5,0,18,8.0,1
60106,rolling stock,"Den Haag Centraal - Den Haag HS, Den Haag HS - Rotterdam Centraal, Dordrecht - Rotterdam Centraal",13,Wednesday,5,0,15,3.0,1
60107,rolling stock,Breda - Rotterdam Centraal (HSL),14,Wednesday,5,0,2,1.0,1
60108,infrastructure,"'s-Hertogenbosch - Utrecht Centraal, Arnhem Centraal - Utrecht Centraal, Rhenen - Utrecht Centraal, Tiel - Utrecht Centraal",14,Wednesday,5,0,2,4.0,0
60109,infrastructure,Enkhuizen - Hoorn,17,Wednesday,5,0,3,1.0,1
60110,rolling stock,Maastricht - Sittard,23,Wednesday,5,0,5,1.0,0
60112,external,'s-Hertogenbosch - Tilburg,8,Thursday,5,0,2,1.0,1
60115,rolling stock,Apeldoorn - Deventer,15,Thursday,5,0,4,1.0,1
60116,rolling stock,"Amersfoort - Schiphol Airport, Den Haag Centraal - Den Haag HS, Den Haag Centraal - Leiden Centraal, Den Haag HS - Leiden Centraal, Den Haag HS - Rotterdam Centraal, Leiden Centraal - Schiphol Airport, Lelystad Centrum - Schiphol Airport, Schiphol Airport - Utrecht Centraal",17,Thursday,5,0,18,8.0,0
60117,rolling stock,"Almelo - Mariënberg, Emmen - Zwolle",17,Thursday,5,0,6,2.0,1
60118,rolling stock,"Den Haag Centraal - Den Haag HS, Den Haag HS - Rotterdam Centraal, Dordrecht - Rotterdam Centraal",17,Thursday,5,0,15,3.0,0
60119,rolling stock,Schiphol Airport - Utrecht Centraal,21,Thursday,5,0,9,1.0,0
60120,external,Groningen - Zwolle,22,Thursday,5,0,2,1.0,0
60121,rolling stock,Schiphol Airport - Utrecht Centraal,22,Thursday,5,0,3,1.0,0
60122,rolling stock,Amersfoort - Apeldoorn,6,Friday,5,0,2,1.0,0
60123,infrastructure,Groningen - Leeuwarden,6,Friday,5,0,2,1.0,1
60124,rolling stock,Breda - Rotterdam Centraal (HSL),7,Friday,5,0,2,1.0,0
60125,rolling stock,Eindhoven - Venlo,9,Friday,5,0,2,1.0,0
60126,rolling stock,Eindhoven - Venlo,11,Friday,5,0,2,1.0,0
60127,rolling stock,Amsterdam Centraal - Woerden,13,Friday,5,0,2,1.0,0
60128,rolling stock,Emmen - Zwolle,13,Friday,5,0,2,1.0,1
60129,accidents,Heerlen - Sittard,13,Friday,5,0,7,1.0,1
60130,rolling stock,Antwerpen-Centraal - Roosendaal,13,Friday,5,0,2,1.0,0
60131,infrastructure,Amsterdam Centraal - Haarlem,15,Friday,5,0,4,1.0,1
60132,infrastructure,Groningen - Eemshaven,17,Friday,5,0,4,1.0,1
60133,infrastructure,Groningen - Leeuwarden,20,Friday,5,0,2,1.0,1
60134,rolling stock,Leiden Centraal - Schiphol Airport,20,Friday,5,0,4,1.0,0
60135,engineering work,Eindhoven - Roermond,9,Saturday,5,1,5,1.0,0
60136,rolling stock,"Amersfoort - Schiphol Airport, Lelystad Centrum - Schiphol Airport",12,Saturday,5,1,2,2.0,0
60137,infrastructure,"Almelo - Deventer, Almelo - Zwolle",14,Saturday,5,1,2,2.0,0
60138,rolling stock,Amsterdam Centraal - Hoorn,17,Saturday,5,1,5,1.0,0
60139,infrastructure,Amsterdam Centraal - Haarlem,18,Saturday,5,1,4,1.0,1
60140,rolling stock,Groningen - Zwolle,20,Saturday,5,1,4,1.0,0
60141,external,"'s-Hertogenbosch - Utrecht Centraal, Almere Oostvaarders - Utrecht Centraal, Amersfoort - Utrecht Centraal, Amsterdam Centraal - Utrecht Centraal, Arnhem Centraal - Utrecht Centraal, Baarn - Utrecht Centraal, Den Haag Centraal - Utrecht Centraal, Hilversum - Utrecht Centraal, Leiden Centraal - Utrecht Centraal, Rhenen - Utrecht Centraal, Rotterdam Centraal - Utrecht Centraal, Schiphol Airport - Utrecht Centraal, Tiel - Utrecht Centraal, Utrecht Centraal - Utrecht Maliebaan",21,Saturday,5,1,3,14.0,1
60142,infrastructure,Delfzijl - Groningen,6,Sunday,6,1,7,1.0,1
60143,staff,Aachen Hbf - Heerlen,7,Sunday,6,1,6,1.0,1
60144,rolling stock,"Amersfoort - Amsterdam Centraal, Amersfoort - Schiphol Airport",12,Sunday,6,1,2,2.0,0
60145,staff,"Arnhem Centraal - Basel SBB, Arnhem Centraal - Düsseldorf Hbf, Arnhem Centraal - Frankfurt (M) Hbf",13,Sunday,6,1,7,3.0,1
60146,infrastructure,'s-Hertogenbosch - Eindhoven,14,Sunday,6,1,3,1.0,1
60147,unknown,"Amersfoort - Amsterdam Centraal, Amersfoort - Schiphol Airport",15,Sunday,6,1,2,2.0,0
60148,rolling stock,Amsterdam Centraal - Utrecht Centraal,15,Sunday,6,1,11,1.0,0
60149,rolling stock,Dordrecht - Rotterdam Centraal,15,Sunday,6,1,8,1.0,0
60150,external,"Amsterdam Centraal - Utrecht Centraal, Amsterdam Centraal - Woerden",17,Sunday,6,1,8,2.0,1
60151,rolling stock,Liège-Guillemins - Maastricht,21,Sunday,6,1,3,1.0,1
60152,infrastructure,"Amersfoort - Schiphol Airport, Lelystad Centrum - Schiphol Airport",21,Sunday,6,1,3,2.0,1
60153,infrastructure,Schiphol Airport - Utrecht Centraal,22,Sunday,6,1,3,1.0,1
60154,engineering work,"'s-Hertogenbosch - Eindhoven, Eindhoven - Tilburg",2,Monday,6,0,4,2.0,1
60155,engineering work,"'s-Hertogenbosch - Eindhoven, 's-Hertogenbosch - Utrecht Centraal, Amsterdam Centraal - Utrecht Centraal",2,Monday,6,0,24,3.0,0
60156,staff,Aachen Hbf - Heerlen,2,Monday,6,0,6,1.0,1
60158,infrastructure,Almelo - Deventer,6,Monday,6,0,5,1.0,0
60159,rolling stock,Amersfoort - Schiphol Airport,7,Monday,6,0,10,1.0,0
60160,rolling stock,Leiden Centraal - Schiphol Airport,7,Monday,6,0,4,1.0,0
60161,rolling stock,Schiphol Airport - Utrecht Centraal,7,Monday,6,0,5,1.0,0
60162,rolling stock,'s-Hertogenbosch - Nijmegen,7,Monday,6,0,5,1.0,0
60163,rolling stock,"Amsterdam Centraal - Schiphol Airport, Leiden Centraal - Schiphol Airport",8,Monday,6,0,5,2.0,0
60164,infrastructure,Almelo - Deventer,8,Monday,6,0,5,1.0,1
60165,infrastructure,Almelo - Zwolle,9,Monday,6,0,2,1.0,1
60166,unknown,Eindhoven - Roermond,10,Monday,6,0,2,1.0,0
60167,infrastructure,Almelo - Deventer,10,Monday,6,0,5,1.0,1
60168,infrastructure,"Groningen - Bad Nieuweschans, Groningen - Leer (Ostfriesland)",11,Monday,6,0,2,2.0,1
60171,rolling stock,Almere Oostvaarders - Utrecht Centraal,11,Monday,6,0,8,1.0,0
60172,infrastructure,Nijmegen - Venlo,13,Monday,6,0,2,1.0,0
60174,infrastructure,Amersfoort - Zwolle,15,Monday,6,0,3,1.0,1
60175,rolling stock,Rotterdam Centraal - Schiphol Airport (HSL),15,Monday,6,0,2,1.0,0
60177,external,Breda - Tilburg,18,Monday,6,0,5,1.0,0
60178,rolling stock,"Dortmund Hbf - Enschede, Enschede - Gronau (Westf.), Enschede - Münster (Westf.) Hbf",19,Monday,6,0,4,3.0,1
60179,external,Arnhem Centraal - Zutphen,20,Monday,6,0,3,1.0,0
60180,rolling stock,Breda - Rotterdam Centraal (HSL),20,Monday,6,0,2,1.0,0
60181,accidents,Breda - Roosendaal,21,Monday,6,0,3,1.0,1
60182,rolling stock,"Breda - Dordrecht, Dordrecht - Roosendaal",22,Monday,6,0,3,2.0,0
60183,external,Eindhoven - Tilburg,10,Tuesday,6,0,3,1.0,0
60185,rolling stock,Roosendaal - Vlissingen,11,Tuesday,6,0,11,1.0,0
60188,external,"Almere Oostvaarders - Utrecht Centraal, Amersfoort - Amsterdam Centraal, Amersfoort - Schiphol Airport",14,Tuesday,6,0,4,3.0,0
60189,external,Leiden Centraal - Utrecht Centraal,15,Tuesday,6,0,2,1.0,1
60190,external,Groningen - Veendam,17,Tuesday,6,0,7,1.0,0
60191,external,"Groningen - Bad Nieuweschans, Groningen - Leer (Ostfriesland)",17,Tuesday,6,0,9,2.0,0
60192,rolling stock,Lelystad Centrum - Zwolle,18,Tuesday,6,0,4,1.0,0
60193,rolling stock,Hengelo - Zutphen,18,Tuesday,6,0,3,1.0,1
60194,external,Leiden Centraal - Schiphol Airport,21,Tuesday,6,0,4,1.0,0
60195,rolling stock,Den Haag Centraal - Utrecht Centraal,21,Tuesday,6,0,8,1.0,0
60196,external,"Amersfoort - Amsterdam Centraal, Amersfoort - Schiphol Airport",21,Tuesday,6,0,2,2.0,0
60197,external,Schiphol Airport - Utrecht Centraal,21,Tuesday,6,0,5,1.0,0
60198,rolling stock,Roermond - Venlo,23,Tuesday,6,0,5,1.0,0
60199,rolling stock,'s-Hertogenbosch - Tilburg,0,Wednesday,6,0,2,1.0,0
60200,accidents,Haarlem - Leiden Centraal,6,Wednesday,6,0,5,1.0,1
60201,accidents,Den Haag Centraal - Leiden Centraal,6,Wednesday,6,0,6,1.0,1
60202,accidents,"Almere Oostvaarders - Utrecht Centraal, Hilversum - Utrecht Centraal",7,Wednesday,6,0,5,2.0,1
60203,rolling stock,"Groningen - Bad Nieuweschans, Groningen - Leer (Ostfriesland)",9,Wednesday,6,0,3,2.0,0
60204,rolling stock,Amersfoort - Zwolle,9,Wednesday,6,0,2,1.0,0
60205,external,"Dortmund Hbf - Enschede, Enschede - Gronau (Westf.), Enschede - Münster (Westf.) Hbf",12,Wednesday,6,0,4,3.0,1
60206,infrastructure,Almelo - Zwolle,12,Wednesday,6,0,3,1.0,1
60207,rolling stock,Den Haag Centraal - Leiden Centraal,13,Wednesday,6,0,2,1.0,0
60208,external,Leiden Centraal - Schiphol Airport,15,Wednesday,6,0,5,1.0,0
60209,external,Groningen - Eemshaven,16,Wednesday,6,0,5,1.0,0
60210,external,Emmen - Zwolle,16,Wednesday,6,0,4,1.0,0
60211,rolling stock,"Groningen - Zwolle, Leeuwarden - Zwolle",17,Wednesday,6,0,2,2.0,0
60212,external,Alphen a/d Rijn - Gouda,18,Wednesday,6,0,7,1.0,0
60213,accidents,'s-Hertogenbosch - Tilburg,19,Wednesday,6,0,2,1.0,0
60214,rolling stock,Almelo - Mariënberg,7,Thursday,6,0,6,1.0,1
60215,rolling stock,Amersfoort - Zwolle,8,Thursday,6,0,2,1.0,1
60216,infrastructure,Leiden Centraal - Utrecht Centraal,9,Thursday,6,0,3,1.0,0
60217,rolling stock,"Amersfoort - Schiphol Airport, Amsterdam Centraal - Schiphol Airport, Leiden Centraal - Schiphol Airport, Lelystad Centrum - Schiphol Airport, Rotterdam Centraal - Schiphol Airport (HSL), Schiphol Airport - Utrecht Centraal, Schiphol Airport - Zaandam",10,Thursday,6,0,2,7.0,1
60218,rolling stock,"Den Haag Centraal - Den Haag HS, Den Haag Centraal - Leiden Centraal, Den Haag HS - Leiden Centraal, Den Haag HS - Rotterdam Centraal",11,Thursday,6,0,13,4.0,0
60219,rolling stock,Den Haag Centraal - Leiden Centraal,11,Thursday,6,0,6,1.0,0
60220,rolling stock,Eindhoven - Roermond,11,Thursday,6,0,2,1.0,0
60221,rolling stock,"Amsterdam Centraal - Hoorn, Enkhuizen - Hoorn",12,Thursday,6,0,3,2.0,0
60222,rolling stock,Eindhoven - Roermond,13,Thursday,6,0,5,1.0,1
60223,rolling stock,"Den Haag Centraal - Utrecht Centraal, Rotterdam Centraal - Utrecht Centraal",14,Thursday,6,0,3,2.0,0
60224,external,Amsterdam Centraal - Hoorn,14,Thursday,6,0,5,1.0,0
60225,unknown,Groningen - Zwolle,14,Thursday,6,0,3,1.0,0
60226,rolling stock,"Eindhoven - Venlo, Nijmegen - Venlo",15,Thursday,6,0,2,2.0,0
60227,rolling stock,Breda - Rotterdam Centraal (HSL),15,Thursday,6,0,2,1.0,1
60229,staff,Amsterdam Centraal - Schiphol Airport,3,Friday,6,0,4,1.0,1
60230,staff,"'s-Hertogenbosch - Utrecht Centraal, Almere Oostvaarders - Utrecht Centraal, Amersfoort - Utrecht Centraal, Amsterdam Centraal - Utrecht Centraal, Arnhem Centraal - Utrecht Centraal, Baarn - Utrecht Centraal, Den Haag Centraal - Utrecht Centraal, Hilversum - Utrecht Centraal, Leiden Centraal - Utrecht Centraal, Rhenen - Utrecht Centraal, Rotterdam Centraal - Utrecht Centraal, Schiphol Airport - Utrecht Centraal, Tiel - Utrecht Centraal, Utrecht Centraal - Utrecht Maliebaan",4,Friday,6,0,3,14.0,1
60234,staff,"'s-Hertogenbosch - Eindhoven, Eindhoven - Roermond, Eindhoven - Tilburg, Eindhoven - Venlo",4,Friday,6,0,2,4.0,1
60235,staff,"Almelo - Zwolle, Amersfoort - Zwolle, Deventer - Zwolle, Emmen - Zwolle, Groningen - Zwolle, Kampen - Zwolle, Leeuwarden - Zwolle, Lelystad Centrum - Zwolle",4,Friday,6,0,3,8.0,1
60236,staff,"Arnhem Centraal - Basel SBB, Arnhem Centraal - Düsseldorf Hbf, Arnhem Centraal - Frankfurt (M) Hbf, Arnhem Centraal - Innsbruck Hbf, Arnhem Centraal - Nijmegen, Arnhem Centraal - Tiel, Arnhem Centraal - Utrecht Centraal, Arnhem Centraal - Wien Hbf, Arnhem Centraal - Winterswijk, Arnhem Centraal - Zutphen, Arnhem Centraal - Zürich HB",4,Friday,6,0,2,11.0,1
60237,staff,"Antwerpen-Centraal - Roosendaal, Breda - Roosendaal, Dordrecht - Roosendaal, Roosendaal - Vlissingen",4,Friday,6,0,2,4.0,1
60238,staff,"'s-Hertogenbosch - Eindhoven, 's-Hertogenbosch - Nijmegen, 's-Hertogenbosch - Tilburg, 's-Hertogenbosch - Utrecht Centraal",4,Friday,6,0,1,4.0,1
60239,staff,"Heerlen - Sittard, Maastricht - Sittard, Roermond - Sittard",4,Friday,6,0,2,3.0,1
60240,staff,"Alphen a/d Rijn - Gouda, Den Haag Centraal - Utrecht Centraal, Rotterdam Centraal - Utrecht Centraal",4,Friday,6,0,2,3.0,1
60241,staff,"Antwerpen-Centraal - Brussels Airport-Zaventem, Antwerpen-Centraal - Roosendaal, Brussel-Zuid/Midi - Brussels Airport-Zaventem, Brussel-Zuid/Midi - Rotterdam Centraal (HSL), Dordrecht - Roosendaal, Dordrecht - Rotterdam Centraal, Paris-Nord - Rotterdam Centraal (HSL)",4,Friday,6,0,51,7.0,1
60242,infrastructure,Leeuwarden - Stavoren,9,Friday,6,0,4,1.0,1
60243,engineering work,Dordrecht - Roosendaal,22,Friday,6,0,4,1.0,1
60245,accidents,Schiphol Airport - Utrecht Centraal,8,Saturday,6,1,11,1.0,1
60246,infrastructure,Maastricht - Sittard,9,Saturday,6,1,5,1.0,1
60247,infrastructure,Roermond - Sittard,9,Saturday,6,1,4,1.0,0
60248,rolling stock,Arnhem Centraal - Zutphen,10,Saturday,6,1,6,1.0,1
60250,rolling stock,Roosendaal - Vlissingen,13,Saturday,6,1,2,1.0,0
60251,external,Heerlen - Sittard,17,Saturday,6,1,7,1.0,1
60252,external,"Den Haag Centraal - Den Haag HS, Den Haag HS - Rotterdam Centraal",18,Saturday,6,1,8,2.0,0
60253,rolling stock,Eindhoven - Venlo,20,Saturday,6,1,6,1.0,0
60254,external,Maastricht - Sittard,21,Saturday,6,1,5,1.0,1
60256,accidents,Apeldoorn - Deventer,23,Saturday,6,1,4,1.0,0
60257,rolling stock,"Arnhem Centraal - Basel SBB, Arnhem Centraal - Düsseldorf Hbf, Arnhem Centraal - Frankfurt (M) Hbf",7,Sunday,6,1,3,3.0,1
60258,rolling stock,"Den Haag Centraal - Leiden Centraal, Den Haag HS - Leiden Centraal",9,Sunday,6,1,5,2.0,0
60259,infrastructure,Almelo - Zwolle,10,Sunday,6,1,2,1.0,1
60261,external,Breda - Dordrecht,16,Sunday,6,1,3,1.0,0
60262,infrastructure,Almelo - Zwolle,16,Sunday,6,1,2,1.0,1
60264,staff,Aachen Hbf - Heerlen,7,Monday,6,0,6,1.0,1
60265,weather,Amsterdam Centraal - Woerden,8,Monday,6,0,2,1.0,0
60266,rolling stock,"Amersfoort - Schiphol Airport, Lelystad Centrum - Schiphol Airport",8,Monday,6,0,4,2.0,0
60267,infrastructure,Deventer - Zwolle,9,Monday,6,0,3,1.0,1
60268,unknown,'s-Hertogenbosch - Nijmegen,10,Monday,6,0,6,1.0,1
60270,infrastructure,Almelo - Zwolle,14,Monday,6,0,2,1.0,1
60272,rolling stock,"Almere Oostvaarders - Utrecht Centraal, Amersfoort - Amsterdam Centraal, Amersfoort - Schiphol Airport",18,Monday,6,0,4,3.0,0
60273,rolling stock,Breda - Rotterdam Centraal (HSL),18,Monday,6,0,2,1.0,0
60274,infrastructure,Den Haag Centraal - Utrecht Centraal,19,Monday,6,0,13,1.0,1
60275,infrastructure,Rotterdam Centraal - Utrecht Centraal,19,Monday,6,0,12,1.0,1
60276,rolling stock,"Amsterdam Centraal - Utrecht Centraal, Amsterdam Centraal - Woerden, Schiphol Airport - Utrecht Centraal",21,Monday,6,0,4,3.0,0
60277,rolling stock,Roosendaal - Vlissingen,21,Monday,6,0,6,1.0,0
60278,infrastructure,Almelo - Zwolle,21,Monday,6,0,2,1.0,1
60279,infrastructure,"Antwerpen-Centraal - Breda (HSL), Breda - Rotterdam Centraal (HSL)",21,Monday,6,0,3,2.0,0
60280,staff,"'s-Hertogenbosch - Utrecht Centraal, Almere Oostvaarders - Utrecht Centraal, Amersfoort - Utrecht Centraal, Amsterdam Centraal - Utrecht Centraal, Arnhem Centraal - Utrecht Centraal, Baarn - Utrecht Centraal, Den Haag Centraal - Utrecht Centraal, Hilversum - Utrecht Centraal, Leiden Centraal - Utrecht Centraal, Rhenen - Utrecht Centraal, Rotterdam Centraal - Utrecht Centraal, Schiphol Airport - Utrecht Centraal, Tiel - Utrecht Centraal, Utrecht Centraal - Utrecht Maliebaan",4,Tuesday,6,0,3,14.0,1
60281,staff,"Alkmaar - Amsterdam Centraal, Alkmaar - Den Helder, Alkmaar - Hoorn",4,Tuesday,6,0,3,3.0,1
60282,staff,"Alkmaar - Amsterdam Centraal, Amersfoort - Amsterdam Centraal, Amsterdam Centraal - Haarlem, Amsterdam Centraal - Hoorn, Amsterdam Centraal - Lelystad Centrum, Amsterdam Centraal - Schiphol Airport, Amsterdam Centraal - Utrecht Centraal, Amsterdam Centraal - Woerden",4,Tuesday,6,0,3,8.0,1
60283,staff,"Den Haag Centraal - Den Haag HS, Den Haag Centraal - Leiden Centraal, Den Haag Centraal - Utrecht Centraal",4,Tuesday,6,0,2,3.0,1
60284,staff,"Breda - Rotterdam Centraal (HSL), Brussel-Zuid/Midi - Rotterdam Centraal (HSL), Den Haag HS - Rotterdam Centraal, Dordrecht - Rotterdam Centraal, Paris-Nord - Rotterdam Centraal (HSL), Rotterdam Centraal - Schiphol Airport (HSL), Rotterdam Centraal - Utrecht Centraal",4,Tuesday,6,0,2,7.0,1
60285,staff,"Amersfoort - Amsterdam Centraal, Amersfoort - Apeldoorn, Amersfoort - Ede-Wageningen, Amersfoort - Schiphol Airport, Amersfoort - Utrecht Centraal, Amersfoort - Zwolle",4,Tuesday,6,0,3,6.0,1
60286,staff,"Almelo - Hengelo, Berlin Ostbahnhof - Hengelo, Bielefeld Hbf - Hengelo, Enschede - Hengelo, Hengelo - Oldenzaal, Hengelo - Zutphen",4,Tuesday,6,0,1,6.0,1
60287,staff,"'s-Hertogenbosch - Eindhoven, Eindhoven - Roermond, Eindhoven - Tilburg, Eindhoven - Venlo",4,Tuesday,6,0,2,4.0,1
60288,staff,"Almelo - Zwolle, Amersfoort - Zwolle, Deventer - Zwolle, Emmen - Zwolle, Groningen - Zwolle, Kampen - Zwolle, Leeuwarden - Zwolle, Lelystad Centrum - Zwolle",4,Tuesday,6,0,3,8.0,1
60289,staff,"Arnhem Centraal - Basel SBB, Arnhem Centraal - Düsseldorf Hbf, Arnhem Centraal - Frankfurt (M) Hbf, Arnhem Centraal - Innsbruck Hbf, Arnhem Centraal - Nijmegen, Arnhem Centraal - Tiel, Arnhem Centraal - Utrecht Centraal, Arnhem Centraal - Wien Hbf, Arnhem Centraal - Winterswijk, Arnhem Centraal - Zutphen, Arnhem Centraal - Zürich HB",4,Tuesday,6,0,2,11.0,1
60290,staff,"Antwerpen-Centraal - Roosendaal, Breda - Roosendaal, Dordrecht - Roosendaal, Roosendaal - Vlissingen",4,Tuesday,6,0,2,4.0,1
60291,staff,"'s-Hertogenbosch - Eindhoven, 's-Hertogenbosch - Nijmegen, 's-Hertogenbosch - Tilburg, 's-Hertogenbosch - Utrecht Centraal",4,Tuesday,6,0,1,4.0,1
60292,staff,"Heerlen - Sittard, Maastricht - Sittard, Roermond - Sittard",4,Tuesday,6,0,2,3.0,1
60293,staff,"Amsterdam Centraal - Schiphol Airport, Leiden Centraal - Schiphol Airport",4,Tuesday,6,0,5,2.0,1
60294,infrastructure,Almelo - Zwolle,9,Tuesday,6,0,2,1.0,1
60295,external,Leiden Centraal - Schiphol Airport,17,Tuesday,6,0,2,1.0,0
60296,engineering work,Breda - Roosendaal,5,Wednesday,6,0,3,1.0,1
60297,rolling stock,Amersfoort - Zwolle,7,Wednesday,6,0,2,1.0,0
60298,rolling stock,"Amsterdam Centraal - Schiphol Airport, Leiden Centraal - Schiphol Airport",7,Wednesday,6,0,5,2.0,1
60299,rolling stock,Amersfoort - Zwolle,7,Wednesday,6,0,9,1.0,0
60300,rolling stock,Rotterdam Centraal - Schiphol Airport (HSL),7,Wednesday,6,0,2,1.0,0
60301,rolling stock,"Amersfoort - Schiphol Airport, Lelystad Centrum - Schiphol Airport",8,Wednesday,6,0,3,2.0,1
60302,rolling stock,Rotterdam Centraal - Schiphol Airport (HSL),8,Wednesday,6,0,2,1.0,1
60303,rolling stock,Lelystad Centrum - Schiphol Airport,8,Wednesday,6,0,13,1.0,0
60304,infrastructure,'s-Hertogenbosch - Nijmegen,9,Wednesday,6,0,5,1.0,1
60307,rolling stock,Dordrecht - Roosendaal,11,Wednesday,6,0,6,1.0,0
60308,rolling stock,"Groningen - Zwolle, Leeuwarden - Zwolle",12,Wednesday,6,0,2,2.0,0
60309,rolling stock,"'s-Hertogenbosch - Eindhoven, Eindhoven - Tilburg",13,Wednesday,6,0,4,2.0,0
60310,infrastructure,Nijmegen - Venlo,14,Wednesday,6,0,2,1.0,1
60311,external,"Breda - Dordrecht, Dordrecht - Roosendaal",15,Wednesday,6,0,3,2.0,0
60314,rolling stock,"Amsterdam Centraal - Lelystad Centrum, Lelystad Centrum - Schiphol Airport",21,Wednesday,6,0,4,2.0,0
60315,accidents,Eindhoven - Roermond,21,Wednesday,6,0,2,1.0,1
60316,staff,"Arnhem Centraal - Basel SBB, Arnhem Centraal - Düsseldorf Hbf, Arnhem Centraal - Frankfurt (M) Hbf",3,Thursday,6,0,7,3.0,1
60317,rolling stock,Roosendaal - Vlissingen,8,Thursday,6,0,11,1.0,0
60318,rolling stock,Leiden Centraal - Utrecht Centraal,8,Thursday,6,0,3,1.0,0
60320,external,"Alkmaar - Den Helder, Alkmaar - Hoorn",9,Thursday,6,0,2,2.0,0
60321,accidents,Dordrecht - Roosendaal,9,Thursday,6,0,4,1.0,0
60322,infrastructure,Breda - Rotterdam Centraal (HSL),12,Thursday,6,0,2,1.0,1
60323,infrastructure,"Arnhem Centraal - Basel SBB, Arnhem Centraal - Düsseldorf Hbf, Arnhem Centraal - Frankfurt (M) Hbf",13,Thursday,6,0,3,3.0,0
60324,infrastructure,'s-Hertogenbosch - Tilburg,15,Thursday,6,0,2,1.0,0
60325,rolling stock,Amersfoort - Ede-Wageningen,15,Thursday,6,0,8,1.0,0
60326,infrastructure,"Arnhem Centraal - Basel SBB, Arnhem Centraal - Düsseldorf Hbf, Arnhem Centraal - Frankfurt (M) Hbf",16,Thursday,6,0,7,3.0,1
60327,rolling stock,Haarlem - Leiden Centraal,16,Thursday,6,0,3,1.0,1
60328,rolling stock,Breda - Roosendaal,19,Thursday,6,0,3,1.0,0
60329,accidents,Groningen - Zwolle,21,Thursday,6,0,2,1.0,1
60330,rolling stock,Arnhem Centraal - Tiel,22,Thursday,6,0,6,1.0,0
60331,staff,"Almelo - Zwolle, Amersfoort - Zwolle, Deventer - Zwolle, Emmen - Zwolle, Groningen - Zwolle, Kampen - Zwolle, Leeuwarden - Zwolle, Lelystad Centrum - Zwolle",3,Friday,6,0,3,8.0,1
60332,staff,"Arnhem Centraal - Zutphen, Deventer - Zutphen, Deventer - Zwolle",3,Friday,6,0,7,3.0,1
60333,staff,Amersfoort - Zwolle,3,Friday,6,0,9,1.0,1
60334,staff,"Almelo - Deventer, Almelo - Hengelo, Amersfoort - Apeldoorn, Apeldoorn - Deventer, Enschede - Hengelo",3,Friday,6,0,15,5.0,1
60335,staff,"Antwerpen-Centraal - Roosendaal, Breda - Roosendaal, Dordrecht - Roosendaal, Roosendaal - Vlissingen",3,Friday,6,0,2,4.0,1
60336,staff,Dordrecht - Roosendaal,3,Friday,6,0,4,1.0,1
60337,staff,"'s-Hertogenbosch - Eindhoven, Eindhoven - Roermond, Eindhoven - Tilburg, Eindhoven - Venlo",4,Friday,6,0,2,4.0,1
60338,staff,"Heerlen - Sittard, Maastricht - Sittard, Roermond - Sittard",4,Friday,6,0,2,3.0,1
60339,staff,"'s-Hertogenbosch - Tilburg, Breda - Tilburg",4,Friday,6,0,6,2.0,1
60340,staff,'s-Hertogenbosch - Utrecht Centraal,4,Friday,6,0,3,1.0,1
60341,staff,'s-Hertogenbosch - Nijmegen,4,Friday,6,0,5,1.0,1
60342,staff,Almere Oostvaarders - Utrecht Centraal,4,Friday,6,0,3,1.0,1
60343,staff,Lelystad Centrum - Schiphol Airport,4,Friday,6,0,9,1.0,1
60344,staff,"Amersfoort - Schiphol Airport, Den Haag Centraal - Den Haag HS, Den Haag Centraal - Leiden Centraal, Den Haag HS - Leiden Centraal, Den Haag HS - Rotterdam Centraal, Leiden Centraal - Schiphol Airport, Lelystad Centrum - Schiphol Airport, Schiphol Airport - Utrecht Centraal",4,Friday,6,0,18,8.0,1
60345,staff,Breda - Rotterdam Centraal (HSL),4,Friday,6,0,2,1.0,1
60346,staff,Dordrecht - Rotterdam Centraal,4,Friday,6,0,8,1.0,1
60347,staff,Arnhem Centraal - Nijmegen,4,Friday,6,0,5,1.0,1
60348,staff,Arnhem Centraal - Zutphen,4,Friday,6,0,6,1.0,1
60349,staff,Amsterdam Centraal - Lelystad Centrum,4,Friday,6,0,8,1.0,1
60350,infrastructure,Dordrecht - Roosendaal,5,Friday,6,0,4,1.0,0
60351,staff,Rotterdam Centraal - Utrecht Centraal,6,Friday,6,0,6,1.0,1
60352,staff,Den Haag Centraal - Utrecht Centraal,6,Friday,6,0,7,1.0,1
60353,staff,"Den Haag Centraal - Utrecht Centraal, Rotterdam Centraal - Utrecht Centraal",6,Friday,6,0,7,2.0,1
60354,staff,Amersfoort - Utrecht Centraal,6,Friday,6,0,5,1.0,1
60355,rolling stock,"Amersfoort - Schiphol Airport, Den Haag Centraal - Den Haag HS, Den Haag Centraal - Leiden Centraal, Den Haag HS - Leiden Centraal, Den Haag HS - Rotterdam Centraal, Leiden Centraal - Schiphol Airport, Lelystad Centrum - Schiphol Airport, Schiphol Airport - Utrecht Centraal",8,Friday,6,0,18,8.0,0
60356,rolling stock,Emmen - Zwolle,11,Friday,6,0,2,1.0,1
60357,infrastructure,Amersfoort - Ede-Wageningen,14,Friday,6,0,4,1.0,1
60358,rolling stock,"Amersfoort - Schiphol Airport, Leiden Centraal - Schiphol Airport, Lelystad Centrum - Schiphol Airport",14,Friday,6,0,6,3.0,1
60359,rolling stock,"Amsterdam Centraal - Schiphol Airport, Leiden Centraal - Schiphol Airport",15,Friday,6,0,5,2.0,1
60361,infrastructure,Arnhem Centraal - Winterswijk,15,Friday,6,0,3,1.0,1
60362,infrastructure,Groningen - Eemshaven,16,Friday,6,0,2,1.0,1
60363,rolling stock,Heerlen - Maastricht,16,Friday,6,0,10,1.0,1
60364,rolling stock,'s-Hertogenbosch - Nijmegen,17,Friday,6,0,4,1.0,0
60365,rolling stock,Almelo - Hengelo,17,Friday,6,0,4,1.0,0
60366,infrastructure,Almelo - Mariënberg,19,Friday,6,0,4,1.0,0
60370,rolling stock,Enschede - Hengelo,6,Saturday,6,1,3,1.0,0
60371,rolling stock,Rotterdam Centraal - Schiphol Airport (HSL),6,Saturday,6,1,2,1.0,0
60372,rolling stock,Roermond - Venlo,8,Saturday,6,1,5,1.0,0
60373,infrastructure,Breda - Tilburg,8,Saturday,6,1,5,1.0,1
60374,rolling stock,Heerlen - Maastricht,10,Saturday,6,1,10,1.0,1
60375,infrastructure,Amsterdam Centraal - Haarlem,10,Saturday,6,1,4,1.0,0
60376,staff,Emmen - Zwolle,11,Saturday,6,1,2,1.0,1
60378,rolling stock,Antwerpen-Centraal - Roosendaal,13,Saturday,6,1,12,1.0,0
60379,infrastructure,Arnhem Centraal - Nijmegen,19,Saturday,6,1,5,1.0,1
60380,rolling stock,Breda - Roosendaal,19,Saturday,6,1,3,1.0,0
60381,external,Breda - Roosendaal,21,Saturday,6,1,3,1.0,0
60382,external,"Arnhem Centraal - Nijmegen, Arnhem Centraal - Tiel",21,Saturday,6,1,3,2.0,0
60383,infrastructure,Dordrecht - Rotterdam Centraal,23,Saturday,6,1,8,1.0,0
60384,rolling stock,'s-Hertogenbosch - Nijmegen,0,Sunday,6,1,4,1.0,0
60385,rolling stock,Heerlen - Maastricht,7,Sunday,6,1,10,1.0,1
60386,rolling stock,Leiden Centraal - Schiphol Airport,14,Sunday,6,1,4,1.0,1
60387,infrastructure,Leiden Centraal - Schiphol Airport,20,Sunday,6,1,4,1.0,1
60388,external,Alkmaar - Amsterdam Centraal,21,Sunday,6,1,6,1.0,1
60389,rolling stock,Eindhoven - Venlo,22,Sunday,6,1,6,1.0,0
60390,accidents,Amersfoort - Apeldoorn,5,Monday,6,0,2,1.0,1
60391,staff,"Arnhem Centraal - Basel SBB, Arnhem Centraal - Düsseldorf Hbf, Arnhem Centraal - Frankfurt (M) Hbf",8,Monday,6,0,7,3.0,1
60392,rolling stock,"Amersfoort - Schiphol Airport, Lelystad Centrum - Schiphol Airport",8,Monday,6,0,2,2.0,0
60393,rolling stock,"Amsterdam Centraal - Schiphol Airport, Leiden Centraal - Schiphol Airport",8,Monday,6,0,5,2.0,0
60394,rolling stock,Almelo - Zwolle,9,Monday,6,0,5,1.0,0
60395,unknown,Roosendaal - Vlissingen,9,Monday,6,0,3,1.0,1
60396,external,Den Haag Centraal - Leiden Centraal,10,Monday,6,0,3,1.0,0
60397,rolling stock,Amersfoort - Zwolle,10,Monday,6,0,3,1.0,1
60398,rolling stock,Rotterdam Centraal - Schiphol Airport (HSL),10,Monday,6,0,2,1.0,0
60399,rolling stock,Lelystad Centrum - Schiphol Airport,11,Monday,6,0,13,1.0,0
60400,rolling stock,"Breda - Dordrecht, Dordrecht - Roosendaal",11,Monday,6,0,3,2.0,0
60401,rolling stock,Breda - Rotterdam Centraal (HSL),11,Monday,6,0,2,1.0,0
60402,rolling stock,Lelystad Centrum - Schiphol Airport,11,Monday,6,0,13,1.0,0
60403,rolling stock,Rotterdam Centraal - Schiphol Airport (HSL),11,Monday,6,0,2,1.0,0
60404,rolling stock,"Breda - Dordrecht, Dordrecht - Roosendaal",11,Monday,6,0,3,2.0,0
60405,rolling stock,"Den Haag Centraal - Den Haag HS, Den Haag HS - Rotterdam Centraal, Dordrecht - Rotterdam Centraal",11,Monday,6,0,15,3.0,0
60406,rolling stock,"Amersfoort - Amsterdam Centraal, Amersfoort - Schiphol Airport",13,Monday,6,0,3,2.0,1
60407,rolling stock,Almere Oostvaarders - Utrecht Centraal,13,Monday,6,0,3,1.0,0
60408,accidents,Leiden Centraal - Schiphol Airport,18,Monday,6,0,4,1.0,1
60410,unknown,Eindhoven - Roermond,21,Monday,6,0,6,1.0,0
60411,rolling stock,Rotterdam Centraal - Utrecht Centraal,22,Monday,6,0,6,1.0,0
60412,staff,"Alkmaar - Amsterdam Centraal, Amersfoort - Amsterdam Centraal, Amsterdam Centraal - Haarlem, Amsterdam Centraal - Hoorn, Amsterdam Centraal - Lelystad Centrum, Amsterdam Centraal - Schiphol Airport, Amsterdam Centraal - Utrecht Centraal, Amsterdam Centraal - Woerden",4,Tuesday,6,0,3,8.0,1
60413,staff,"Amersfoort - Amsterdam Centraal, Amersfoort - Schiphol Airport, Amersfoort - Zwolle",4,Tuesday,6,0,4,3.0,1
60414,staff,"Alkmaar - Amsterdam Centraal, Alkmaar - Den Helder, Alkmaar - Hoorn",4,Tuesday,6,0,3,3.0,1
60415,staff,"Amsterdam Centraal - Haarlem, Haarlem - Leiden Centraal, Haarlem - Uitgeest, Haarlem - Zandvoort aan Zee",4,Tuesday,6,0,3,4.0,1
60416,staff,"Almelo - Deventer, Apeldoorn - Deventer, Deventer - Zutphen, Deventer - Zwolle",4,Tuesday,6,0,2,4.0,1
60417,staff,"Arnhem Centraal - Basel SBB, Arnhem Centraal - Düsseldorf Hbf, Arnhem Centraal - Frankfurt (M) Hbf, Arnhem Centraal - Innsbruck Hbf, Arnhem Centraal - Nijmegen, Arnhem Centraal - Tiel, Arnhem Centraal - Utrecht Centraal, Arnhem Centraal - Wien Hbf, Arnhem Centraal - Winterswijk, Arnhem Centraal - Zutphen, Arnhem Centraal - Zürich HB",4,Tuesday,6,0,2,11.0,1
60418,staff,'s-Hertogenbosch - Nijmegen,4,Tuesday,6,0,6,1.0,1
60419,staff,Deventer - Zwolle,4,Tuesday,6,0,2,1.0,1
60420,staff,Den Haag Centraal - Leiden Centraal,4,Tuesday,6,0,6,1.0,1
60421,staff,Amsterdam Centraal - Woerden,4,Tuesday,6,0,9,1.0,1
60422,staff,Leiden Centraal - Schiphol Airport,4,Tuesday,6,0,4,1.0,1
60423,staff,Amersfoort - Schiphol Airport,4,Tuesday,6,0,7,1.0,1
60424,staff,Rotterdam Centraal - Schiphol Airport (HSL),4,Tuesday,6,0,2,1.0,1
60425,staff,Lelystad Centrum - Zwolle,4,Tuesday,6,0,4,1.0,1
60426,staff,"'s-Hertogenbosch - Eindhoven, 's-Hertogenbosch - Utrecht Centraal",4,Tuesday,6,0,14,2.0,0
60427,staff,"Almere Oostvaarders - Utrecht Centraal, Hilversum - Utrecht Centraal",4,Tuesday,6,0,8,2.0,1
60428,staff,"'s-Hertogenbosch - Eindhoven, 's-Hertogenbosch - Utrecht Centraal",4,Tuesday,6,0,14,2.0,1
60429,staff,Arnhem Centraal - Utrecht Centraal,4,Tuesday,6,0,7,1.0,1
60430,staff,"Arnhem Centraal - Utrecht Centraal, Rhenen - Utrecht Centraal",5,Tuesday,6,0,4,2.0,1
60431,rolling stock,"Arnhem Centraal - Basel SBB, Arnhem Centraal - Düsseldorf Hbf, Arnhem Centraal - Frankfurt (M) Hbf",7,Tuesday,6,0,3,3.0,1
60432,rolling stock,Amersfoort - Utrecht Centraal,7,Tuesday,6,0,5,1.0,0
60433,staff,Breda - Rotterdam Centraal (HSL),7,Tuesday,6,0,2,1.0,1
60434,staff,Rotterdam Centraal - Utrecht Centraal,8,Tuesday,6,0,12,1.0,1
60435,logistical,"Den Haag Centraal - Den Haag HS, Den Haag HS - Rotterdam Centraal, Dordrecht - Rotterdam Centraal",13,Tuesday,6,0,15,3.0,0
60436,infrastructure,Eindhoven - Tilburg,13,Tuesday,6,0,3,1.0,0
60437,infrastructure,Hengelo - Zutphen,13,Tuesday,6,0,2,1.0,1
60438,infrastructure,"Breda - Tilburg, Eindhoven - Tilburg",13,Tuesday,6,0,7,2.0,1
60439,logistical,"Breda - Dordrecht, Dordrecht - Roosendaal",13,Tuesday,6,0,3,2.0,0
60440,infrastructure,Emmen - Zwolle,15,Tuesday,6,0,3,1.0,1
60441,rolling stock,Enschede - Hengelo,16,Tuesday,6,0,3,1.0,0
60442,rolling stock,Aachen Hbf - Heerlen,16,Tuesday,6,0,3,1.0,1
60443,external,Dordrecht - Rotterdam Centraal,18,Tuesday,6,0,5,1.0,1
60445,external,"'s-Hertogenbosch - Tilburg, Breda - Tilburg",18,Tuesday,6,0,6,2.0,0
60446,rolling stock,"Arnhem Centraal - Basel SBB, Arnhem Centraal - Düsseldorf Hbf, Arnhem Centraal - Frankfurt (M) Hbf",4,Wednesday,6,0,7,3.0,1
60447,infrastructure,Harlingen Haven - Leeuwarden,6,Wednesday,6,0,6,1.0,1
60448,external,Leiden Centraal - Utrecht Centraal,9,Wednesday,6,0,3,1.0,0
60449,infrastructure,Haarlem - Leiden Centraal,12,Wednesday,6,0,4,1.0,1
60450,infrastructure,Den Haag Centraal - Leiden Centraal,12,Wednesday,6,0,6,1.0,1
60451,infrastructure,Breda - Tilburg,14,Wednesday,6,0,5,1.0,0
60452,infrastructure,Breda - Tilburg,14,Wednesday,6,0,2,1.0,1
60453,rolling stock,Alphen a/d Rijn - Gouda,15,Wednesday,6,0,2,1.0,1
60455,rolling stock,"Arnhem Centraal - Utrecht Centraal, Rhenen - Utrecht Centraal",16,Wednesday,6,0,4,2.0,1
60456,unknown,'s-Hertogenbosch - Nijmegen,16,Wednesday,6,0,2,1.0,0
60457,infrastructure,Roermond - Venlo,16,Wednesday,6,0,2,1.0,1
60458,infrastructure,Hamm (Westf.) - Venlo,16,Wednesday,6,0,2,1.0,1
60459,infrastructure,Breda - Rotterdam Centraal (HSL),17,Wednesday,6,0,2,1.0,1
60460,infrastructure,"Den Haag Centraal - Den Haag HS, Den Haag HS - Rotterdam Centraal, Dordrecht - Rotterdam Centraal",17,Wednesday,6,0,15,3.0,1
60461,engineering work,"Den Haag Centraal - Den Haag HS, Den Haag Centraal - Leiden Centraal, Den Haag HS - Leiden Centraal",20,Wednesday,6,0,7,3.0,1
60462,rolling stock,"Arnhem Centraal - Basel SBB, Arnhem Centraal - Düsseldorf Hbf, Arnhem Centraal - Frankfurt (M) Hbf, Arnhem Centraal - Winterswijk",22,Wednesday,6,0,5,4.0,0
60463,rolling stock,'s-Hertogenbosch - Tilburg,23,Wednesday,6,0,2,1.0,0
60464,rolling stock,Heerlen - Maastricht,5,Thursday,6,0,10,1.0,1
60465,external,Amersfoort - Apeldoorn,6,Thursday,6,0,2,1.0,0
60466,rolling stock,Deventer - Zwolle,7,Thursday,6,0,4,1.0,1
60467,infrastructure,Deventer - Zwolle,9,Thursday,6,0,2,1.0,1
60468,rolling stock,Rotterdam Centraal - Schiphol Airport (HSL),11,Thursday,6,0,2,1.0,0
60469,rolling stock,Breda - Tilburg,12,Thursday,6,0,5,1.0,0
60470,accidents,Alkmaar - Hoorn,12,Thursday,6,0,3,1.0,1
60471,accidents,Apeldoorn - Zutphen,13,Thursday,6,0,5,1.0,1
60472,rolling stock,Lelystad Centrum - Schiphol Airport,15,Thursday,6,0,9,1.0,0
60473,rolling stock,"Amersfoort - Amsterdam Centraal, Amersfoort - Schiphol Airport",15,Thursday,6,0,5,2.0,0
60474,infrastructure,Breda - Rotterdam Centraal (HSL),16,Thursday,6,0,2,1.0,1
60475,external,Alphen a/d Rijn - Gouda,16,Thursday,6,0,2,1.0,0
60476,external,"Amersfoort - Schiphol Airport, Amsterdam Centraal - Schiphol Airport, Leiden Centraal - Schiphol Airport, Lelystad Centrum - Schiphol Airport, Rotterdam Centraal - Schiphol Airport (HSL), Schiphol Airport - Utrecht Centraal, Schiphol Airport - Zaandam",17,Thursday,6,0,2,7.0,1
60477,infrastructure,Amsterdam Centraal - Haarlem,18,Thursday,6,0,4,1.0,0
60478,rolling stock,Heerlen - Sittard,19,Thursday,6,0,7,1.0,1
60479,infrastructure,Rhenen - Utrecht Centraal,19,Thursday,6,0,2,1.0,1
60480,infrastructure,"Arnhem Centraal - Basel SBB, Arnhem Centraal - Düsseldorf Hbf, Arnhem Centraal - Frankfurt (M) Hbf",20,Thursday,6,0,7,3.0,1
60481,staff,"Arnhem Centraal - Basel SBB, Arnhem Centraal - Düsseldorf Hbf, Arnhem Centraal - Frankfurt (M) Hbf",6,Friday,6,0,7,3.0,1
60483,accidents,Leeuwarden - Zwolle,8,Friday,6,0,4,1.0,1
60484,external,"Eindhoven - Venlo, Nijmegen - Venlo",9,Friday,6,0,2,2.0,1
60485,rolling stock,'s-Hertogenbosch - Nijmegen,10,Friday,6,0,4,1.0,0
60486,infrastructure,Leeuwarden - Stavoren,13,Friday,6,0,3,1.0,1
60487,rolling stock,Den Haag Centraal - Utrecht Centraal,14,Friday,6,0,4,1.0,0
60488,external,"Arnhem Centraal - Basel SBB, Arnhem Centraal - Düsseldorf Hbf, Arnhem Centraal - Frankfurt (M) Hbf, Arnhem Centraal - Winterswijk",16,Friday,6,0,5,4.0,1
60489,external,"Arnhem Centraal - Basel SBB, Arnhem Centraal - Düsseldorf Hbf, Arnhem Centraal - Frankfurt (M) Hbf",16,Friday,6,0,3,3.0,1
60490,rolling stock,Dordrecht - Geldermalsen,17,Friday,6,0,3,1.0,1
60491,unknown,Roosendaal - Vlissingen,18,Friday,6,0,2,1.0,0
60493,external,"Den Haag Centraal - Utrecht Centraal, Leiden Centraal - Utrecht Centraal, Rotterdam Centraal - Utrecht Centraal",20,Friday,6,0,5,3.0,0
60494,rolling stock,Breda - Tilburg,22,Friday,6,0,5,1.0,0
60495,rolling stock,"Aachen Hbf - Heerlen, Heerlen - Kerkrade Centrum",23,Friday,6,0,2,2.0,0
60496,logistical,"Aachen Hbf - Heerlen, Heerlen - Kerkrade Centrum",1,Saturday,6,1,2,2.0,0
60497,rolling stock,Emmen - Zwolle,5,Saturday,6,1,2,1.0,1
60498,staff,"Arnhem Centraal - Basel SBB, Arnhem Centraal - Düsseldorf Hbf, Arnhem Centraal - Frankfurt (M) Hbf",5,Saturday,6,1,7,3.0,1
60499,engineering work,Amsterdam Centraal - Haarlem,7,Saturday,6,1,5,1.0,1
60500,rolling stock,"Alkmaar - Den Helder, Alkmaar - Hoorn",9,Saturday,6,1,3,2.0,0
60501,rolling stock,Arnhem Centraal - Zutphen,9,Saturday,6,1,8,1.0,0
60502,external,Haarlem - Uitgeest,9,Saturday,6,1,3,1.0,0
60504,infrastructure,Almere Oostvaarders - Utrecht Centraal,10,Saturday,6,1,5,1.0,1
60505,rolling stock,"Almere Oostvaarders - Utrecht Centraal, Amsterdam Centraal - Lelystad Centrum, Lelystad Centrum - Schiphol Airport",10,Saturday,6,1,5,3.0,0
60507,infrastructure,Breda - Rotterdam Centraal (HSL),13,Saturday,6,1,2,1.0,0
60508,rolling stock,Den Haag HS - Rotterdam Centraal,13,Saturday,6,1,7,1.0,0
60510,rolling stock,Breda - Rotterdam Centraal (HSL),14,Saturday,6,1,2,1.0,0
60512,rolling stock,Leeuwarden - Zwolle,14,Saturday,6,1,6,1.0,1
60513,infrastructure,Enschede - Hengelo,15,Saturday,6,1,3,1.0,0
60514,infrastructure,Enschede - Hengelo,15,Saturday,6,1,3,1.0,1
60516,unknown,"Den Haag Centraal - Utrecht Centraal, Rotterdam Centraal - Utrecht Centraal",17,Saturday,6,1,7,2.0,0
60517,rolling stock,Roermond - Sittard,17,Saturday,6,1,4,1.0,1
60518,unknown,"Amsterdam Centraal - Utrecht Centraal, Schiphol Airport - Utrecht Centraal",18,Saturday,6,1,4,2.0,0
60519,infrastructure,Breda - Rotterdam Centraal (HSL),18,Saturday,6,1,2,1.0,1
60520,infrastructure,Apeldoorn - Deventer,18,Saturday,6,1,4,1.0,1
60521,rolling stock,Eindhoven - Venlo,18,Saturday,6,1,4,1.0,0
60522,infrastructure,Breda - Roosendaal,19,Saturday,6,1,3,1.0,1
60523,external,"Amersfoort - Schiphol Airport, Lelystad Centrum - Schiphol Airport",19,Saturday,6,1,3,2.0,0
60524,infrastructure,Leeuwarden - Stavoren,19,Saturday,6,1,3,1.0,1
60526,external,Apeldoorn - Zutphen,20,Saturday,6,1,5,1.0,0
60527,infrastructure,Almelo - Deventer,21,Saturday,6,1,6,1.0,1
60528,rolling stock,"Arnhem Centraal - Basel SBB, Arnhem Centraal - Düsseldorf Hbf, Arnhem Centraal - Frankfurt (M) Hbf",4,Sunday,6,1,7,3.0,1
60529,rolling stock,Emmen - Zwolle,4,Sunday,6,1,2,1.0,1
60530,engineering work,"Dortmund Hbf - Enschede, Enschede - Gronau (Westf.), Enschede - Münster (Westf.) Hbf",7,Sunday,6,1,4,3.0,1
60531,rolling stock,Roermond - Venlo,7,Sunday,6,1,2,1.0,0
60532,external,Lelystad Centrum - Schiphol Airport,8,Sunday,6,1,5,1.0,0
60533,external,Almere Oostvaarders - Utrecht Centraal,8,Sunday,6,1,3,1.0,0
60534,rolling stock,"Amersfoort - Schiphol Airport, Amsterdam Centraal - Schiphol Airport, Leiden Centraal - Schiphol Airport, Lelystad Centrum - Schiphol Airport, Rotterdam Centraal - Schiphol Airport (HSL), Schiphol Airport - Utrecht Centraal, Schiphol Airport - Zaandam",10,Sunday,6,1,2,7.0,1
60535,rolling stock,"Den Haag Centraal - Leiden Centraal, Leiden Centraal - Schiphol Airport",10,Sunday,6,1,9,2.0,1
60536,rolling stock,"Amersfoort - Schiphol Airport, Amsterdam Centraal - Schiphol Airport, Leiden Centraal - Schiphol Airport, Lelystad Centrum - Schiphol Airport, Rotterdam Centraal - Schiphol Airport (HSL), Schiphol Airport - Utrecht Centraal, Schiphol Airport - Zaandam",12,Sunday,6,1,2,7.0,1
60537,rolling stock,"Den Haag Centraal - Leiden Centraal, Leiden Centraal - Schiphol Airport",12,Sunday,6,1,9,2.0,1
60538,infrastructure,Nijmegen - Venlo,13,Sunday,6,1,2,1.0,1
60540,rolling stock,"Aachen Hbf - Heerlen, Heerlen - Kerkrade Centrum",15,Sunday,6,1,2,2.0,0
60541,logistical,Hamm (Westf.) - Venlo,16,Sunday,6,1,2,1.0,0
60543,external,Rotterdam Centraal - Schiphol Airport (HSL),18,Sunday,6,1,2,1.0,0
60544,external,Amersfoort - Amsterdam Centraal,19,Sunday,6,1,9,1.0,1
60545,external,Apeldoorn - Zutphen,20,Sunday,6,1,5,1.0,1
60546,external,"Amersfoort - Schiphol Airport, Amsterdam Centraal - Schiphol Airport, Leiden Centraal - Schiphol Airport, Lelystad Centrum - Schiphol Airport, Rotterdam Centraal - Schiphol Airport (HSL), Schiphol Airport - Utrecht Centraal, Schiphol Airport - Zaandam",21,Sunday,6,1,2,7.0,0
60547,external,Lelystad Centrum - Schiphol Airport,21,Sunday,6,1,13,1.0,0
60548,rolling stock,"Arnhem Centraal - Basel SBB, Arnhem Centraal - Düsseldorf Hbf, Arnhem Centraal - Frankfurt (M) Hbf",5,Monday,6,0,7,3.0,1
60549,rolling stock,"Amsterdam Centraal - Utrecht Centraal, Schiphol Airport - Utrecht Centraal",6,Monday,6,0,2,2.0,0
60550,infrastructure,Arnhem Centraal - Nijmegen,7,Monday,6,0,5,1.0,0
60551,infrastructure,Nijmegen - Venlo,8,Monday,6,0,3,1.0,0
60552,infrastructure,'s-Hertogenbosch - Nijmegen,8,Monday,6,0,6,1.0,1
60553,external,Baarn - Utrecht Centraal,11,Monday,6,0,3,1.0,0
60554,rolling stock,"Amersfoort - Schiphol Airport, Leiden Centraal - Schiphol Airport, Lelystad Centrum - Schiphol Airport, Schiphol Airport - Utrecht Centraal",11,Monday,6,0,6,4.0,1
60555,rolling stock,Amsterdam Centraal - Schiphol Airport,12,Monday,6,0,4,1.0,0
60556,rolling stock,"Amersfoort - Schiphol Airport, Lelystad Centrum - Schiphol Airport",12,Monday,6,0,2,2.0,0
60557,rolling stock,"Amsterdam Centraal - Schiphol Airport, Rotterdam Centraal - Schiphol Airport (HSL)",12,Monday,6,0,5,2.0,0
60558,rolling stock,"Den Haag Centraal - Den Haag HS, Den Haag Centraal - Leiden Centraal, Den Haag HS - Leiden Centraal, Den Haag HS - Rotterdam Centraal",13,Monday,6,0,13,4.0,1
60559,rolling stock,Den Haag Centraal - Leiden Centraal,13,Monday,6,0,6,1.0,1
60560,rolling stock,"Amersfoort - Amsterdam Centraal, Amsterdam Centraal - Lelystad Centrum",13,Monday,6,0,5,2.0,0
60561,unknown,Haarlem - Leiden Centraal,13,Monday,6,0,5,1.0,0
60562,infrastructure,"Amersfoort - Amsterdam Centraal, Amsterdam Centraal - Lelystad Centrum",14,Monday,6,0,5,2.0,0
60563,infrastructure,"Almere Oostvaarders - Utrecht Centraal, Amsterdam Centraal - Lelystad Centrum, Lelystad Centrum - Schiphol Airport",14,Monday,6,0,3,3.0,0
60564,rolling stock,Arnhem Centraal - Winterswijk,15,Monday,6,0,6,1.0,0
60565,rolling stock,Roosendaal - Vlissingen,17,Monday,6,0,11,1.0,1
60566,rolling stock,Leiden Centraal - Utrecht Centraal,17,Monday,6,0,3,1.0,0
60567,rolling stock,"Amersfoort - Schiphol Airport, Lelystad Centrum - Schiphol Airport, Schiphol Airport - Utrecht Centraal",18,Monday,6,0,2,3.0,0
60568,infrastructure,Arnhem Centraal - Zutphen,18,Monday,6,0,3,1.0,1
60569,rolling stock,Amsterdam Centraal - Lelystad Centrum,18,Monday,6,0,8,1.0,0
60570,rolling stock,"Arnhem Centraal - Basel SBB, Arnhem Centraal - Düsseldorf Hbf, Arnhem Centraal - Frankfurt (M) Hbf",19,Monday,6,0,7,3.0,1
60572,unknown,Haarlem - Leiden Centraal,22,Monday,6,0,5,1.0,0
60573,external,Dordrecht - Roosendaal,0,Tuesday,6,0,4,1.0,1
60575,infrastructure,"Amersfoort - Schiphol Airport, Lelystad Centrum - Schiphol Airport",4,Tuesday,6,0,4,2.0,0
60576,infrastructure,"Amersfoort - Schiphol Airport, Lelystad Centrum - Schiphol Airport, Schiphol Airport - Utrecht Centraal",4,Tuesday,6,0,2,3.0,0
60577,infrastructure,Den Haag Centraal - Leiden Centraal,4,Tuesday,6,0,6,1.0,1
60578,infrastructure,Breda - Rotterdam Centraal (HSL),4,Tuesday,6,0,2,1.0,1
60579,rolling stock,Aachen Hbf - Heerlen,5,Tuesday,6,0,6,1.0,1
60580,rolling stock,"Arnhem Centraal - Basel SBB, Arnhem Centraal - Düsseldorf Hbf, Arnhem Centraal - Frankfurt (M) Hbf",6,Tuesday,6,0,3,3.0,1
60581,weather,Heerlen - Sittard,7,Tuesday,6,0,7,1.0,1
60582,infrastructure,"Amersfoort - Schiphol Airport, Lelystad Centrum - Schiphol Airport",7,Tuesday,6,0,4,2.0,1
60583,infrastructure,"Amersfoort - Schiphol Airport, Lelystad Centrum - Schiphol Airport, Schiphol Airport - Utrecht Centraal",7,Tuesday,6,0,2,3.0,1
60584,infrastructure,Den Haag Centraal - Den Haag HS,7,Tuesday,6,0,2,1.0,1
60585,unknown,Dordrecht - Rotterdam Centraal,9,Tuesday,6,0,7,1.0,0
60586,accidents,Breda - Tilburg,10,Tuesday,6,0,2,1.0,1
60587,rolling stock,Den Haag HS - Rotterdam Centraal,11,Tuesday,6,0,4,1.0,0
60588,external,"Eindhoven - Venlo, Hamm (Westf.) - Venlo, Nijmegen - Venlo, Roermond - Venlo",11,Tuesday,6,0,1,4.0,1
60591,rolling stock,Breda - Tilburg,15,Tuesday,6,0,5,1.0,0
60592,unknown,Leeuwarden - Zwolle,15,Tuesday,6,0,3,1.0,0
60595,rolling stock,"Arnhem Centraal - Basel SBB, Arnhem Centraal - Düsseldorf Hbf, Arnhem Centraal - Frankfurt (M) Hbf",3,Wednesday,6,0,7,3.0,1
60596,infrastructure,"Den Haag Centraal - Den Haag HS, Den Haag HS - Rotterdam Centraal",5,Wednesday,6,0,8,2.0,1
60597,infrastructure,'s-Hertogenbosch - Nijmegen,6,Wednesday,6,0,6,1.0,1
60598,infrastructure,"Amersfoort - Schiphol Airport, Lelystad Centrum - Schiphol Airport",6,Wednesday,6,0,4,2.0,1
60599,infrastructure,Schiphol Airport - Utrecht Centraal,7,Wednesday,6,0,5,1.0,1
60600,infrastructure,"Amsterdam Centraal - Schiphol Airport, Leiden Centraal - Schiphol Airport",7,Wednesday,6,0,5,2.0,1
60601,infrastructure,Leiden Centraal - Schiphol Airport,7,Wednesday,6,0,5,1.0,1
60603,infrastructure,Rotterdam Centraal - Schiphol Airport (HSL),7,Wednesday,6,0,2,1.0,1
60606,staff,Aachen Hbf - Heerlen,7,Wednesday,6,0,6,1.0,1
60607,external,Leiden Centraal - Schiphol Airport,9,Wednesday,6,0,2,1.0,0
60608,logistical,"Brussel-Zuid/Midi - Rotterdam Centraal (HSL), Paris-Nord - Rotterdam Centraal (HSL)",10,Wednesday,6,0,2,2.0,1
60610,rolling stock,Roermond - Venlo,12,Wednesday,6,0,2,1.0,1
60611,accidents,"Alkmaar - Amsterdam Centraal, Amersfoort - Amsterdam Centraal, Amsterdam Centraal - Haarlem, Amsterdam Centraal - Hoorn, Amsterdam Centraal - Lelystad Centrum, Amsterdam Centraal - Schiphol Airport, Amsterdam Centraal - Utrecht Centraal, Amsterdam Centraal - Woerden",12,Wednesday,6,0,3,8.0,0
60613,rolling stock,Emmen - Zwolle,13,Wednesday,6,0,2,1.0,1
60614,rolling stock,Antwerpen-Centraal - Breda (HSL),13,Wednesday,6,0,2,1.0,0
60615,external,Alkmaar - Hoorn,14,Wednesday,6,0,2,1.0,0
60616,external,"Den Haag Centraal - Leiden Centraal, Den Haag HS - Leiden Centraal, Haarlem - Leiden Centraal, Leiden Centraal - Schiphol Airport, Leiden Centraal - Utrecht Centraal",15,Wednesday,6,0,2,5.0,1
60617,infrastructure,Rotterdam Centraal - Utrecht Centraal,15,Wednesday,6,0,6,1.0,0
60618,external,Den Haag Centraal - Leiden Centraal,18,Wednesday,6,0,6,1.0,1
60619,infrastructure,'s-Hertogenbosch - Nijmegen,18,Wednesday,6,0,6,1.0,0
60620,rolling stock,"Amersfoort - Utrecht Centraal, Baarn - Utrecht Centraal",19,Wednesday,6,0,2,2.0,0
60621,infrastructure,"Amsterdam Centraal - Schiphol Airport, Schiphol Airport - Zaandam",19,Wednesday,6,0,3,2.0,1
60622,external,Alkmaar - Den Helder,1,Thursday,6,0,4,1.0,0
60625,rolling stock,Alkmaar - Amsterdam Centraal,6,Thursday,6,0,4,1.0,0
60626,infrastructure,Rotterdam Centraal - Utrecht Centraal,6,Thursday,6,0,6,1.0,1
60627,rolling stock,Dordrecht - Geldermalsen,8,Thursday,6,0,8,1.0,1
60628,rolling stock,'s-Hertogenbosch - Nijmegen,8,Thursday,6,0,5,1.0,1
60629,rolling stock,Heerlen - Maastricht,9,Thursday,6,0,6,1.0,0
60630,external,"Leiden Centraal - Schiphol Airport, Schiphol Airport - Zaandam",10,Thursday,6,0,5,2.0,1
60631,infrastructure,'s-Hertogenbosch - Utrecht Centraal,10,Thursday,6,0,9,1.0,0
60633,infrastructure,Leiden Centraal - Utrecht Centraal,11,Thursday,6,0,2,1.0,1
60634,infrastructure,Almelo - Mariënberg,12,Thursday,6,0,4,1.0,0
60636,rolling stock,Alkmaar - Amsterdam Centraal,12,Thursday,6,0,4,1.0,0
60637,engineering work,Leiden Centraal - Schiphol Airport,12,Thursday,6,0,4,1.0,1
60639,external,Den Haag HS - Rotterdam Centraal,14,Thursday,6,0,4,1.0,1
60640,rolling stock,Baarn - Utrecht Centraal,15,Thursday,6,0,3,1.0,0
60641,infrastructure,Den Haag Centraal - Den Haag HS,16,Thursday,6,0,2,1.0,1
60642,rolling stock,Roermond - Sittard,17,Thursday,6,0,4,1.0,0
60643,rolling stock,Den Haag HS - Rotterdam Centraal,17,Thursday,6,0,4,1.0,0
60644,rolling stock,"Amersfoort - Amsterdam Centraal, Amersfoort - Schiphol Airport",17,Thursday,6,0,2,2.0,0
60645,rolling stock,Baarn - Utrecht Centraal,18,Thursday,6,0,3,1.0,0
60646,rolling stock,"Almere Oostvaarders - Utrecht Centraal, Hilversum - Utrecht Centraal",18,Thursday,6,0,5,2.0,0
60647,rolling stock,Breda - Rotterdam Centraal (HSL),19,Thursday,6,0,2,1.0,0
60648,rolling stock,Winterswijk - Zutphen,20,Thursday,6,0,6,1.0,0
60651,external,Den Haag HS - Rotterdam Centraal,21,Thursday,6,0,5,1.0,1
60653,rolling stock,Nijmegen - Venlo,22,Thursday,6,0,2,1.0,0
60654,infrastructure,Deventer - Zwolle,23,Thursday,6,0,4,1.0,0
60655,staff,Aachen Hbf - Heerlen,2,Friday,6,0,6,1.0,1
60656,infrastructure,Den Haag Centraal - Den Haag HS,2,Friday,6,0,2,1.0,1
60657,rolling stock,Arnhem Centraal - Winterswijk,6,Friday,6,0,9,1.0,0
60658,rolling stock,"Den Haag Centraal - Utrecht Centraal, Leiden Centraal - Utrecht Centraal, Rotterdam Centraal - Utrecht Centraal",7,Friday,6,0,5,3.0,0
60659,rolling stock,Arnhem Centraal - Nijmegen,7,Friday,6,0,5,1.0,1
60660,staff,"Bielefeld Hbf - Hengelo, Hengelo - Oldenzaal",7,Friday,6,0,8,2.0,1
60661,rolling stock,Amsterdam Centraal - Hoorn,8,Friday,6,0,5,1.0,0
60662,infrastructure,Dordrecht - Roosendaal,9,Friday,6,0,6,1.0,1
60665,rolling stock,Amersfoort - Ede-Wageningen,11,Friday,6,0,5,1.0,1
60666,rolling stock,"Eindhoven - Roermond, Roermond - Sittard",12,Friday,6,0,5,2.0,1
60667,infrastructure,Dordrecht - Rotterdam Centraal,12,Friday,6,0,8,1.0,0
60668,infrastructure,Leiden Centraal - Schiphol Airport,12,Friday,6,0,4,1.0,1
60669,infrastructure,Den Haag Centraal - Leiden Centraal,13,Friday,6,0,6,1.0,1
60672,external,"Amersfoort - Schiphol Airport, Lelystad Centrum - Schiphol Airport, Schiphol Airport - Utrecht Centraal",16,Friday,6,0,2,3.0,0
60673,rolling stock,'s-Hertogenbosch - Nijmegen,18,Friday,6,0,5,1.0,0
60674,rolling stock,Haarlem - Leiden Centraal,19,Friday,6,0,5,1.0,0
60675,rolling stock,Amsterdam Centraal - Hoorn,20,Friday,6,0,5,1.0,0
60676,external,Alkmaar - Amsterdam Centraal,20,Friday,6,0,2,1.0,0
60677,external,Leiden Centraal - Schiphol Airport,20,Friday,6,0,4,1.0,0
60678,accidents,Breda - Dordrecht,11,Saturday,6,1,3,1.0,1
60679,accidents,Breda - Rotterdam Centraal (HSL),11,Saturday,6,1,2,1.0,1
60680,infrastructure,Dordrecht - Roosendaal,12,Saturday,6,1,4,1.0,0
60681,infrastructure,Almelo - Mariënberg,13,Saturday,6,1,4,1.0,1
60682,rolling stock,Alkmaar - Hoorn,15,Saturday,6,1,3,1.0,0
60683,infrastructure,Roermond - Venlo,18,Saturday,6,1,2,1.0,1
60684,rolling stock,'s-Hertogenbosch - Eindhoven,19,Saturday,6,1,3,1.0,0
60685,accidents,Heerlen - Sittard,20,Saturday,6,1,7,1.0,1
60686,rolling stock,'s-Hertogenbosch - Eindhoven,20,Saturday,6,1,3,1.0,1
60687,infrastructure,Roermond - Venlo,20,Saturday,6,1,2,1.0,0
60689,rolling stock,Amersfoort - Apeldoorn,7,Sunday,6,1,2,1.0,1
60690,rolling stock,Amersfoort - Zwolle,8,Sunday,6,1,10,1.0,1
60691,rolling stock,'s-Hertogenbosch - Eindhoven,8,Sunday,6,1,3,1.0,0
60692,rolling stock,Breda - Tilburg,10,Sunday,6,1,4,1.0,1
60693,infrastructure,Breda - Dordrecht,10,Sunday,6,1,3,1.0,1
60694,infrastructure,Breda - Rotterdam Centraal (HSL),11,Sunday,6,1,2,1.0,1
60695,external,Breda - Tilburg,12,Sunday,6,1,5,1.0,0
60696,infrastructure,Groningen - Zwolle,12,Sunday,6,1,3,1.0,1
60697,rolling stock,"'s-Hertogenbosch - Eindhoven, 's-Hertogenbosch - Utrecht Centraal, Amsterdam Centraal - Utrecht Centraal",14,Sunday,6,1,24,3.0,0
60700,rolling stock,Almere Oostvaarders - Utrecht Centraal,18,Sunday,6,1,5,1.0,0
60701,infrastructure,Leeuwarden - Zwolle,19,Sunday,6,1,3,1.0,1
60702,external,Leiden Centraal - Utrecht Centraal,19,Sunday,6,1,3,1.0,0
60704,unknown,"'s-Hertogenbosch - Utrecht Centraal, Tiel - Utrecht Centraal",20,Sunday,6,1,7,2.0,1
60706,engineering work,Alkmaar - Amsterdam Centraal,3,Monday,6,0,8,1.0,1
60707,rolling stock,Dordrecht - Rotterdam Centraal,9,Monday,6,0,8,1.0,0
60709,staff,"Berlin Ostbahnhof - Hengelo, Bielefeld Hbf - Hengelo, Hengelo - Oldenzaal",10,Monday,6,0,4,3.0,1
60711,rolling stock,"Den Haag Centraal - Den Haag HS, Den Haag HS - Rotterdam Centraal, Dordrecht - Rotterdam Centraal",11,Monday,6,0,15,3.0,1
60712,rolling stock,Rotterdam Centraal - Schiphol Airport (HSL),11,Monday,6,0,2,1.0,1
60713,rolling stock,Lelystad Centrum - Schiphol Airport,11,Monday,6,0,13,1.0,1
60714,rolling stock,"Breda - Dordrecht, Dordrecht - Roosendaal",11,Monday,6,0,3,2.0,1
60716,infrastructure,Eindhoven - Tilburg,12,Monday,6,0,6,1.0,1
60717,infrastructure,"'s-Hertogenbosch - Eindhoven, Eindhoven - Tilburg",12,Monday,6,0,4,2.0,0
60718,rolling stock,Den Haag HS - Rotterdam Centraal,12,Monday,6,0,4,1.0,0
60720,external,"Breda - Rotterdam Centraal (HSL), Brussel-Zuid/Midi - Rotterdam Centraal (HSL), Den Haag HS - Rotterdam Centraal, Dordrecht - Rotterdam Centraal, Paris-Nord - Rotterdam Centraal (HSL), Rotterdam Centraal - Schiphol Airport (HSL), Rotterdam Centraal - Utrecht Centraal",12,Monday,6,0,2,7.0,1
60721,infrastructure,Leiden Centraal - Schiphol Airport,14,Monday,6,0,5,1.0,0
60722,infrastructure,Roermond - Venlo,14,Monday,6,0,2,1.0,1
60723,infrastructure,Rotterdam Centraal - Schiphol Airport (HSL),15,Monday,6,0,2,1.0,1
60724,rolling stock,Breda - Tilburg,15,Monday,6,0,2,1.0,0
60725,infrastructure,"Amersfoort - Schiphol Airport, Leiden Centraal - Schiphol Airport, Lelystad Centrum - Schiphol Airport, Schiphol Airport - Utrecht Centraal",15,Monday,6,0,6,4.0,1
60726,infrastructure,"Den Haag Centraal - Den Haag HS, Den Haag HS - Rotterdam Centraal, Dordrecht - Rotterdam Centraal",15,Monday,6,0,15,3.0,1
60727,rolling stock,Leiden Centraal - Schiphol Airport,17,Monday,6,0,4,1.0,1
60728,rolling stock,Den Haag Centraal - Leiden Centraal,17,Monday,6,0,6,1.0,0
60730,infrastructure,Breda - Roosendaal,21,Monday,6,0,1,1.0,1
60731,infrastructure,Amersfoort - Apeldoorn,0,Tuesday,7,0,2,1.0,0
60732,rolling stock,Emmen - Zwolle,4,Tuesday,7,0,2,1.0,1
60733,rolling stock,"Breda - Tilburg, Eindhoven - Tilburg",6,Tuesday,7,0,4,2.0,0
60734,unknown,Groningen - Zwolle,8,Tuesday,7,0,3,1.0,0
60736,rolling stock,Amersfoort - Zwolle,8,Tuesday,7,0,2,1.0,0
60737,rolling stock,Eindhoven - Venlo,9,Tuesday,7,0,6,1.0,0
60738,rolling stock,Arnhem Centraal - Winterswijk,12,Tuesday,7,0,3,1.0,0
60740,rolling stock,Arnhem Centraal - Winterswijk,12,Tuesday,7,0,3,1.0,0
60741,rolling stock,Breda - Dordrecht,13,Tuesday,7,0,3,1.0,0
60742,infrastructure,Heerlen - Maastricht,13,Tuesday,7,0,10,1.0,1
60743,rolling stock,Breda - Tilburg,13,Tuesday,7,0,2,1.0,0
60744,infrastructure,Emmen - Zwolle,14,Tuesday,7,0,2,1.0,1
60745,rolling stock,Den Haag Centraal - Utrecht Centraal,14,Tuesday,7,0,7,1.0,0
60748,infrastructure,Arnhem Centraal - Winterswijk,15,Tuesday,7,0,3,1.0,1
60749,accidents,Breda - Rotterdam Centraal (HSL),15,Tuesday,7,0,2,1.0,1
60750,accidents,Breda - Dordrecht,15,Tuesday,7,0,3,1.0,1
60753,rolling stock,Emmen - Zwolle,16,Tuesday,7,0,2,1.0,1
60754,infrastructure,Roermond - Venlo,16,Tuesday,7,0,2,1.0,1
60755,infrastructure,"Arnhem Centraal - Utrecht Centraal, Rhenen - Utrecht Centraal",16,Tuesday,7,0,4,2.0,1
60756,rolling stock,"Breda - Dordrecht, Dordrecht - Roosendaal",16,Tuesday,7,0,3,2.0,1
60757,rolling stock,"Amsterdam Centraal - Utrecht Centraal, Schiphol Airport - Utrecht Centraal",16,Tuesday,7,0,4,2.0,1
60758,rolling stock,"Den Haag Centraal - Utrecht Centraal, Leiden Centraal - Utrecht Centraal, Rotterdam Centraal - Utrecht Centraal",16,Tuesday,7,0,5,3.0,0
60759,infrastructure,Eindhoven - Tilburg,16,Tuesday,7,0,3,1.0,1
60760,infrastructure,"Almere Oostvaarders - Utrecht Centraal, Amsterdam Centraal - Lelystad Centrum, Lelystad Centrum - Schiphol Airport",16,Tuesday,7,0,5,3.0,1
60761,infrastructure,Liège-Guillemins - Maastricht,16,Tuesday,7,0,3,1.0,0
60763,rolling stock,"Amersfoort - Apeldoorn, Apeldoorn - Deventer",16,Tuesday,7,0,5,2.0,0
60764,rolling stock,Heerlen - Maastricht,17,Tuesday,7,0,10,1.0,1
60765,accidents,'s-Hertogenbosch - Tilburg,17,Tuesday,7,0,2,1.0,1
60766,infrastructure,Leeuwarden - Stavoren,17,Tuesday,7,0,6,1.0,1
60767,rolling stock,"Almere Oostvaarders - Utrecht Centraal, Hilversum - Utrecht Centraal",18,Tuesday,7,0,4,2.0,0
60768,rolling stock,Amersfoort - Zwolle,18,Tuesday,7,0,10,1.0,0
60769,infrastructure,Leiden Centraal - Utrecht Centraal,18,Tuesday,7,0,3,1.0,0
60770,infrastructure,Dordrecht - Roosendaal,19,Tuesday,7,0,4,1.0,1
60771,infrastructure,Heerlen - Kerkrade Centrum,19,Tuesday,7,0,4,1.0,1
60772,infrastructure,Leiden Centraal - Utrecht Centraal,19,Tuesday,7,0,3,1.0,1
60773,infrastructure,Emmen - Zwolle,19,Tuesday,7,0,2,1.0,1
60774,infrastructure,Eindhoven - Venlo,19,Tuesday,7,0,4,1.0,0
60775,infrastructure,Breda - Roosendaal,19,Tuesday,7,0,3,1.0,1
60776,infrastructure,Alkmaar - Den Helder,19,Tuesday,7,0,2,1.0,1
60778,rolling stock,"Alkmaar - Amsterdam Centraal, Amsterdam Centraal - Haarlem, Amsterdam Centraal - Hoorn, Amsterdam Centraal - Schiphol Airport",20,Tuesday,7,0,2,4.0,1
60779,infrastructure,"Amsterdam Centraal - Hoorn, Enkhuizen - Hoorn",20,Tuesday,7,0,3,2.0,1
60781,external,Rotterdam Centraal - Utrecht Centraal,23,Tuesday,7,0,6,1.0,0
60782,external,Den Haag HS - Rotterdam Centraal,2,Wednesday,7,0,4,1.0,1
60783,infrastructure,"Amsterdam Centraal - Schiphol Airport, Leiden Centraal - Schiphol Airport",5,Wednesday,7,0,5,2.0,1
60784,rolling stock,Heerlen - Maastricht,7,Wednesday,7,0,10,1.0,1
60785,rolling stock,Apeldoorn - Deventer,10,Wednesday,7,0,4,1.0,0
60786,infrastructure,"Alkmaar - Amsterdam Centraal, Amsterdam Centraal - Hoorn",10,Wednesday,7,0,3,2.0,0
60789,rolling stock,Amsterdam Centraal - Utrecht Centraal,13,Wednesday,7,0,11,1.0,1
60791,infrastructure,Amsterdam Centraal - Schiphol Airport,13,Wednesday,7,0,4,1.0,0
60792,infrastructure,Eindhoven - Venlo,13,Wednesday,7,0,6,1.0,1
60793,rolling stock,Arnhem Centraal - Winterswijk,14,Wednesday,7,0,5,1.0,0
60794,infrastructure,Breda - Roosendaal,14,Wednesday,7,0,3,1.0,1
60795,rolling stock,Arnhem Centraal - Winterswijk,14,Wednesday,7,0,6,1.0,0
60796,rolling stock,Arnhem Centraal - Zutphen,14,Wednesday,7,0,3,1.0,1
60797,infrastructure,Amsterdam Centraal - Hoorn,15,Wednesday,7,0,3,1.0,0
60798,rolling stock,Groningen - Zwolle,15,Wednesday,7,0,4,1.0,0
60799,external,"Berlin Ostbahnhof - Hengelo, Bielefeld Hbf - Hengelo",16,Wednesday,7,0,2,2.0,1
60800,rolling stock,Rotterdam Centraal - Utrecht Centraal,16,Wednesday,7,0,6,1.0,0
60801,external,Roermond - Venlo,16,Wednesday,7,0,2,1.0,1
60802,external,Leiden Centraal - Utrecht Centraal,17,Wednesday,7,0,3,1.0,0
60803,external,Winterswijk - Zutphen,17,Wednesday,7,0,5,1.0,1
60804,external,Arnhem Centraal - Winterswijk,17,Wednesday,7,0,2,1.0,1
60805,infrastructure,Rotterdam Centraal - Schiphol Airport (HSL),17,Wednesday,7,0,2,1.0,0
60806,external,Hengelo - Zutphen,18,Wednesday,7,0,4,1.0,1
60807,external,Heerlen - Sittard,18,Wednesday,7,0,7,1.0,1
60808,unknown,Eindhoven - Venlo,19,Wednesday,7,0,4,1.0,0
60809,infrastructure,Roermond - Venlo,4,Thursday,7,0,2,1.0,1
60810,rolling stock,"Amsterdam Centraal - Hoorn, Enkhuizen - Hoorn",7,Thursday,7,0,3,2.0,1
60812,rolling stock,Breda - Rotterdam Centraal (HSL),7,Thursday,7,0,2,1.0,0
60813,rolling stock,Leiden Centraal - Utrecht Centraal,7,Thursday,7,0,2,1.0,0
60814,rolling stock,"Amersfoort - Schiphol Airport, Den Haag Centraal - Den Haag HS, Den Haag Centraal - Leiden Centraal, Den Haag HS - Leiden Centraal, Den Haag HS - Rotterdam Centraal, Leiden Centraal - Schiphol Airport, Lelystad Centrum - Schiphol Airport, Schiphol Airport - Utrecht Centraal",8,Thursday,7,0,18,8.0,0
60815,rolling stock,"'s-Hertogenbosch - Utrecht Centraal, Arnhem Centraal - Utrecht Centraal, Rhenen - Utrecht Centraal, Tiel - Utrecht Centraal",10,Thursday,7,0,2,4.0,0
60816,unknown,Haarlem - Leiden Centraal,10,Thursday,7,0,4,1.0,0
60817,accidents,Alkmaar - Den Helder,11,Thursday,7,0,3,1.0,1
60818,accidents,Arnhem Centraal - Winterswijk,11,Thursday,7,0,2,1.0,1
60819,external,Liège-Guillemins - Maastricht,11,Thursday,7,0,3,1.0,1
60820,unknown,Deventer - Zwolle,12,Thursday,7,0,2,1.0,1
60821,rolling stock,Amsterdam Centraal - Hoorn,14,Thursday,7,0,5,1.0,0
60823,external,Eindhoven - Venlo,17,Thursday,7,0,6,1.0,0
60824,rolling stock,Leeuwarden - Stavoren,17,Thursday,7,0,5,1.0,0
60825,infrastructure,Almelo - Zwolle,17,Thursday,7,0,2,1.0,1
60826,external,"Breda - Rotterdam Centraal (HSL), Brussel-Zuid/Midi - Rotterdam Centraal (HSL), Den Haag HS - Rotterdam Centraal, Dordrecht - Rotterdam Centraal, Paris-Nord - Rotterdam Centraal (HSL), Rotterdam Centraal - Schiphol Airport (HSL), Rotterdam Centraal - Utrecht Centraal",18,Thursday,7,0,2,7.0,0
60827,external,Dordrecht - Rotterdam Centraal,20,Thursday,7,0,5,1.0,1
60828,external,Breda - Rotterdam Centraal (HSL),20,Thursday,7,0,2,1.0,1
60830,rolling stock,Heerlen - Maastricht,20,Thursday,7,0,5,1.0,0
60831,infrastructure,Breda - Roosendaal,21,Thursday,7,0,3,1.0,1
60832,infrastructure,Roermond - Venlo,22,Thursday,7,0,2,1.0,1
60833,rolling stock,Heerlen - Maastricht,6,Friday,7,0,10,1.0,1
60834,infrastructure,Winterswijk - Zutphen,6,Friday,7,0,3,1.0,1
60836,external,Leeuwarden - Stavoren,9,Friday,7,0,6,1.0,1
60837,infrastructure,Enschede - Hengelo,10,Friday,7,0,3,1.0,0
60838,infrastructure,Enschede - Hengelo,11,Friday,7,0,3,1.0,1
60839,infrastructure,Almelo - Hengelo,11,Friday,7,0,4,1.0,0
60842,rolling stock,Amsterdam Centraal - Schiphol Airport,12,Friday,7,0,4,1.0,0
60843,rolling stock,Deventer - Zwolle,12,Friday,7,0,3,1.0,0
60844,infrastructure,Roosendaal - Vlissingen,13,Friday,7,0,11,1.0,0
60845,infrastructure,Roosendaal - Vlissingen,13,Friday,7,0,11,1.0,0
60847,infrastructure,Roermond - Sittard,15,Friday,7,0,4,1.0,1
60849,rolling stock,Roermond - Venlo,15,Friday,7,0,2,1.0,1
60850,rolling stock,Amersfoort - Ede-Wageningen,16,Friday,7,0,4,1.0,0
60852,rolling stock,Amersfoort - Zwolle,21,Friday,7,0,2,1.0,1
60853,unknown,'s-Hertogenbosch - Utrecht Centraal,8,Saturday,7,1,9,1.0,0
60854,unknown,'s-Hertogenbosch - Utrecht Centraal,10,Saturday,7,1,9,1.0,1
60855,unknown,"'s-Hertogenbosch - Utrecht Centraal, Amsterdam Centraal - Utrecht Centraal, Schiphol Airport - Utrecht Centraal",10,Saturday,7,1,15,3.0,1
60856,external,Dordrecht - Geldermalsen,11,Saturday,7,1,3,1.0,0
60858,infrastructure,Amsterdam Centraal - Woerden,14,Saturday,7,1,2,1.0,1
60859,rolling stock,Rotterdam Centraal - Schiphol Airport (HSL),19,Saturday,7,1,2,1.0,0
60860,rolling stock,"Alkmaar - Amsterdam Centraal, Amsterdam Centraal - Hoorn",20,Saturday,7,1,3,2.0,0
60861,infrastructure,"Amsterdam Centraal - Lelystad Centrum, Lelystad Centrum - Schiphol Airport",20,Saturday,7,1,4,2.0,1
60862,infrastructure,Almere Oostvaarders - Utrecht Centraal,21,Saturday,7,1,3,1.0,1
60863,external,Breda - Rotterdam Centraal (HSL),7,Sunday,7,1,2,1.0,0
60864,rolling stock,"Arnhem Centraal - Utrecht Centraal, Rhenen - Utrecht Centraal",9,Sunday,7,1,4,2.0,0
60865,rolling stock,"Amsterdam Centraal - Utrecht Centraal, Schiphol Airport - Utrecht Centraal",9,Sunday,7,1,3,2.0,0
60866,staff,"Berlin Ostbahnhof - Hengelo, Bielefeld Hbf - Hengelo, Hengelo - Oldenzaal",13,Sunday,7,1,4,3.0,1
60867,rolling stock,Breda - Rotterdam Centraal (HSL),13,Sunday,7,1,2,1.0,0
60869,external,Deventer - Zwolle,16,Sunday,7,1,3,1.0,1
60870,rolling stock,Breda - Rotterdam Centraal (HSL),16,Sunday,7,1,2,1.0,0
60871,rolling stock,"Den Haag Centraal - Den Haag HS, Den Haag Centraal - Leiden Centraal, Den Haag HS - Leiden Centraal, Den Haag HS - Rotterdam Centraal, Leiden Centraal - Schiphol Airport",17,Sunday,7,1,16,5.0,0
60872,rolling stock,"Amersfoort - Schiphol Airport, Den Haag Centraal - Den Haag HS, Den Haag Centraal - Leiden Centraal, Den Haag HS - Leiden Centraal, Den Haag HS - Rotterdam Centraal, Leiden Centraal - Schiphol Airport, Lelystad Centrum - Schiphol Airport, Schiphol Airport - Utrecht Centraal",17,Sunday,7,1,18,8.0,1
60873,external,Almere Oostvaarders - Utrecht Centraal,18,Sunday,7,1,8,1.0,0
60874,unknown,Roosendaal - Vlissingen,19,Sunday,7,1,4,1.0,1
60875,external,Leiden Centraal - Utrecht Centraal,19,Sunday,7,1,3,1.0,0
60876,accidents,Breda - Dordrecht,0,Monday,7,0,3,1.0,0
60877,rolling stock,Breda - Rotterdam Centraal (HSL),7,Monday,7,0,2,1.0,0
60878,rolling stock,"Berlin Ostbahnhof - Hengelo, Bielefeld Hbf - Hengelo, Hengelo - Oldenzaal",7,Monday,7,0,4,3.0,1
60879,infrastructure,Kampen - Zwolle,7,Monday,7,0,3,1.0,1
60880,infrastructure,Leeuwarden - Stavoren,7,Monday,7,0,4,1.0,0
60881,rolling stock,Almere Oostvaarders - Utrecht Centraal,9,Monday,7,0,3,1.0,0
60882,rolling stock,Amsterdam Centraal - Lelystad Centrum,9,Monday,7,0,8,1.0,0
60883,infrastructure,Dordrecht - Rotterdam Centraal,10,Monday,7,0,8,1.0,1
60885,external,Breda - Rotterdam Centraal (HSL),15,Monday,7,0,2,1.0,0
60886,accidents,'s-Hertogenbosch - Eindhoven,16,Monday,7,0,3,1.0,1
60887,accidents,'s-Hertogenbosch - Tilburg,16,Monday,7,0,2,1.0,1
60888,accidents,Amsterdam Centraal - Utrecht Centraal,16,Monday,7,0,11,1.0,1
60889,accidents,'s-Hertogenbosch - Utrecht Centraal,16,Monday,7,0,9,1.0,1
60891,infrastructure,Hengelo - Zutphen,6,Tuesday,7,0,4,1.0,1
60893,infrastructure,Amsterdam Centraal - Utrecht Centraal,7,Tuesday,7,0,11,1.0,1
60894,logistical,Aachen Hbf - Heerlen,10,Tuesday,7,0,6,1.0,1
60895,infrastructure,Breda - Rotterdam Centraal (HSL),11,Tuesday,7,0,2,1.0,1
60896,infrastructure,"Den Haag Centraal - Den Haag HS, Den Haag HS - Rotterdam Centraal, Dordrecht - Rotterdam Centraal",11,Tuesday,7,0,15,3.0,1
60897,unknown,Dordrecht - Geldermalsen,12,Tuesday,7,0,5,1.0,1
60898,external,Amersfoort - Ede-Wageningen,13,Tuesday,7,0,4,1.0,0
60899,external,Leiden Centraal - Schiphol Airport,18,Tuesday,7,0,4,1.0,0
60900,rolling stock,Maastricht - Sittard,20,Tuesday,7,0,5,1.0,0
60903,accidents,Haarlem - Leiden Centraal,5,Wednesday,7,0,4,1.0,1
60904,accidents,Den Haag Centraal - Leiden Centraal,5,Wednesday,7,0,6,1.0,1
60905,engineering work,Baarn - Utrecht Centraal,5,Wednesday,7,0,3,1.0,0
60906,rolling stock,Alkmaar - Amsterdam Centraal,6,Wednesday,7,0,4,1.0,0
60908,infrastructure,Groningen - Leeuwarden,10,Wednesday,7,0,8,1.0,0
60909,infrastructure,"Alphen a/d Rijn - Gouda, Den Haag Centraal - Utrecht Centraal, Rotterdam Centraal - Utrecht Centraal",12,Wednesday,7,0,2,3.0,1
60910,rolling stock,Breda - Rotterdam Centraal (HSL),13,Wednesday,7,0,2,1.0,0
60911,external,Haarlem - Leiden Centraal,14,Wednesday,7,0,4,1.0,0
60912,external,Den Haag Centraal - Leiden Centraal,14,Wednesday,7,0,6,1.0,0
60913,infrastructure,Nijmegen - Venlo,14,Wednesday,7,0,2,1.0,1
60914,rolling stock,Den Haag HS - Rotterdam Centraal,15,Wednesday,7,0,7,1.0,0
60915,accidents,Leeuwarden - Stavoren,16,Wednesday,7,0,6,1.0,1
60916,rolling stock,"Breda - Dordrecht, Dordrecht - Roosendaal",17,Wednesday,7,0,3,2.0,0
60918,rolling stock,Roermond - Venlo,18,Wednesday,7,0,5,1.0,0
60920,rolling stock,"Breda - Dordrecht, Dordrecht - Roosendaal",19,Wednesday,7,0,3,2.0,0
60921,rolling stock,Roosendaal - Vlissingen,20,Wednesday,7,0,6,1.0,0
60922,external,Roosendaal - Vlissingen,21,Wednesday,7,0,3,1.0,0
60923,external,Amsterdam Centraal - Haarlem,22,Wednesday,7,0,5,1.0,0
60924,rolling stock,Groningen - Zwolle,0,Thursday,7,0,4,1.0,0
60925,rolling stock,"Amersfoort - Schiphol Airport, Den Haag Centraal - Den Haag HS, Den Haag Centraal - Leiden Centraal, Den Haag HS - Leiden Centraal, Den Haag HS - Rotterdam Centraal, Leiden Centraal - Schiphol Airport, Lelystad Centrum - Schiphol Airport, Schiphol Airport - Utrecht Centraal",8,Thursday,7,0,18,8.0,0
60926,external,Breda - Rotterdam Centraal (HSL),9,Thursday,7,0,2,1.0,1
60927,external,"Den Haag Centraal - Den Haag HS, Den Haag HS - Rotterdam Centraal, Dordrecht - Rotterdam Centraal",10,Thursday,7,0,15,3.0,1
60928,external,Rotterdam Centraal - Schiphol Airport (HSL),10,Thursday,7,0,2,1.0,0
60929,external,"Breda - Dordrecht, Dordrecht - Roosendaal",10,Thursday,7,0,3,2.0,1
60930,rolling stock,"'s-Hertogenbosch - Eindhoven, Eindhoven - Tilburg",18,Thursday,7,0,4,2.0,0
60931,infrastructure,Antwerpen-Centraal - Roosendaal,18,Thursday,7,0,12,1.0,1
60932,rolling stock,Alphen a/d Rijn - Gouda,18,Thursday,7,0,6,1.0,0
60933,external,Leeuwarden - Zwolle,20,Thursday,7,0,8,1.0,0
60934,external,Roosendaal - Vlissingen,20,Thursday,7,0,3,1.0,0
60935,infrastructure,'s-Hertogenbosch - Tilburg,7,Friday,7,0,2,1.0,1
60936,rolling stock,Alphen a/d Rijn - Gouda,7,Friday,7,0,7,1.0,0
60937,unknown,Haarlem - Leiden Centraal,9,Friday,7,0,4,1.0,1
60939,external,Groningen - Zwolle,11,Friday,7,0,5,1.0,1
60940,rolling stock,Leeuwarden - Zwolle,12,Friday,7,0,3,1.0,0
60941,staff,Aachen Hbf - Heerlen,12,Friday,7,0,6,1.0,1
60943,external,'s-Hertogenbosch - Eindhoven,15,Friday,7,0,6,1.0,0
60944,rolling stock,Haarlem - Uitgeest,17,Friday,7,0,6,1.0,0
60945,infrastructure,Hengelo - Zutphen,19,Friday,7,0,2,1.0,1
60946,infrastructure,Dordrecht - Rotterdam Centraal,23,Friday,7,0,5,1.0,1
60947,infrastructure,Breda - Rotterdam Centraal (HSL),23,Friday,7,0,2,1.0,1
60950,rolling stock,'s-Hertogenbosch - Tilburg,12,Saturday,7,1,2,1.0,0
60951,rolling stock,Eindhoven - Tilburg,17,Saturday,7,1,6,1.0,0
60952,rolling stock,'s-Hertogenbosch - Tilburg,17,Saturday,7,1,2,1.0,0
60953,unknown,"Breda - Tilburg, Eindhoven - Tilburg",20,Saturday,7,1,4,2.0,0
60955,infrastructure,"Almere Oostvaarders - Utrecht Centraal, Amsterdam Centraal - Lelystad Centrum, Lelystad Centrum - Schiphol Airport",23,Saturday,7,1,4,3.0,1
60956,logistical,"'s-Hertogenbosch - Tilburg, Breda - Tilburg",5,Sunday,7,1,6,2.0,0
60957,logistical,"'s-Hertogenbosch - Tilburg, Breda - Tilburg",5,Sunday,7,1,6,2.0,1
60958,external,"Amersfoort - Schiphol Airport, Den Haag Centraal - Den Haag HS, Den Haag Centraal - Leiden Centraal, Den Haag HS - Leiden Centraal, Den Haag HS - Rotterdam Centraal, Leiden Centraal - Schiphol Airport, Lelystad Centrum - Schiphol Airport, Schiphol Airport - Utrecht Centraal",7,Sunday,7,1,18,8.0,1
60959,unknown,"Maastricht - Sittard, Roermond - Sittard",8,Sunday,7,1,8,2.0,0
60960,staff,"Bielefeld Hbf - Hengelo, Hengelo - Oldenzaal",9,Sunday,7,1,8,2.0,1
60965,unknown,Eindhoven - Tilburg,18,Sunday,7,1,3,1.0,1
60966,rolling stock,Haarlem - Zandvoort aan Zee,20,Sunday,7,1,3,1.0,0
60967,rolling stock,Groningen - Zwolle,21,Sunday,7,1,2,1.0,0
60968,logistical,Dordrecht - Roosendaal,4,Monday,7,0,6,1.0,1
60970,infrastructure,Roosendaal - Vlissingen,5,Monday,7,0,4,1.0,1
60971,infrastructure,'s-Hertogenbosch - Utrecht Centraal,5,Monday,7,0,3,1.0,1
60972,logistical,"'s-Hertogenbosch - Tilburg, Breda - Tilburg",6,Monday,7,0,6,2.0,1
60973,accidents,Groningen - Zwolle,8,Monday,7,0,4,1.0,1
60974,rolling stock,"Almere Oostvaarders - Utrecht Centraal, Amsterdam Centraal - Lelystad Centrum, Lelystad Centrum - Schiphol Airport",9,Monday,7,0,5,3.0,0
60975,rolling stock,Haarlem - Zandvoort aan Zee,9,Monday,7,0,3,1.0,0
60976,infrastructure,Almelo - Mariënberg,13,Monday,7,0,4,1.0,1
60977,rolling stock,Almelo - Deventer,14,Monday,7,0,5,1.0,0
60978,rolling stock,Breda - Tilburg,14,Monday,7,0,2,1.0,0
60979,rolling stock,Baarn - Utrecht Centraal,14,Monday,7,0,8,1.0,1
60980,rolling stock,Leiden Centraal - Utrecht Centraal,17,Monday,7,0,2,1.0,0
60981,external,'s-Hertogenbosch - Eindhoven,19,Monday,7,0,3,1.0,0
60983,external,Dordrecht - Roosendaal,23,Monday,7,0,4,1.0,0
60985,external,Den Haag HS - Rotterdam Centraal,0,Tuesday,7,0,4,1.0,0
60986,rolling stock,Rotterdam Centraal - Utrecht Centraal,6,Tuesday,7,0,6,1.0,0
60987,infrastructure,Apeldoorn - Deventer,7,Tuesday,7,0,4,1.0,1
60988,rolling stock,"Almere Oostvaarders - Utrecht Centraal, Amsterdam Centraal - Lelystad Centrum, Lelystad Centrum - Schiphol Airport",10,Tuesday,7,0,4,3.0,0
60989,rolling stock,Groningen - Zwolle,12,Tuesday,7,0,4,1.0,0
60990,rolling stock,Alkmaar - Hoorn,12,Tuesday,7,0,3,1.0,0
60991,engineering work,Roosendaal - Vlissingen,13,Tuesday,7,0,4,1.0,1
60992,external,"Amersfoort - Schiphol Airport, Amsterdam Centraal - Schiphol Airport, Leiden Centraal - Schiphol Airport, Lelystad Centrum - Schiphol Airport, Rotterdam Centraal - Schiphol Airport (HSL), Schiphol Airport - Utrecht Centraal, Schiphol Airport - Zaandam",13,Tuesday,7,0,2,7.0,0
60993,rolling stock,Amersfoort - Ede-Wageningen,16,Tuesday,7,0,2,1.0,0
60994,infrastructure,Breda - Rotterdam Centraal (HSL),17,Tuesday,7,0,2,1.0,1
60995,rolling stock,'s-Hertogenbosch - Nijmegen,17,Tuesday,7,0,6,1.0,0
60996,rolling stock,Eindhoven - Venlo,19,Tuesday,7,0,6,1.0,1
60998,rolling stock,Breda - Rotterdam Centraal (HSL),20,Tuesday,7,0,2,1.0,0
61000,staff,Heerlen - Maastricht,6,Wednesday,7,0,10,1.0,1
61003,infrastructure,Dordrecht - Rotterdam Centraal,6,Wednesday,7,0,8,1.0,1
61004,infrastructure,Breda - Rotterdam Centraal (HSL),6,Wednesday,7,0,2,1.0,1
61005,infrastructure,"Amersfoort - Schiphol Airport, Lelystad Centrum - Schiphol Airport, Rotterdam Centraal - Schiphol Airport (HSL), Schiphol Airport - Utrecht Centraal",6,Wednesday,7,0,3,4.0,1
61006,rolling stock,Alkmaar - Amsterdam Centraal,6,Wednesday,7,0,2,1.0,0
61007,infrastructure,"'s-Hertogenbosch - Tilburg, Breda - Tilburg",7,Wednesday,7,0,6,2.0,0
61008,rolling stock,"Breda - Dordrecht, Dordrecht - Roosendaal",9,Wednesday,7,0,3,2.0,0
61009,external,Roosendaal - Vlissingen,10,Wednesday,7,0,3,1.0,0
61010,unknown,Leeuwarden - Zwolle,13,Wednesday,7,0,3,1.0,1
61011,unknown,"Amersfoort - Amsterdam Centraal, Amersfoort - Schiphol Airport, Amersfoort - Zwolle",14,Wednesday,7,0,4,3.0,0
61013,rolling stock,"Almere Oostvaarders - Utrecht Centraal, Amersfoort - Amsterdam Centraal, Amersfoort - Schiphol Airport",17,Wednesday,7,0,4,3.0,0
61015,rolling stock,Breda - Dordrecht,22,Wednesday,7,0,3,1.0,1
61016,rolling stock,Breda - Rotterdam Centraal (HSL),22,Wednesday,7,0,2,1.0,0
61017,staff,Aachen Hbf - Heerlen,3,Thursday,7,0,6,1.0,1
61018,rolling stock,Alkmaar - Amsterdam Centraal,6,Thursday,7,0,4,1.0,0
61019,infrastructure,Almelo - Zwolle,7,Thursday,7,0,2,1.0,1
61020,unknown,Amersfoort - Utrecht Centraal,7,Thursday,7,0,2,1.0,0
61021,infrastructure,Almelo - Hengelo,7,Thursday,7,0,4,1.0,1
61022,rolling stock,"Amersfoort - Schiphol Airport, Den Haag Centraal - Den Haag HS, Den Haag Centraal - Leiden Centraal, Den Haag HS - Leiden Centraal, Den Haag HS - Rotterdam Centraal, Leiden Centraal - Schiphol Airport, Lelystad Centrum - Schiphol Airport, Schiphol Airport - Utrecht Centraal",8,Thursday,7,0,18,8.0,1
61024,rolling stock,Arnhem Centraal - Nijmegen,9,Thursday,7,0,5,1.0,1
61025,rolling stock,Schiphol Airport - Utrecht Centraal,9,Thursday,7,0,5,1.0,1
61026,rolling stock,Leiden Centraal - Schiphol Airport,9,Thursday,7,0,5,1.0,0
61027,rolling stock,Den Haag Centraal - Leiden Centraal,9,Thursday,7,0,6,1.0,0
61028,rolling stock,"Arnhem Centraal - Basel SBB, Arnhem Centraal - Düsseldorf Hbf, Arnhem Centraal - Frankfurt (M) Hbf, Arnhem Centraal - Winterswijk",10,Thursday,7,0,5,4.0,1
61029,rolling stock,Rotterdam Centraal - Schiphol Airport (HSL),10,Thursday,7,0,2,1.0,0
61030,rolling stock,"Arnhem Centraal - Basel SBB, Arnhem Centraal - Düsseldorf Hbf, Arnhem Centraal - Frankfurt (M) Hbf, Arnhem Centraal - Winterswijk",10,Thursday,7,0,5,4.0,0
61031,rolling stock,Apeldoorn - Deventer,11,Thursday,7,0,4,1.0,1
61032,unknown,Roermond - Sittard,11,Thursday,7,0,4,1.0,1
61033,external,Baarn - Utrecht Centraal,11,Thursday,7,0,3,1.0,1
61034,infrastructure,Eindhoven - Tilburg,15,Thursday,7,0,6,1.0,0
61036,external,Baarn - Utrecht Centraal,17,Thursday,7,0,3,1.0,1
61037,rolling stock,"Amersfoort - Utrecht Centraal, Baarn - Utrecht Centraal",18,Thursday,7,0,3,2.0,0
61040,external,Alkmaar - Amsterdam Centraal,20,Thursday,7,0,4,1.0,0
61041,rolling stock,Nijmegen - Venlo,2,Friday,7,0,2,1.0,0
61042,rolling stock,Nijmegen - Venlo,2,Friday,7,0,7,1.0,1
61043,rolling stock,Eindhoven - Roermond,6,Friday,7,0,5,1.0,1
61044,rolling stock,Amersfoort - Zwolle,6,Friday,7,0,9,1.0,0
61045,staff,Heerlen - Maastricht,7,Friday,7,0,10,1.0,1
61046,rolling stock,"Arnhem Centraal - Utrecht Centraal, Rhenen - Utrecht Centraal",7,Friday,7,0,4,2.0,0
61047,rolling stock,"Amersfoort - Schiphol Airport, Den Haag Centraal - Den Haag HS, Den Haag Centraal - Leiden Centraal, Den Haag HS - Leiden Centraal, Den Haag HS - Rotterdam Centraal, Leiden Centraal - Schiphol Airport, Lelystad Centrum - Schiphol Airport, Schiphol Airport - Utrecht Centraal",11,Friday,7,0,18,8.0,0
61048,rolling stock,"Amsterdam Centraal - Schiphol Airport, Leiden Centraal - Schiphol Airport",11,Friday,7,0,5,2.0,0
61049,rolling stock,Lelystad Centrum - Schiphol Airport,11,Friday,7,0,12,1.0,0
61050,staff,Aachen Hbf - Heerlen,11,Friday,7,0,6,1.0,1
61051,external,'s-Hertogenbosch - Utrecht Centraal,15,Friday,7,0,3,1.0,0
61052,rolling stock,Eindhoven - Roermond,16,Friday,7,0,5,1.0,0
61053,rolling stock,Leeuwarden - Zwolle,17,Friday,7,0,2,1.0,0
61055,rolling stock,'s-Hertogenbosch - Nijmegen,20,Friday,7,0,5,1.0,0
61056,rolling stock,Breda - Rotterdam Centraal (HSL),20,Friday,7,0,2,1.0,1
61057,infrastructure,Delfzijl - Groningen,22,Friday,7,0,5,1.0,1
61058,accidents,'s-Hertogenbosch - Nijmegen,22,Friday,7,0,5,1.0,1
61059,external,"'s-Hertogenbosch - Utrecht Centraal, Almere Oostvaarders - Utrecht Centraal, Amersfoort - Utrecht Centraal, Amsterdam Centraal - Utrecht Centraal, Arnhem Centraal - Utrecht Centraal, Baarn - Utrecht Centraal, Den Haag Centraal - Utrecht Centraal, Hilversum - Utrecht Centraal, Leiden Centraal - Utrecht Centraal, Rhenen - Utrecht Centraal, Rotterdam Centraal - Utrecht Centraal, Schiphol Airport - Utrecht Centraal, Tiel - Utrecht Centraal, Utrecht Centraal - Utrecht Maliebaan",22,Friday,7,0,3,14.0,0
61060,rolling stock,Alphen a/d Rijn - Gouda,10,Saturday,7,1,3,1.0,0
61061,rolling stock,'s-Hertogenbosch - Utrecht Centraal,12,Saturday,7,1,3,1.0,0
61062,rolling stock,Amsterdam Centraal - Schiphol Airport,13,Saturday,7,1,4,1.0,0
61063,external,Roermond - Venlo,13,Saturday,7,1,5,1.0,0
61064,external,Roosendaal - Vlissingen,14,Saturday,7,1,4,1.0,1
61065,accidents,Arnhem Centraal - Utrecht Centraal,1,Sunday,7,1,4,1.0,1
61066,external,"Arnhem Centraal - Nijmegen, Arnhem Centraal - Tiel",7,Sunday,7,1,3,2.0,0
61067,rolling stock,Rotterdam Centraal - Schiphol Airport (HSL),11,Sunday,7,1,2,1.0,0
61068,rolling stock,Breda - Rotterdam Centraal (HSL),12,Sunday,7,1,2,1.0,0
61069,rolling stock,"Amersfoort - Schiphol Airport, Den Haag Centraal - Den Haag HS, Den Haag Centraal - Leiden Centraal, Den Haag HS - Leiden Centraal, Den Haag HS - Rotterdam Centraal, Leiden Centraal - Schiphol Airport, Lelystad Centrum - Schiphol Airport, Schiphol Airport - Utrecht Centraal",14,Sunday,7,1,18,8.0,0
61070,external,Heerlen - Maastricht,17,Sunday,7,1,6,1.0,0
61071,unknown,Den Haag Centraal - Utrecht Centraal,17,Sunday,7,1,5,1.0,1
61072,rolling stock,'s-Hertogenbosch - Utrecht Centraal,17,Sunday,7,1,3,1.0,0
61073,rolling stock,Rotterdam Centraal - Schiphol Airport (HSL),22,Sunday,7,1,2,1.0,0
61074,unknown,Roermond - Sittard,22,Sunday,7,1,4,1.0,1
61075,rolling stock,Breda - Tilburg,23,Sunday,7,1,5,1.0,0
61076,staff,Aachen Hbf - Heerlen,6,Monday,7,0,6,1.0,1
61077,rolling stock,Den Haag Centraal - Leiden Centraal,6,Monday,7,0,3,1.0,0
61078,rolling stock,Amersfoort - Zwolle,6,Monday,7,0,5,1.0,0
61079,rolling stock,Breda - Rotterdam Centraal (HSL),11,Monday,7,0,2,1.0,1
61080,unknown,'s-Hertogenbosch - Nijmegen,12,Monday,7,0,6,1.0,0
61081,unknown,Arnhem Centraal - Nijmegen,13,Monday,7,0,5,1.0,1
61082,accidents,Amersfoort - Zwolle,14,Monday,7,0,4,1.0,1
61083,rolling stock,'s-Hertogenbosch - Nijmegen,16,Monday,7,0,6,1.0,0
61084,external,Groningen - Zwolle,16,Monday,7,0,4,1.0,0
61086,infrastructure,Alphen a/d Rijn - Gouda,5,Tuesday,7,0,2,1.0,0
61087,infrastructure,Amersfoort - Zwolle,7,Tuesday,7,0,3,1.0,1
61088,logistical,Aachen Hbf - Heerlen,7,Tuesday,7,0,3,1.0,1
61089,weather,Lelystad Centrum - Zwolle,7,Tuesday,7,0,2,1.0,1
61090,rolling stock,Dordrecht - Rotterdam Centraal,8,Tuesday,7,0,8,1.0,0
61093,infrastructure,Dordrecht - Rotterdam Centraal,12,Tuesday,7,0,8,1.0,1
61094,rolling stock,Alphen a/d Rijn - Gouda,12,Tuesday,7,0,6,1.0,0
61095,staff,"Berlin Ostbahnhof - Hengelo, Bielefeld Hbf - Hengelo, Hengelo - Oldenzaal",13,Tuesday,7,0,4,3.0,1
61096,unknown,"Almere Oostvaarders - Utrecht Centraal, Amersfoort - Amsterdam Centraal, Amersfoort - Schiphol Airport",16,Tuesday,7,0,4,3.0,0
61097,rolling stock,"Almere Oostvaarders - Utrecht Centraal, Amsterdam Centraal - Lelystad Centrum, Lelystad Centrum - Schiphol Airport",17,Tuesday,7,0,5,3.0,0
61098,unknown,'s-Hertogenbosch - Utrecht Centraal,17,Tuesday,7,0,9,1.0,1
61099,rolling stock,Arnhem Centraal - Tiel,18,Tuesday,7,0,6,1.0,0
61100,rolling stock,"Liège-Guillemins - Maastricht, Maastricht - Maastricht Randwyck",18,Tuesday,7,0,6,2.0,1
61101,rolling stock,Rotterdam Centraal - Schiphol Airport (HSL),18,Tuesday,7,0,2,1.0,0
61102,unknown,'s-Hertogenbosch - Utrecht Centraal,18,Tuesday,7,0,9,1.0,1
61103,external,Nijmegen - Venlo,20,Tuesday,7,0,3,1.0,0
61104,infrastructure,"Amsterdam Centraal - Woerden, Den Haag Centraal - Utrecht Centraal, Leiden Centraal - Utrecht Centraal, Rotterdam Centraal - Utrecht Centraal",20,Tuesday,7,0,3,4.0,1
61105,infrastructure,"Alkmaar - Amsterdam Centraal, Amsterdam Centraal - Hoorn, Schiphol Airport - Zaandam",20,Tuesday,7,0,4,3.0,0
61106,infrastructure,Maastricht - Sittard,22,Tuesday,7,0,5,1.0,1
61107,staff,Aachen Hbf - Heerlen,5,Wednesday,7,0,6,1.0,1
61108,infrastructure,Almere Oostvaarders - Utrecht Centraal,7,Wednesday,7,0,3,1.0,1
61110,rolling stock,Maastricht - Sittard,10,Wednesday,7,0,5,1.0,0
61111,rolling stock,Leeuwarden - Zwolle,10,Wednesday,7,0,3,1.0,0
61112,rolling stock,Baarn - Utrecht Centraal,11,Wednesday,7,0,3,1.0,1
61113,infrastructure,Leeuwarden - Zwolle,12,Wednesday,7,0,2,1.0,1
61114,infrastructure,Hengelo - Zutphen,12,Wednesday,7,0,3,1.0,1
61115,rolling stock,Rotterdam Centraal - Utrecht Centraal,14,Wednesday,7,0,6,1.0,0
61116,rolling stock,Den Haag Centraal - Utrecht Centraal,16,Wednesday,7,0,7,1.0,0
61117,rolling stock,Rotterdam Centraal - Utrecht Centraal,16,Wednesday,7,0,12,1.0,0
61118,rolling stock,Amersfoort - Utrecht Centraal,16,Wednesday,7,0,5,1.0,0
61121,rolling stock,"Amersfoort - Schiphol Airport, Den Haag Centraal - Den Haag HS, Den Haag Centraal - Leiden Centraal, Den Haag HS - Leiden Centraal, Den Haag HS - Rotterdam Centraal, Leiden Centraal - Schiphol Airport, Lelystad Centrum - Schiphol Airport, Schiphol Airport - Utrecht Centraal",19,Wednesday,7,0,18,8.0,0
61122,rolling stock,"Den Haag Centraal - Den Haag HS, Den Haag HS - Rotterdam Centraal, Dordrecht - Rotterdam Centraal",19,Wednesday,7,0,15,3.0,0
61123,infrastructure,Almelo - Zwolle,5,Thursday,7,0,2,1.0,1
61124,infrastructure,"Almelo - Hengelo, Enschede - Hengelo",6,Thursday,7,0,6,2.0,0
61125,infrastructure,Groningen - Zwolle,7,Thursday,7,0,4,1.0,1
61126,staff,Heerlen - Maastricht,9,Thursday,7,0,10,1.0,1
61127,rolling stock,Emmen - Zwolle,10,Thursday,7,0,2,1.0,0
61129,rolling stock,Alphen a/d Rijn - Gouda,12,Thursday,7,0,7,1.0,1
61130,infrastructure,Enkhuizen - Hoorn,14,Thursday,7,0,3,1.0,1
61131,infrastructure,Nijmegen - Venlo,14,Thursday,7,0,2,1.0,1
61133,rolling stock,"Amersfoort - Amsterdam Centraal, Amersfoort - Schiphol Airport",15,Thursday,7,0,5,2.0,0
61134,rolling stock,Roosendaal - Vlissingen,16,Thursday,7,0,11,1.0,1
61135,rolling stock,Breda - Rotterdam Centraal (HSL),17,Thursday,7,0,2,1.0,0
61136,rolling stock,Apeldoorn - Deventer,17,Thursday,7,0,4,1.0,0
61137,rolling stock,"Breda - Dordrecht, Dordrecht - Roosendaal",17,Thursday,7,0,3,2.0,0
61139,rolling stock,Amersfoort - Zwolle,18,Thursday,7,0,3,1.0,1
61140,unknown,'s-Hertogenbosch - Utrecht Centraal,20,Thursday,7,0,3,1.0,0
61142,rolling stock,"Almere Oostvaarders - Utrecht Centraal, Amsterdam Centraal - Lelystad Centrum, Lelystad Centrum - Schiphol Airport",5,Friday,7,0,4,3.0,0
61143,rolling stock,Heerlen - Kerkrade Centrum,6,Friday,7,0,4,1.0,0
61144,rolling stock,Roermond - Venlo,7,Friday,7,0,2,1.0,0
61145,rolling stock,Alphen a/d Rijn - Gouda,9,Friday,7,0,6,1.0,1
61146,rolling stock,Roermond - Venlo,13,Friday,7,0,2,1.0,0
61147,rolling stock,Dordrecht - Roosendaal,14,Friday,7,0,4,1.0,0
61148,rolling stock,Breda - Tilburg,15,Friday,7,0,5,1.0,0
61150,infrastructure,"Berlin Ostbahnhof - Hengelo, Bielefeld Hbf - Hengelo",18,Friday,7,0,2,2.0,1
61151,rolling stock,Almelo - Mariënberg,22,Friday,7,0,5,1.0,0
61152,rolling stock,Eindhoven - Venlo,23,Friday,7,0,6,1.0,0
61153,unknown,'s-Hertogenbosch - Tilburg,9,Saturday,7,1,2,1.0,1
61154,rolling stock,Roermond - Venlo,9,Saturday,7,1,2,1.0,0
61156,accidents,Eindhoven - Venlo,10,Saturday,7,1,4,1.0,1
61157,accidents,"'s-Hertogenbosch - Eindhoven, Eindhoven - Tilburg",10,Saturday,7,1,4,2.0,0
61160,rolling stock,"Almere Oostvaarders - Utrecht Centraal, Amersfoort - Amsterdam Centraal, Amersfoort - Schiphol Airport",12,Saturday,7,1,4,3.0,0
61161,rolling stock,Almere Oostvaarders - Utrecht Centraal,12,Saturday,7,1,3,1.0,0
61162,rolling stock,Amsterdam Centraal - Haarlem,12,Saturday,7,1,5,1.0,0
61164,external,Enkhuizen - Hoorn,12,Saturday,7,1,6,1.0,0
61166,rolling stock,"Amersfoort - Schiphol Airport, Lelystad Centrum - Schiphol Airport",14,Saturday,7,1,4,2.0,0
61167,rolling stock,'s-Hertogenbosch - Utrecht Centraal,15,Saturday,7,1,9,1.0,1
61168,rolling stock,"Amsterdam Centraal - Utrecht Centraal, Schiphol Airport - Utrecht Centraal",16,Saturday,7,1,7,2.0,1
61169,rolling stock,Amsterdam Centraal - Lelystad Centrum,17,Saturday,7,1,8,1.0,0
61170,rolling stock,Almere Oostvaarders - Utrecht Centraal,17,Saturday,7,1,3,1.0,0
61171,rolling stock,Breda - Rotterdam Centraal (HSL),17,Saturday,7,1,2,1.0,0
61172,rolling stock,Roermond - Venlo,18,Saturday,7,1,2,1.0,0
61173,rolling stock,Hamm (Westf.) - Venlo,18,Saturday,7,1,2,1.0,0
61176,unknown,Breda - Dordrecht,20,Saturday,7,1,5,1.0,0
61178,infrastructure,Breda - Dordrecht,7,Sunday,7,1,3,1.0,0
61179,unknown,'s-Hertogenbosch - Utrecht Centraal,11,Sunday,7,1,9,1.0,1
61180,staff,Aachen Hbf - Heerlen,12,Sunday,7,1,6,1.0,1
61181,rolling stock,"Amersfoort - Amsterdam Centraal, Amersfoort - Schiphol Airport",12,Sunday,7,1,5,2.0,0
61182,rolling stock,Breda - Tilburg,19,Sunday,7,1,5,1.0,0
61183,external,Arnhem Centraal - Zutphen,19,Sunday,7,1,3,1.0,0
61184,external,"Antwerpen-Centraal - Breda (HSL), Breda - Dordrecht, Breda - Roosendaal, Breda - Rotterdam Centraal (HSL), Breda - Tilburg",21,Sunday,7,1,2,5.0,0
61185,accidents,Roermond - Venlo,22,Sunday,7,1,5,1.0,0
61186,infrastructure,'s-Hertogenbosch - Tilburg,6,Monday,7,0,2,1.0,1
61187,rolling stock,Rotterdam Centraal - Schiphol Airport (HSL),7,Monday,7,0,2,1.0,1
61188,rolling stock,Lelystad Centrum - Schiphol Airport,7,Monday,7,0,13,1.0,1
61189,infrastructure,Leiden Centraal - Schiphol Airport,10,Monday,7,0,3,1.0,0
61190,infrastructure,Breda - Dordrecht,10,Monday,7,0,3,1.0,0
61192,unknown,Breda - Dordrecht,12,Monday,7,0,3,1.0,0
61193,accidents,Groningen - Zwolle,13,Monday,7,0,2,1.0,1
61194,unknown,Arnhem Centraal - Nijmegen,14,Monday,7,0,5,1.0,0
61196,infrastructure,Dordrecht - Rotterdam Centraal,14,Monday,7,0,8,1.0,1
61197,infrastructure,Roermond - Venlo,14,Monday,7,0,2,1.0,1
61198,rolling stock,Groningen - Leeuwarden,17,Monday,7,0,4,1.0,0
61199,infrastructure,Breda - Rotterdam Centraal (HSL),17,Monday,7,0,2,1.0,1
61200,infrastructure,"Den Haag Centraal - Den Haag HS, Den Haag HS - Rotterdam Centraal, Dordrecht - Rotterdam Centraal",17,Monday,7,0,15,3.0,1
61201,rolling stock,Groningen - Eemshaven,18,Monday,7,0,6,1.0,0
61202,rolling stock,Breda - Tilburg,20,Monday,7,0,5,1.0,0
61203,rolling stock,Eindhoven - Tilburg,20,Monday,7,0,3,1.0,0
61206,rolling stock,"'s-Hertogenbosch - Utrecht Centraal, Tiel - Utrecht Centraal",21,Monday,7,0,3,2.0,0
61208,infrastructure,Dordrecht - Rotterdam Centraal,22,Monday,7,0,8,1.0,1
61209,rolling stock,Amsterdam Centraal - Hoorn,22,Monday,7,0,5,1.0,0
61210,external,Den Haag Centraal - Den Haag HS,23,Monday,7,0,2,1.0,0
61211,infrastructure,Den Haag Centraal - Utrecht Centraal,8,Tuesday,7,0,4,1.0,0
61212,unknown,Den Haag Centraal - Utrecht Centraal,9,Tuesday,7,0,7,1.0,0
61213,rolling stock,Leiden Centraal - Schiphol Airport,11,Tuesday,7,0,5,1.0,0
61214,infrastructure,Breda - Rotterdam Centraal (HSL),11,Tuesday,7,0,2,1.0,1
61215,infrastructure,Leiden Centraal - Schiphol Airport,12,Tuesday,7,0,5,1.0,0
61216,infrastructure,Leiden Centraal - Schiphol Airport,12,Tuesday,7,0,4,1.0,0
61217,infrastructure,'s-Hertogenbosch - Eindhoven,13,Tuesday,7,0,3,1.0,1
61218,engineering work,Den Haag Centraal - Utrecht Centraal,13,Tuesday,7,0,3,1.0,1
61220,accidents,Breda - Roosendaal,14,Tuesday,7,0,3,1.0,1
61222,rolling stock,"Amsterdam Centraal - Schiphol Airport, Leiden Centraal - Schiphol Airport",17,Tuesday,7,0,5,2.0,0
61223,infrastructure,"Den Haag Centraal - Den Haag HS, Den Haag HS - Rotterdam Centraal, Dordrecht - Rotterdam Centraal",17,Tuesday,7,0,15,3.0,0
61224,infrastructure,Rotterdam Centraal - Schiphol Airport (HSL),17,Tuesday,7,0,2,1.0,0
61226,rolling stock,Winterswijk - Zutphen,18,Tuesday,7,0,6,1.0,0
61227,accidents,Harlingen Haven - Leeuwarden,19,Tuesday,7,0,6,1.0,1
61228,rolling stock,Breda - Rotterdam Centraal (HSL),21,Tuesday,7,0,2,1.0,0
61230,infrastructure,Breda - Rotterdam Centraal (HSL),4,Wednesday,7,0,2,1.0,1
61231,infrastructure,Lelystad Centrum - Schiphol Airport,4,Wednesday,7,0,13,1.0,1
61232,infrastructure,Leiden Centraal - Schiphol Airport,4,Wednesday,7,0,5,1.0,1
61233,infrastructure,Rotterdam Centraal - Schiphol Airport (HSL),4,Wednesday,7,0,2,1.0,1
61234,infrastructure,"Amsterdam Centraal - Schiphol Airport, Leiden Centraal - Schiphol Airport",4,Wednesday,7,0,5,2.0,1
61235,staff,Aachen Hbf - Heerlen,5,Wednesday,7,0,6,1.0,1
61237,staff,"Berlin Ostbahnhof - Hengelo, Bielefeld Hbf - Hengelo",10,Wednesday,7,0,2,2.0,1
61238,rolling stock,Aachen Hbf - Heerlen,11,Wednesday,7,0,5,1.0,0
61239,accidents,Maastricht - Sittard,13,Wednesday,7,0,5,1.0,0
61240,rolling stock,Rhenen - Utrecht Centraal,14,Wednesday,7,0,2,1.0,0
61241,infrastructure,'s-Hertogenbosch - Eindhoven,15,Wednesday,7,0,6,1.0,1
61242,infrastructure,'s-Hertogenbosch - Tilburg,15,Wednesday,7,0,2,1.0,1
61243,rolling stock,"Almere Oostvaarders - Utrecht Centraal, Amsterdam Centraal - Lelystad Centrum, Lelystad Centrum - Schiphol Airport",17,Wednesday,7,0,5,3.0,0
61244,infrastructure,Apeldoorn - Deventer,6,Thursday,7,0,4,1.0,1
61247,rolling stock,Breda - Rotterdam Centraal (HSL),9,Thursday,7,0,2,1.0,0
61248,rolling stock,Breda - Rotterdam Centraal (HSL),9,Thursday,7,0,2,1.0,0
61249,rolling stock,Haarlem - Leiden Centraal,10,Thursday,7,0,3,1.0,0
61250,rolling stock,Den Haag Centraal - Leiden Centraal,10,Thursday,7,0,6,1.0,0
61251,rolling stock,Den Haag Centraal - Leiden Centraal,11,Thursday,7,0,3,1.0,0
61252,infrastructure,Breda - Rotterdam Centraal (HSL),11,Thursday,7,0,2,1.0,1
61253,infrastructure,"Den Haag Centraal - Den Haag HS, Den Haag HS - Rotterdam Centraal, Dordrecht - Rotterdam Centraal",11,Thursday,7,0,15,3.0,1
61255,infrastructure,Apeldoorn - Deventer,17,Thursday,7,0,4,1.0,1
61256,rolling stock,Haarlem - Leiden Centraal,21,Thursday,7,0,5,1.0,0
61258,rolling stock,Almere Oostvaarders - Utrecht Centraal,6,Friday,8,0,3,1.0,0
61259,infrastructure,Arnhem Centraal - Nijmegen,6,Friday,8,0,5,1.0,1
61260,infrastructure,Amsterdam Centraal - Haarlem,9,Friday,8,0,4,1.0,1
61261,accidents,Arnhem Centraal - Nijmegen,12,Friday,8,0,3,1.0,0
61262,infrastructure,Arnhem Centraal - Winterswijk,13,Friday,8,0,2,1.0,1
61263,infrastructure,Winterswijk - Zutphen,13,Friday,8,0,5,1.0,0
61264,infrastructure,Winterswijk - Zutphen,14,Friday,8,0,3,1.0,1
61265,rolling stock,Eindhoven - Venlo,15,Friday,8,0,6,1.0,0
61266,rolling stock,Schiphol Airport - Utrecht Centraal,16,Friday,8,0,5,1.0,1
61267,rolling stock,Leiden Centraal - Schiphol Airport,16,Friday,8,0,5,1.0,1
61268,rolling stock,Arnhem Centraal - Utrecht Centraal,16,Friday,8,0,10,1.0,0
61269,infrastructure,Haarlem - Uitgeest,18,Friday,8,0,3,1.0,1
61270,rolling stock,Breda - Roosendaal,21,Friday,8,0,3,1.0,0
61271,rolling stock,Haarlem - Leiden Centraal,22,Friday,8,0,5,1.0,0
61272,accidents,Leeuwarden - Zwolle,0,Saturday,8,1,8,1.0,0
61273,infrastructure,"Almere Oostvaarders - Utrecht Centraal, Amersfoort - Amsterdam Centraal, Amersfoort - Schiphol Airport",8,Saturday,8,1,4,3.0,0
61275,rolling stock,Breda - Tilburg,9,Saturday,8,1,5,1.0,0
61276,infrastructure,Dordrecht - Geldermalsen,11,Saturday,8,1,3,1.0,0
61278,external,Den Haag Centraal - Utrecht Centraal,14,Saturday,8,1,13,1.0,0
61279,external,Den Haag Centraal - Utrecht Centraal,14,Saturday,8,1,3,1.0,0
61280,rolling stock,Groningen - Leeuwarden,15,Saturday,8,1,4,1.0,0
61281,rolling stock,'s-Hertogenbosch - Nijmegen,15,Saturday,8,1,5,1.0,1
61282,rolling stock,"Amersfoort - Schiphol Airport, Lelystad Centrum - Schiphol Airport",16,Saturday,8,1,2,2.0,0
61283,infrastructure,Nijmegen - Venlo,16,Saturday,8,1,3,1.0,1
61286,rolling stock,"Breda - Tilburg, Eindhoven - Tilburg",9,Sunday,8,1,7,2.0,0
61289,rolling stock,Hengelo - Zutphen,18,Sunday,8,1,2,1.0,1
61290,rolling stock,"Amsterdam Centraal - Schiphol Airport, Leiden Centraal - Schiphol Airport",19,Sunday,8,1,5,2.0,0
61291,external,Eindhoven - Roermond,21,Sunday,8,1,5,1.0,0
61293,external,Arnhem Centraal - Utrecht Centraal,5,Monday,8,0,3,1.0,1
61294,infrastructure,Groningen - Eemshaven,6,Monday,8,0,4,1.0,1
61295,infrastructure,Leeuwarden - Stavoren,7,Monday,8,0,6,1.0,1
61296,weather,,8,Monday,8,0,22,,1
61297,rolling stock,Eindhoven - Venlo,8,Monday,8,0,4,1.0,0
61298,infrastructure,Leiden Centraal - Schiphol Airport,8,Monday,8,0,4,1.0,1
61299,infrastructure,"Amersfoort - Amsterdam Centraal, Amersfoort - Schiphol Airport",8,Monday,8,0,2,2.0,1
61301,unknown,Eindhoven - Venlo,8,Monday,8,0,3,1.0,0
61302,rolling stock,'s-Hertogenbosch - Nijmegen,14,Monday,8,0,4,1.0,0
61303,rolling stock,"Breda - Dordrecht, Dordrecht - Roosendaal",15,Monday,8,0,3,2.0,1
61304,infrastructure,"Amersfoort - Apeldoorn, Apeldoorn - Deventer",16,Monday,8,0,5,2.0,1
61305,infrastructure,Amersfoort - Ede-Wageningen,16,Monday,8,0,4,1.0,0
61306,rolling stock,Amersfoort - Zwolle,16,Monday,8,0,9,1.0,0
61308,external,'s-Hertogenbosch - Eindhoven,17,Monday,8,0,2,1.0,0
61309,external,Heerlen - Sittard,20,Monday,8,0,7,1.0,0
61310,infrastructure,Apeldoorn - Zutphen,21,Monday,8,0,5,1.0,1
61311,infrastructure,Arnhem Centraal - Zutphen,22,Monday,8,0,3,1.0,1
61312,rolling stock,Den Haag Centraal - Utrecht Centraal,22,Monday,8,0,4,1.0,0
61313,rolling stock,Lelystad Centrum - Zwolle,6,Tuesday,8,0,2,1.0,0
61314,rolling stock,Amersfoort - Zwolle,6,Tuesday,8,0,3,1.0,1
61316,rolling stock,Lelystad Centrum - Zwolle,7,Tuesday,8,0,2,1.0,1
61317,rolling stock,"'s-Hertogenbosch - Utrecht Centraal, Tiel - Utrecht Centraal",8,Tuesday,8,0,4,2.0,0
61319,accidents,Leeuwarden - Stavoren,12,Tuesday,8,0,6,1.0,1
61320,rolling stock,'s-Hertogenbosch - Nijmegen,13,Tuesday,8,0,3,1.0,0
61321,rolling stock,'s-Hertogenbosch - Eindhoven,16,Tuesday,8,0,6,1.0,0
61322,infrastructure,Den Haag Centraal - Leiden Centraal,17,Tuesday,8,0,6,1.0,1
61323,infrastructure,"Den Haag Centraal - Den Haag HS, Den Haag Centraal - Leiden Centraal, Den Haag HS - Leiden Centraal, Den Haag HS - Rotterdam Centraal",17,Tuesday,8,0,13,4.0,1
61324,infrastructure,"Amersfoort - Schiphol Airport, Amsterdam Centraal - Schiphol Airport, Leiden Centraal - Schiphol Airport, Lelystad Centrum - Schiphol Airport, Rotterdam Centraal - Schiphol Airport (HSL), Schiphol Airport - Utrecht Centraal, Schiphol Airport - Zaandam",17,Tuesday,8,0,2,7.0,1
61325,rolling stock,Breda - Rotterdam Centraal (HSL),18,Tuesday,8,0,2,1.0,0
61326,rolling stock,Rotterdam Centraal - Schiphol Airport (HSL),18,Tuesday,8,0,2,1.0,0
61327,rolling stock,"Berlin Ostbahnhof - Hengelo, Bielefeld Hbf - Hengelo, Hengelo - Oldenzaal",4,Wednesday,8,0,4,3.0,1
61329,unknown,"Amsterdam Centraal - Utrecht Centraal, Amsterdam Centraal - Woerden",10,Wednesday,8,0,5,2.0,1
61330,rolling stock,"Amsterdam Centraal - Lelystad Centrum, Lelystad Centrum - Schiphol Airport",10,Wednesday,8,0,4,2.0,0
61332,rolling stock,"Amsterdam Centraal - Utrecht Centraal, Amsterdam Centraal - Woerden, Schiphol Airport - Utrecht Centraal",10,Wednesday,8,0,4,3.0,0
61334,rolling stock,Almere Oostvaarders - Utrecht Centraal,11,Wednesday,8,0,5,1.0,0
61335,external,Leiden Centraal - Schiphol Airport,11,Wednesday,8,0,2,1.0,0
61337,external,Amsterdam Centraal - Haarlem,13,Wednesday,8,0,4,1.0,0
61338,rolling stock,Antwerpen-Centraal - Roosendaal,14,Wednesday,8,0,2,1.0,0
61339,staff,Aachen Hbf - Heerlen,15,Wednesday,8,0,6,1.0,1
61340,rolling stock,Leiden Centraal - Schiphol Airport,16,Wednesday,8,0,2,1.0,1
61341,rolling stock,Eindhoven - Venlo,18,Wednesday,8,0,3,1.0,0
61342,accidents,Emmen - Zwolle,20,Wednesday,8,0,3,1.0,0
61343,rolling stock,"Groningen - Zwolle, Leeuwarden - Zwolle",21,Wednesday,8,0,2,2.0,0
61344,rolling stock,"Bielefeld Hbf - Hengelo, Hengelo - Oldenzaal",6,Thursday,8,0,8,2.0,1
61345,infrastructure,Alphen a/d Rijn - Gouda,7,Thursday,8,0,7,1.0,1
61346,unknown,Amersfoort - Utrecht Centraal,7,Thursday,8,0,5,1.0,0
61347,rolling stock,Breda - Rotterdam Centraal (HSL),8,Thursday,8,0,2,1.0,0
61348,rolling stock,"Breda - Dordrecht, Dordrecht - Roosendaal",8,Thursday,8,0,3,2.0,1
61349,unknown,"Amsterdam Centraal - Lelystad Centrum, Lelystad Centrum - Schiphol Airport",9,Thursday,8,0,2,2.0,1
61352,infrastructure,Lelystad Centrum - Zwolle,10,Thursday,8,0,4,1.0,1
61353,external,Breda - Tilburg,10,Thursday,8,0,5,1.0,0
61354,rolling stock,Breda - Tilburg,10,Thursday,8,0,5,1.0,0
61355,rolling stock,"Amersfoort - Amsterdam Centraal, Amersfoort - Schiphol Airport",11,Thursday,8,0,2,2.0,0
61356,external,Rotterdam Centraal - Schiphol Airport (HSL),12,Thursday,8,0,2,1.0,1
61357,external,"Breda - Dordrecht, Dordrecht - Roosendaal",12,Thursday,8,0,3,2.0,1
61358,external,Lelystad Centrum - Schiphol Airport,12,Thursday,8,0,13,1.0,1
61360,rolling stock,Alkmaar - Amsterdam Centraal,14,Thursday,8,0,4,1.0,0
61361,rolling stock,Maastricht - Sittard,14,Thursday,8,0,5,1.0,1
61362,infrastructure,Dordrecht - Roosendaal,16,Thursday,8,0,4,1.0,0
61363,rolling stock,Deventer - Zwolle,16,Thursday,8,0,3,1.0,0
61364,rolling stock,Den Haag Centraal - Leiden Centraal,17,Thursday,8,0,3,1.0,1
61365,rolling stock,"'s-Hertogenbosch - Utrecht Centraal, Tiel - Utrecht Centraal",18,Thursday,8,0,4,2.0,0
61366,external,Almelo - Hengelo,19,Thursday,8,0,4,1.0,0
61367,accidents,"'s-Hertogenbosch - Utrecht Centraal, Tiel - Utrecht Centraal",20,Thursday,8,0,4,2.0,0
61368,rolling stock,Breda - Rotterdam Centraal (HSL),20,Thursday,8,0,2,1.0,0
61370,rolling stock,"Breda - Dordrecht, Dordrecht - Roosendaal",20,Thursday,8,0,3,2.0,0
61371,accidents,Alkmaar - Amsterdam Centraal,0,Friday,8,0,4,1.0,0
61372,rolling stock,'s-Hertogenbosch - Nijmegen,1,Friday,8,0,6,1.0,0
61373,rolling stock,Eindhoven - Roermond,5,Friday,8,0,5,1.0,0
61374,external,"Amsterdam Centraal - Utrecht Centraal, Schiphol Airport - Utrecht Centraal",6,Friday,8,0,2,2.0,0
61375,rolling stock,Emmen - Zwolle,7,Friday,8,0,3,1.0,0
61376,external,"Amsterdam Centraal - Lelystad Centrum, Lelystad Centrum - Schiphol Airport",7,Friday,8,0,4,2.0,0
61377,rolling stock,Antwerpen-Centraal - Breda (HSL),7,Friday,8,0,2,1.0,0
61378,rolling stock,"Almere Oostvaarders - Utrecht Centraal, Amsterdam Centraal - Lelystad Centrum, Lelystad Centrum - Schiphol Airport",8,Friday,8,0,4,3.0,0
61379,rolling stock,Deventer - Zutphen,11,Friday,8,0,2,1.0,0
61380,external,'s-Hertogenbosch - Eindhoven,14,Friday,8,0,3,1.0,0
61381,rolling stock,Alkmaar - Amsterdam Centraal,15,Friday,8,0,3,1.0,0
61382,rolling stock,Dordrecht - Roosendaal,16,Friday,8,0,4,1.0,0
61384,accidents,Hamm (Westf.) - Venlo,17,Friday,8,0,7,1.0,0
61385,external,Roosendaal - Vlissingen,17,Friday,8,0,2,1.0,0
61386,rolling stock,"Amsterdam Centraal - Schiphol Airport, Leiden Centraal - Schiphol Airport",18,Friday,8,0,5,2.0,0
61387,rolling stock,"Amersfoort - Schiphol Airport, Lelystad Centrum - Schiphol Airport",18,Friday,8,0,3,2.0,0
61388,rolling stock,Rotterdam Centraal - Schiphol Airport (HSL),18,Friday,8,0,2,1.0,0
61389,rolling stock,Delfzijl - Groningen,10,Saturday,8,1,7,1.0,0
61390,rolling stock,Breda - Roosendaal,10,Saturday,8,1,3,1.0,0
61391,accidents,Breda - Tilburg,12,Saturday,8,1,4,1.0,1
61392,rolling stock,"Almere Oostvaarders - Utrecht Centraal, Amsterdam Centraal - Lelystad Centrum, Lelystad Centrum - Schiphol Airport",15,Saturday,8,1,5,3.0,0
61393,infrastructure,'s-Hertogenbosch - Utrecht Centraal,15,Saturday,8,1,3,1.0,0
61394,rolling stock,Eindhoven - Venlo,15,Saturday,8,1,3,1.0,0
61395,accidents,Apeldoorn - Deventer,15,Saturday,8,1,4,1.0,1
61396,external,'s-Hertogenbosch - Nijmegen,21,Saturday,8,1,5,1.0,0
61397,rolling stock,"Amsterdam Centraal - Schiphol Airport, Schiphol Airport - Zaandam",6,Sunday,8,1,3,2.0,0
61398,infrastructure,'s-Hertogenbosch - Utrecht Centraal,9,Sunday,8,1,9,1.0,1
61399,rolling stock,"Amsterdam Centraal - Schiphol Airport, Schiphol Airport - Zaandam",12,Sunday,8,1,3,2.0,0
61400,external,Almere Oostvaarders - Utrecht Centraal,13,Sunday,8,1,3,1.0,0
61401,external,Amsterdam Centraal - Lelystad Centrum,13,Sunday,8,1,8,1.0,0
61402,rolling stock,Deventer - Zwolle,17,Sunday,8,1,4,1.0,0
61403,unknown,Amsterdam Centraal - Haarlem,19,Sunday,8,1,5,1.0,0
61404,infrastructure,Almelo - Deventer,20,Sunday,8,1,5,1.0,0
61405,logistical,Antwerpen-Centraal - Breda (HSL),8,Monday,8,0,2,1.0,1
61406,logistical,"Breda - Dordrecht, Dordrecht - Roosendaal",8,Monday,8,0,3,2.0,1
61407,logistical,"Den Haag Centraal - Den Haag HS, Den Haag HS - Rotterdam Centraal, Dordrecht - Rotterdam Centraal",8,Monday,8,0,15,3.0,1
61408,logistical,Lelystad Centrum - Schiphol Airport,8,Monday,8,0,13,1.0,1
61409,logistical,Rotterdam Centraal - Schiphol Airport (HSL),8,Monday,8,0,2,1.0,1
61410,rolling stock,"Berlin Ostbahnhof - Hengelo, Bielefeld Hbf - Hengelo, Hengelo - Oldenzaal",10,Monday,8,0,4,3.0,1
61411,infrastructure,Den Haag HS - Rotterdam Centraal,10,Monday,8,0,7,1.0,1
61412,rolling stock,Haarlem - Leiden Centraal,11,Monday,8,0,5,1.0,0
61413,unknown,"'s-Hertogenbosch - Eindhoven, 's-Hertogenbosch - Utrecht Centraal",13,Monday,8,0,14,2.0,0
61414,rolling stock,"Amsterdam Centraal - Schiphol Airport, Rotterdam Centraal - Schiphol Airport (HSL)",13,Monday,8,0,5,2.0,0
61415,rolling stock,"Amsterdam Centraal - Schiphol Airport, Leiden Centraal - Schiphol Airport",14,Monday,8,0,5,2.0,1
61416,external,Amersfoort - Ede-Wageningen,14,Monday,8,0,8,1.0,0
61417,rolling stock,Antwerpen-Centraal - Breda (HSL),15,Monday,8,0,2,1.0,0
61418,rolling stock,"Den Haag Centraal - Utrecht Centraal, Leiden Centraal - Utrecht Centraal, Rotterdam Centraal - Utrecht Centraal",16,Monday,8,0,5,3.0,0
61419,rolling stock,Arnhem Centraal - Zutphen,17,Monday,8,0,7,1.0,1
61420,unknown,Eindhoven - Venlo,19,Monday,8,0,4,1.0,0
61421,infrastructure,'s-Hertogenbosch - Eindhoven,20,Monday,8,0,6,1.0,1
61422,infrastructure,'s-Hertogenbosch - Tilburg,20,Monday,8,0,2,1.0,1
61424,accidents,Breda - Roosendaal,23,Monday,8,0,3,1.0,1
61425,rolling stock,Heerlen - Maastricht,6,Tuesday,8,0,10,1.0,1
61426,rolling stock,"Amersfoort - Schiphol Airport, Lelystad Centrum - Schiphol Airport, Schiphol Airport - Utrecht Centraal",8,Tuesday,8,0,2,3.0,0
61427,rolling stock,"Berlin Ostbahnhof - Hengelo, Bielefeld Hbf - Hengelo, Hengelo - Oldenzaal, Hengelo - Zutphen",9,Tuesday,8,0,8,4.0,1
61428,rolling stock,Dordrecht - Rotterdam Centraal,11,Tuesday,8,0,8,1.0,0
61429,rolling stock,Rotterdam Centraal - Schiphol Airport (HSL),14,Tuesday,8,0,2,1.0,0
61430,rolling stock,"Den Haag Centraal - Leiden Centraal, Den Haag HS - Leiden Centraal",15,Tuesday,8,0,5,2.0,0
61431,external,'s-Hertogenbosch - Utrecht Centraal,16,Tuesday,8,0,3,1.0,0
61432,rolling stock,"Amersfoort - Schiphol Airport, Lelystad Centrum - Schiphol Airport, Rotterdam Centraal - Schiphol Airport (HSL), Schiphol Airport - Utrecht Centraal",16,Tuesday,8,0,3,4.0,0
61433,infrastructure,Breda - Roosendaal,17,Tuesday,8,0,3,1.0,1
61434,rolling stock,Arnhem Centraal - Nijmegen,19,Tuesday,8,0,5,1.0,0
61435,rolling stock,Eindhoven - Venlo,6,Wednesday,8,0,4,1.0,0
61436,rolling stock,Hengelo - Zutphen,7,Wednesday,8,0,6,1.0,1
61437,rolling stock,Amsterdam Centraal - Hoorn,7,Wednesday,8,0,4,1.0,0
61438,rolling stock,"Almere Oostvaarders - Utrecht Centraal, Amsterdam Centraal - Lelystad Centrum, Lelystad Centrum - Schiphol Airport",9,Wednesday,8,0,5,3.0,0
61439,rolling stock,Breda - Rotterdam Centraal (HSL),10,Wednesday,8,0,2,1.0,0
61440,infrastructure,Hengelo - Zutphen,10,Wednesday,8,0,2,1.0,1
61442,engineering work,'s-Hertogenbosch - Utrecht Centraal,12,Wednesday,8,0,3,1.0,0
61443,rolling stock,Aachen Hbf - Heerlen,12,Wednesday,8,0,4,1.0,1
61445,rolling stock,Arnhem Centraal - Winterswijk,18,Wednesday,8,0,5,1.0,0
61446,rolling stock,Leiden Centraal - Utrecht Centraal,19,Wednesday,8,0,3,1.0,0
61447,infrastructure,Leeuwarden - Stavoren,19,Wednesday,8,0,6,1.0,1
61448,rolling stock,"Amersfoort - Schiphol Airport, Lelystad Centrum - Schiphol Airport, Rotterdam Centraal - Schiphol Airport (HSL), Schiphol Airport - Utrecht Centraal",21,Wednesday,8,0,3,4.0,0
61450,infrastructure,Den Haag HS - Rotterdam Centraal,21,Wednesday,8,0,3,1.0,1
61451,infrastructure,"Amsterdam Centraal - Utrecht Centraal, Schiphol Airport - Utrecht Centraal",1,Thursday,8,0,2,2.0,1
61453,infrastructure,Almere Oostvaarders - Utrecht Centraal,6,Thursday,8,0,8,1.0,1
61454,rolling stock,Hengelo - Zutphen,6,Thursday,8,0,6,1.0,0
61455,rolling stock,"Berlin Ostbahnhof - Hengelo, Bielefeld Hbf - Hengelo, Hengelo - Oldenzaal",6,Thursday,8,0,2,3.0,0
61457,infrastructure,Den Haag Centraal - Den Haag HS,10,Thursday,8,0,2,1.0,0
61458,accidents,Alkmaar - Hoorn,10,Thursday,8,0,3,1.0,1
61459,infrastructure,Den Haag Centraal - Den Haag HS,10,Thursday,8,0,2,1.0,0
61461,infrastructure,Den Haag Centraal - Den Haag HS,11,Thursday,8,0,2,1.0,1
61462,infrastructure,Den Haag Centraal - Utrecht Centraal,11,Thursday,8,0,13,1.0,1
61463,rolling stock,Rotterdam Centraal - Utrecht Centraal,12,Thursday,8,0,6,1.0,0
61464,rolling stock,"Amersfoort - Schiphol Airport, Lelystad Centrum - Schiphol Airport",12,Thursday,8,0,4,2.0,0
61465,infrastructure,"Amsterdam Centraal - Utrecht Centraal, Schiphol Airport - Utrecht Centraal",13,Thursday,8,0,2,2.0,1
61466,infrastructure,Leiden Centraal - Schiphol Airport,15,Thursday,8,0,4,1.0,0
61467,rolling stock,"Almere Oostvaarders - Utrecht Centraal, Amsterdam Centraal - Lelystad Centrum, Lelystad Centrum - Schiphol Airport",16,Thursday,8,0,4,3.0,0
61468,rolling stock,Almere Oostvaarders - Utrecht Centraal,16,Thursday,8,0,3,1.0,1
61470,external,Roosendaal - Vlissingen,19,Thursday,8,0,4,1.0,0
61471,infrastructure,Den Haag Centraal - Den Haag HS,19,Thursday,8,0,2,1.0,1
61472,external,Roosendaal - Vlissingen,21,Thursday,8,0,2,1.0,0
61473,external,Alphen a/d Rijn - Gouda,21,Thursday,8,0,6,1.0,1
61474,external,Den Haag HS - Rotterdam Centraal,22,Thursday,8,0,3,1.0,1
61475,rolling stock,Dordrecht - Rotterdam Centraal,22,Thursday,8,0,2,1.0,0
61476,rolling stock,"Den Haag Centraal - Utrecht Centraal, Rotterdam Centraal - Utrecht Centraal",5,Friday,8,0,3,2.0,0
61478,rolling stock,Rotterdam Centraal - Schiphol Airport (HSL),9,Friday,8,0,2,1.0,0
61479,infrastructure,'s-Hertogenbosch - Utrecht Centraal,10,Friday,8,0,9,1.0,1
61481,rolling stock,Apeldoorn - Deventer,11,Friday,8,0,4,1.0,0
61482,infrastructure,Delfzijl - Groningen,11,Friday,8,0,6,1.0,0
61483,infrastructure,Groningen - Leeuwarden,11,Friday,8,0,9,1.0,1
61484,infrastructure,"Eindhoven - Roermond, Roermond - Sittard",13,Friday,8,0,5,2.0,1
61485,rolling stock,Maastricht - Sittard,14,Friday,8,0,5,1.0,0
61486,rolling stock,Breda - Rotterdam Centraal (HSL),18,Friday,8,0,2,1.0,0
61488,rolling stock,Alkmaar - Amsterdam Centraal,19,Friday,8,0,4,1.0,0
61489,unknown,Apeldoorn - Deventer,20,Friday,8,0,4,1.0,0
61491,rolling stock,Leiden Centraal - Schiphol Airport,20,Friday,8,0,2,1.0,0
61492,rolling stock,Den Haag HS - Rotterdam Centraal,23,Friday,8,0,4,1.0,1
61493,accidents,'s-Hertogenbosch - Utrecht Centraal,0,Saturday,8,1,3,1.0,0
61494,infrastructure,'s-Hertogenbosch - Utrecht Centraal,7,Saturday,8,1,9,1.0,1
61495,rolling stock,Aachen Hbf - Heerlen,9,Saturday,8,1,4,1.0,0
61496,infrastructure,Leiden Centraal - Schiphol Airport,14,Saturday,8,1,4,1.0,1
61497,infrastructure,Den Haag Centraal - Leiden Centraal,15,Saturday,8,1,6,1.0,1
61498,infrastructure,Amsterdam Centraal - Woerden,16,Saturday,8,1,2,1.0,1
61500,external,Dordrecht - Rotterdam Centraal,18,Saturday,8,1,5,1.0,0
61501,external,Breda - Rotterdam Centraal (HSL),18,Saturday,8,1,2,1.0,0
61502,rolling stock,Hengelo - Zutphen,19,Saturday,8,1,2,1.0,0
61503,accidents,'s-Hertogenbosch - Tilburg,20,Saturday,8,1,2,1.0,0
61504,external,Arnhem Centraal - Zutphen,0,Sunday,8,1,8,1.0,1
61505,infrastructure,Leeuwarden - Stavoren,6,Sunday,8,1,9,1.0,0
61508,accidents,Almere Oostvaarders - Utrecht Centraal,8,Sunday,8,1,5,1.0,1
61509,external,Arnhem Centraal - Utrecht Centraal,10,Sunday,8,1,4,1.0,0
61510,infrastructure,Alkmaar - Den Helder,11,Sunday,8,1,3,1.0,1
61511,rolling stock,"Amsterdam Centraal - Schiphol Airport, Rotterdam Centraal - Schiphol Airport (HSL)",15,Sunday,8,1,5,2.0,1
61512,rolling stock,Breda - Rotterdam Centraal (HSL),15,Sunday,8,1,2,1.0,0
61513,infrastructure,"Almelo - Deventer, Almelo - Zwolle",16,Sunday,8,1,6,2.0,0
61514,rolling stock,Lelystad Centrum - Zwolle,16,Sunday,8,1,2,1.0,0
61516,rolling stock,"Berlin Ostbahnhof - Hengelo, Bielefeld Hbf - Hengelo, Hengelo - Oldenzaal",5,Monday,8,0,5,3.0,1
61518,rolling stock,"Amersfoort - Schiphol Airport, Lelystad Centrum - Schiphol Airport, Rotterdam Centraal - Schiphol Airport (HSL), Schiphol Airport - Utrecht Centraal",7,Monday,8,0,3,4.0,1
61519,rolling stock,"Den Haag Centraal - Den Haag HS, Den Haag HS - Rotterdam Centraal, Dordrecht - Rotterdam Centraal",7,Monday,8,0,15,3.0,0
61520,rolling stock,Heerlen - Maastricht,7,Monday,8,0,10,1.0,1
61521,infrastructure,"Groningen - Leeuwarden, Harlingen Haven - Leeuwarden, Leeuwarden - Stavoren, Leeuwarden - Zwolle",7,Monday,8,0,2,4.0,1
61522,rolling stock,Dordrecht - Rotterdam Centraal,7,Monday,8,0,8,1.0,0
61524,rolling stock,Haarlem - Zandvoort aan Zee,8,Monday,8,0,3,1.0,0
61525,infrastructure,'s-Hertogenbosch - Utrecht Centraal,9,Monday,8,0,9,1.0,1
61526,infrastructure,Amsterdam Centraal - Utrecht Centraal,9,Monday,8,0,11,1.0,1
61528,infrastructure,Nijmegen - Venlo,11,Monday,8,0,2,1.0,1
61529,rolling stock,Amersfoort - Zwolle,13,Monday,8,0,2,1.0,0
61530,rolling stock,Baarn - Utrecht Centraal,14,Monday,8,0,3,1.0,0
61532,external,"Den Haag Centraal - Den Haag HS, Den Haag Centraal - Leiden Centraal, Den Haag Centraal - Utrecht Centraal",16,Monday,8,0,2,3.0,0
61533,engineering work,Arnhem Centraal - Nijmegen,20,Monday,8,0,5,1.0,1
61534,external,Amsterdam Centraal - Hoorn,21,Monday,8,0,2,1.0,0
61535,rolling stock,'s-Hertogenbosch - Tilburg,21,Monday,8,0,2,1.0,0
61537,rolling stock,Rotterdam Centraal - Utrecht Centraal,8,Tuesday,8,0,6,1.0,1
61539,infrastructure,Alkmaar - Amsterdam Centraal,10,Tuesday,8,0,4,1.0,0
61540,external,Amersfoort - Apeldoorn,15,Tuesday,8,0,2,1.0,0
61541,rolling stock,Apeldoorn - Deventer,16,Tuesday,8,0,4,1.0,1
61542,rolling stock,Dordrecht - Roosendaal,17,Tuesday,8,0,6,1.0,0
61543,rolling stock,Liège-Guillemins - Maastricht,18,Tuesday,8,0,3,1.0,1
61544,rolling stock,Heerlen - Sittard,20,Tuesday,8,0,2,1.0,0
61546,rolling stock,Nijmegen - Venlo,8,Wednesday,8,0,3,1.0,0
61547,unknown,'s-Hertogenbosch - Utrecht Centraal,9,Wednesday,8,0,9,1.0,1
61548,rolling stock,"Amsterdam Centraal - Lelystad Centrum, Lelystad Centrum - Schiphol Airport",10,Wednesday,8,0,2,2.0,1
61549,rolling stock,Lelystad Centrum - Zwolle,10,Wednesday,8,0,4,1.0,0
61550,external,'s-Hertogenbosch - Utrecht Centraal,11,Wednesday,8,0,3,1.0,0
61551,infrastructure,'s-Hertogenbosch - Utrecht Centraal,12,Wednesday,8,0,9,1.0,1
61552,rolling stock,Den Haag HS - Rotterdam Centraal,13,Wednesday,8,0,7,1.0,0
61555,external,Dordrecht - Rotterdam Centraal,13,Wednesday,8,0,8,1.0,0
61556,staff,"Bielefeld Hbf - Hengelo, Hengelo - Oldenzaal",14,Wednesday,8,0,8,2.0,1
61557,accidents,Leeuwarden - Zwolle,15,Wednesday,8,0,3,1.0,1
61558,accidents,Nijmegen - Venlo,21,Wednesday,8,0,3,1.0,1
61560,rolling stock,Aachen Hbf - Heerlen,9,Thursday,8,0,5,1.0,0
61561,infrastructure,Heerlen - Maastricht,10,Thursday,8,0,5,1.0,1
61562,logistical,"Bielefeld Hbf - Hengelo, Hengelo - Oldenzaal",10,Thursday,8,0,8,2.0,1
61564,rolling stock,Eindhoven - Venlo,10,Thursday,8,0,6,1.0,0
61565,engineering work,"Amersfoort - Amsterdam Centraal, Amersfoort - Schiphol Airport",11,Thursday,8,0,3,2.0,1
61568,infrastructure,Haarlem - Leiden Centraal,13,Thursday,8,0,3,1.0,1
61569,infrastructure,Den Haag Centraal - Leiden Centraal,13,Thursday,8,0,6,1.0,0
61570,infrastructure,Haarlem - Leiden Centraal,15,Thursday,8,0,3,1.0,1
61571,infrastructure,Den Haag Centraal - Leiden Centraal,16,Thursday,8,0,6,1.0,0
61572,rolling stock,Amsterdam Centraal - Hoorn,18,Thursday,8,0,4,1.0,0
61574,rolling stock,Amersfoort - Utrecht Centraal,21,Thursday,8,0,2,1.0,0
61575,external,Alphen a/d Rijn - Gouda,23,Thursday,8,0,6,1.0,0
61578,rolling stock,Dordrecht - Roosendaal,13,Friday,8,0,4,1.0,0
61579,rolling stock,Apeldoorn - Deventer,14,Friday,8,0,4,1.0,0
61580,rolling stock,Heerlen - Sittard,17,Friday,8,0,7,1.0,0
61581,unknown,Apeldoorn - Deventer,17,Friday,8,0,4,1.0,1
61582,rolling stock,Amersfoort - Zwolle,20,Friday,8,0,2,1.0,1
61583,infrastructure,"Breda - Dordrecht, Dordrecht - Roosendaal",20,Friday,8,0,3,2.0,0
61584,rolling stock,'s-Hertogenbosch - Tilburg,20,Friday,8,0,2,1.0,1
61585,unknown,"'s-Hertogenbosch - Utrecht Centraal, Tiel - Utrecht Centraal",20,Friday,8,0,3,2.0,1
61586,rolling stock,Breda - Tilburg,20,Friday,8,0,4,1.0,1
61588,staff,Aachen Hbf - Heerlen,3,Saturday,8,1,6,1.0,1
61589,rolling stock,Rotterdam Centraal - Schiphol Airport (HSL),6,Saturday,8,1,2,1.0,0
61592,staff,Hamm (Westf.) - Venlo,9,Saturday,8,1,9,1.0,1
61594,rolling stock,Groningen - Veendam,14,Saturday,8,1,3,1.0,0
61595,external,Deventer - Zutphen,16,Saturday,8,1,2,1.0,0
61596,external,Breda - Tilburg,16,Saturday,8,1,5,1.0,0
61597,external,Hengelo - Zutphen,16,Saturday,8,1,2,1.0,0
61598,infrastructure,Emmen - Zwolle,17,Saturday,8,1,3,1.0,0
61603,rolling stock,Arnhem Centraal - Utrecht Centraal,19,Saturday,8,1,3,1.0,0
61604,rolling stock,"Groningen - Zwolle, Leeuwarden - Zwolle",21,Saturday,8,1,2,2.0,0
61605,infrastructure,Amersfoort - Zwolle,17,Sunday,8,1,11,1.0,1
61606,infrastructure,Lelystad Centrum - Zwolle,17,Sunday,8,1,2,1.0,1
61608,rolling stock,'s-Hertogenbosch - Tilburg,18,Sunday,8,1,2,1.0,0
61609,external,Amersfoort - Zwolle,5,Monday,8,0,3,1.0,1
61610,external,Lelystad Centrum - Zwolle,5,Monday,8,0,2,1.0,1
61611,infrastructure,Alphen a/d Rijn - Gouda,5,Monday,8,0,7,1.0,1
61612,staff,Hamm (Westf.) - Venlo,6,Monday,8,0,2,1.0,1
61613,infrastructure,Almelo - Hengelo,6,Monday,8,0,4,1.0,1
61614,infrastructure,Enschede - Hengelo,6,Monday,8,0,3,1.0,1
61615,staff,Nijmegen - Venlo,8,Monday,8,0,7,1.0,1
61616,infrastructure,"Den Haag Centraal - Leiden Centraal, Leiden Centraal - Schiphol Airport",9,Monday,8,0,9,2.0,1
61618,rolling stock,"Berlin Ostbahnhof - Hengelo, Bielefeld Hbf - Hengelo, Hengelo - Oldenzaal",10,Monday,8,0,4,3.0,1
61619,infrastructure,"Amersfoort - Amsterdam Centraal, Amersfoort - Schiphol Airport",10,Monday,8,0,2,2.0,0
61620,infrastructure,"Den Haag Centraal - Leiden Centraal, Leiden Centraal - Schiphol Airport",11,Monday,8,0,9,2.0,1
61621,rolling stock,Aachen Hbf - Heerlen,13,Monday,8,0,6,1.0,0
61622,infrastructure,Groningen - Eemshaven,14,Monday,8,0,6,1.0,0
61623,infrastructure,Leeuwarden - Zwolle,14,Monday,8,0,3,1.0,1
61624,unknown,Almelo - Hengelo,15,Monday,8,0,4,1.0,0
61625,logistical,Leiden Centraal - Utrecht Centraal,15,Monday,8,0,3,1.0,0
61627,rolling stock,"Amsterdam Centraal - Utrecht Centraal, Schiphol Airport - Utrecht Centraal",17,Monday,8,0,2,2.0,1
61628,accidents,Alkmaar - Den Helder,18,Monday,8,0,2,1.0,1
61629,rolling stock,Amersfoort - Ede-Wageningen,19,Monday,8,0,4,1.0,0
61630,rolling stock,"Amersfoort - Apeldoorn, Apeldoorn - Deventer",19,Monday,8,0,5,2.0,0
61631,external,Harlingen Haven - Leeuwarden,20,Monday,8,0,6,1.0,1
61633,accidents,Dordrecht - Rotterdam Centraal,21,Monday,8,0,8,1.0,0
61635,rolling stock,Heerlen - Maastricht,5,Tuesday,8,0,10,1.0,1
61636,engineering work,"Amersfoort - Apeldoorn, Apeldoorn - Deventer",5,Tuesday,8,0,5,2.0,1
61637,engineering work,Amersfoort - Ede-Wageningen,5,Tuesday,8,0,5,1.0,1
61638,infrastructure,Tiel - Utrecht Centraal,6,Tuesday,8,0,3,1.0,0
61640,infrastructure,Breda - Dordrecht,10,Tuesday,8,0,3,1.0,0
61641,unknown,Breda - Dordrecht,11,Tuesday,8,0,3,1.0,1
61642,infrastructure,"Amersfoort - Apeldoorn, Apeldoorn - Deventer",12,Tuesday,8,0,5,2.0,1
61643,infrastructure,Amersfoort - Ede-Wageningen,12,Tuesday,8,0,4,1.0,1
61644,rolling stock,Alphen a/d Rijn - Gouda,12,Tuesday,8,0,6,1.0,0
61646,infrastructure,"Almere Oostvaarders - Utrecht Centraal, Amsterdam Centraal - Lelystad Centrum, Lelystad Centrum - Schiphol Airport",14,Tuesday,8,0,4,3.0,1
61647,infrastructure,"Groningen - Bad Nieuweschans, Groningen - Leer (Ostfriesland)",14,Tuesday,8,0,7,2.0,1
61648,external,Rotterdam Centraal - Schiphol Airport (HSL),16,Tuesday,8,0,2,1.0,0
61649,accidents,Arnhem Centraal - Zutphen,18,Tuesday,8,0,3,1.0,1
61650,rolling stock,"Almere Oostvaarders - Utrecht Centraal, Amersfoort - Utrecht Centraal, Baarn - Utrecht Centraal, Hilversum - Utrecht Centraal",21,Tuesday,8,0,2,4.0,0
61651,rolling stock,Arnhem Centraal - Nijmegen,22,Tuesday,8,0,3,1.0,0
61653,infrastructure,"Amersfoort - Apeldoorn, Apeldoorn - Deventer",5,Wednesday,8,0,5,2.0,1
61654,infrastructure,Amersfoort - Ede-Wageningen,5,Wednesday,8,0,5,1.0,1
61655,infrastructure,"Groningen - Bad Nieuweschans, Groningen - Leer (Ostfriesland)",6,Wednesday,8,0,7,2.0,1
61657,rolling stock,Eindhoven - Venlo,8,Wednesday,8,0,2,1.0,1
61659,infrastructure,Groningen - Leeuwarden,10,Wednesday,8,0,2,1.0,1
61661,rolling stock,"Amsterdam Centraal - Utrecht Centraal, Schiphol Airport - Utrecht Centraal",11,Wednesday,8,0,4,2.0,0
61663,external,Amsterdam Centraal - Woerden,11,Wednesday,8,0,10,1.0,1
61664,external,"Arnhem Centraal - Utrecht Centraal, Rhenen - Utrecht Centraal",11,Wednesday,8,0,4,2.0,0
61665,external,"'s-Hertogenbosch - Eindhoven, 's-Hertogenbosch - Utrecht Centraal",11,Wednesday,8,0,14,2.0,0
61666,external,Arnhem Centraal - Utrecht Centraal,11,Wednesday,8,0,7,1.0,0
61668,rolling stock,Roermond - Venlo,12,Wednesday,8,0,2,1.0,0
61669,accidents,Haarlem - Zandvoort aan Zee,14,Wednesday,8,0,3,1.0,0
61670,infrastructure,Arnhem Centraal - Utrecht Centraal,14,Wednesday,8,0,4,1.0,1
61671,infrastructure,Rhenen - Utrecht Centraal,15,Wednesday,8,0,2,1.0,1
61672,infrastructure,Den Haag Centraal - Leiden Centraal,15,Wednesday,8,0,6,1.0,1
61673,infrastructure,"Amsterdam Centraal - Utrecht Centraal, Schiphol Airport - Utrecht Centraal",15,Wednesday,8,0,7,2.0,1
61674,infrastructure,Leiden Centraal - Schiphol Airport,15,Wednesday,8,0,5,1.0,1
61675,infrastructure,Arnhem Centraal - Utrecht Centraal,17,Wednesday,8,0,4,1.0,1
61676,infrastructure,Rhenen - Utrecht Centraal,18,Wednesday,8,0,6,1.0,1
61677,infrastructure,"Amsterdam Centraal - Utrecht Centraal, Arnhem Centraal - Utrecht Centraal, Schiphol Airport - Utrecht Centraal",18,Wednesday,8,0,16,3.0,1
61678,infrastructure,Leiden Centraal - Schiphol Airport,18,Wednesday,8,0,5,1.0,1
61679,infrastructure,Den Haag Centraal - Leiden Centraal,18,Wednesday,8,0,6,1.0,1
61681,rolling stock,Groningen - Eemshaven,19,Wednesday,8,0,6,1.0,0
61682,infrastructure,Roosendaal - Vlissingen,6,Thursday,8,0,11,1.0,1
61683,rolling stock,Breda - Tilburg,6,Thursday,8,0,2,1.0,0
61684,rolling stock,Roermond - Venlo,6,Thursday,8,0,2,1.0,0
61685,rolling stock,Almelo - Hengelo,8,Thursday,8,0,4,1.0,0
61686,rolling stock,Breda - Rotterdam Centraal (HSL),8,Thursday,8,0,2,1.0,0
61687,infrastructure,Dordrecht - Rotterdam Centraal,9,Thursday,8,0,8,1.0,1
61688,infrastructure,"'s-Hertogenbosch - Eindhoven, 's-Hertogenbosch - Utrecht Centraal, Amsterdam Centraal - Utrecht Centraal",10,Thursday,8,0,24,3.0,1
61690,rolling stock,"Amersfoort - Schiphol Airport, Lelystad Centrum - Schiphol Airport, Rotterdam Centraal - Schiphol Airport (HSL), Schiphol Airport - Utrecht Centraal",11,Thursday,8,0,3,4.0,1
61691,rolling stock,"Den Haag Centraal - Den Haag HS, Den Haag HS - Rotterdam Centraal, Dordrecht - Rotterdam Centraal",12,Thursday,8,0,15,3.0,0
61692,rolling stock,Eindhoven - Venlo,12,Thursday,8,0,6,1.0,0
61693,rolling stock,Eindhoven - Tilburg,13,Thursday,8,0,3,1.0,0
61694,infrastructure,Roermond - Sittard,13,Thursday,8,0,4,1.0,0
61695,infrastructure,Roermond - Sittard,15,Thursday,8,0,4,1.0,1
61696,unknown,Breda - Tilburg,16,Thursday,8,0,5,1.0,1
61697,infrastructure,Apeldoorn - Deventer,16,Thursday,8,0,4,1.0,1
61699,unknown,"Den Haag Centraal - Utrecht Centraal, Rotterdam Centraal - Utrecht Centraal",18,Thursday,8,0,7,2.0,0
61700,rolling stock,Eindhoven - Roermond,20,Thursday,8,0,5,1.0,0
61701,logistical,Antwerpen-Centraal - Breda (HSL),22,Thursday,8,0,2,1.0,1
61703,external,Leiden Centraal - Schiphol Airport,8,Friday,8,0,5,1.0,0
61705,rolling stock,Haarlem - Zandvoort aan Zee,11,Friday,8,0,3,1.0,0
61706,rolling stock,Amsterdam Centraal - Haarlem,11,Friday,8,0,4,1.0,0
61708,rolling stock,Amsterdam Centraal - Hoorn,13,Friday,8,0,4,1.0,0
61709,rolling stock,Amsterdam Centraal - Hoorn,13,Friday,8,0,4,1.0,0
61710,unknown,Arnhem Centraal - Utrecht Centraal,14,Friday,8,0,4,1.0,1
61711,unknown,Groningen - Leeuwarden,16,Friday,8,0,9,1.0,1
61712,infrastructure,Almelo - Deventer,17,Friday,8,0,4,1.0,0
61713,unknown,'s-Hertogenbosch - Utrecht Centraal,17,Friday,8,0,3,1.0,0
61714,rolling stock,Rotterdam Centraal - Schiphol Airport (HSL),17,Friday,8,0,2,1.0,0
61715,external,"Amsterdam Centraal - Utrecht Centraal, Amsterdam Centraal - Woerden, Schiphol Airport - Utrecht Centraal",17,Friday,8,0,4,3.0,0
61717,rolling stock,"Amsterdam Centraal - Utrecht Centraal, Amsterdam Centraal - Woerden, Schiphol Airport - Utrecht Centraal",21,Friday,8,0,4,3.0,0
61718,external,Almelo - Zwolle,0,Saturday,8,1,2,1.0,1
61719,rolling stock,Breda - Roosendaal,8,Saturday,8,1,3,1.0,0
61720,accidents,Amersfoort - Zwolle,12,Saturday,8,1,3,1.0,1
61721,external,Haarlem - Zandvoort aan Zee,16,Saturday,8,1,3,1.0,0
61722,external,"Antwerpen-Centraal - Breda (HSL), Breda - Rotterdam Centraal (HSL)",17,Saturday,8,1,3,2.0,0
61723,external,"Amersfoort - Schiphol Airport, Amsterdam Centraal - Schiphol Airport, Leiden Centraal - Schiphol Airport, Lelystad Centrum - Schiphol Airport, Rotterdam Centraal - Schiphol Airport (HSL), Schiphol Airport - Utrecht Centraal, Schiphol Airport - Zaandam",18,Saturday,8,1,2,7.0,1
61725,rolling stock,Breda - Roosendaal,20,Saturday,8,1,3,1.0,0
61726,rolling stock,'s-Hertogenbosch - Utrecht Centraal,20,Saturday,8,1,3,1.0,0
61727,external,Haarlem - Zandvoort aan Zee,21,Saturday,8,1,3,1.0,0
61728,rolling stock,Heerlen - Maastricht,7,Sunday,8,1,10,1.0,1
61729,rolling stock,"Bielefeld Hbf - Hengelo, Hengelo - Oldenzaal",7,Sunday,8,1,8,2.0,1
61730,rolling stock,Eindhoven - Tilburg,8,Sunday,8,1,3,1.0,0
61731,staff,Alphen a/d Rijn - Gouda,8,Sunday,8,1,7,1.0,1
61732,logistical,Hamm (Westf.) - Venlo,11,Sunday,8,1,6,1.0,1
61733,infrastructure,Nijmegen - Venlo,12,Sunday,8,1,2,1.0,1
61734,rolling stock,Leiden Centraal - Utrecht Centraal,12,Sunday,8,1,2,1.0,0
61735,external,Arnhem Centraal - Utrecht Centraal,15,Sunday,8,1,3,1.0,0
61736,rolling stock,"Alkmaar - Amsterdam Centraal, Amsterdam Centraal - Haarlem, Amsterdam Centraal - Hoorn, Amsterdam Centraal - Schiphol Airport",17,Sunday,8,1,2,4.0,0
61737,unknown,Arnhem Centraal - Utrecht Centraal,17,Sunday,8,1,7,1.0,0
61738,rolling stock,Haarlem - Zandvoort aan Zee,17,Sunday,8,1,3,1.0,0
61741,external,Amersfoort - Zwolle,22,Sunday,8,1,5,1.0,0
61742,rolling stock,"'s-Hertogenbosch - Utrecht Centraal, Tiel - Utrecht Centraal",7,Monday,9,0,4,2.0,0
61743,rolling stock,"Almere Oostvaarders - Utrecht Centraal, Amsterdam Centraal - Lelystad Centrum, Lelystad Centrum - Schiphol Airport",8,Monday,9,0,5,3.0,0
61745,infrastructure,Leiden Centraal - Schiphol Airport,9,Monday,9,0,4,1.0,1
61746,infrastructure,Den Haag Centraal - Leiden Centraal,10,Monday,9,0,6,1.0,0
61747,rolling stock,"Almere Oostvaarders - Utrecht Centraal, Amsterdam Centraal - Lelystad Centrum, Lelystad Centrum - Schiphol Airport",10,Monday,9,0,5,3.0,0
61748,infrastructure,Amersfoort - Schiphol Airport,10,Monday,9,0,9,1.0,0
61749,rolling stock,'s-Hertogenbosch - Nijmegen,10,Monday,9,0,4,1.0,0
61750,rolling stock,"Amsterdam Centraal - Utrecht Centraal, Amsterdam Centraal - Woerden",11,Monday,9,0,8,2.0,0
61751,external,Amsterdam Centraal - Hoorn,12,Monday,9,0,5,1.0,0
61753,infrastructure,Almere Oostvaarders - Utrecht Centraal,12,Monday,9,0,3,1.0,1
61754,infrastructure,"Amersfoort - Amsterdam Centraal, Amersfoort - Schiphol Airport",12,Monday,9,0,5,2.0,1
61755,logistical,"Berlin Ostbahnhof - Hengelo, Bielefeld Hbf - Hengelo, Hengelo - Oldenzaal",12,Monday,9,0,4,3.0,1
61756,unknown,'s-Hertogenbosch - Utrecht Centraal,12,Monday,9,0,9,1.0,0
61757,rolling stock,Breda - Rotterdam Centraal (HSL),13,Monday,9,0,2,1.0,0
61758,rolling stock,"'s-Hertogenbosch - Utrecht Centraal, Tiel - Utrecht Centraal",13,Monday,9,0,3,2.0,1
61759,rolling stock,Eindhoven - Venlo,13,Monday,9,0,4,1.0,0
61760,rolling stock,Amsterdam Centraal - Utrecht Centraal,13,Monday,9,0,11,1.0,1
61761,accidents,"Amersfoort - Schiphol Airport, Amsterdam Centraal - Schiphol Airport, Leiden Centraal - Schiphol Airport, Lelystad Centrum - Schiphol Airport, Rotterdam Centraal - Schiphol Airport (HSL), Schiphol Airport - Utrecht Centraal, Schiphol Airport - Zaandam",14,Monday,9,0,2,7.0,1
61762,accidents,Lelystad Centrum - Schiphol Airport,15,Monday,9,0,13,1.0,1
61763,accidents,Breda - Rotterdam Centraal (HSL),15,Monday,9,0,2,1.0,1
61764,accidents,Den Haag Centraal - Leiden Centraal,15,Monday,9,0,6,1.0,1
61766,rolling stock,Apeldoorn - Deventer,17,Monday,9,0,4,1.0,0
61767,rolling stock,Enschede - Hengelo,17,Monday,9,0,3,1.0,0
61768,infrastructure,Haarlem - Uitgeest,18,Monday,9,0,6,1.0,0
61769,rolling stock,"Arnhem Centraal - Basel SBB, Arnhem Centraal - Düsseldorf Hbf, Arnhem Centraal - Frankfurt (M) Hbf",19,Monday,9,0,3,3.0,0
61770,external,Haarlem - Leiden Centraal,21,Monday,9,0,4,1.0,0
61771,external,Den Haag Centraal - Leiden Centraal,21,Monday,9,0,6,1.0,0
61773,rolling stock,Rotterdam Centraal - Schiphol Airport (HSL),22,Monday,9,0,2,1.0,0
61775,infrastructure,Enschede - Hengelo,4,Tuesday,9,0,3,1.0,0
61776,logistical,Hamm (Westf.) - Venlo,5,Tuesday,9,0,2,1.0,1
61777,rolling stock,"'s-Hertogenbosch - Eindhoven, 's-Hertogenbosch - Utrecht Centraal, Amsterdam Centraal - Utrecht Centraal",9,Tuesday,9,0,24,3.0,0
61778,infrastructure,"Almere Oostvaarders - Utrecht Centraal, Amersfoort - Utrecht Centraal, Baarn - Utrecht Centraal, Hilversum - Utrecht Centraal, Utrecht Centraal - Utrecht Maliebaan",10,Tuesday,9,0,3,5.0,1
61780,rolling stock,"Amersfoort - Schiphol Airport, Lelystad Centrum - Schiphol Airport, Rotterdam Centraal - Schiphol Airport (HSL), Schiphol Airport - Utrecht Centraal",11,Tuesday,9,0,3,4.0,1
61781,rolling stock,"Breda - Dordrecht, Dordrecht - Rotterdam Centraal",11,Tuesday,9,0,8,2.0,0
61782,rolling stock,"Breda - Dordrecht, Dordrecht - Roosendaal",11,Tuesday,9,0,3,2.0,0
61783,rolling stock,"Den Haag Centraal - Den Haag HS, Den Haag HS - Rotterdam Centraal, Dordrecht - Rotterdam Centraal",11,Tuesday,9,0,15,3.0,0
61785,rolling stock,Aachen Hbf - Heerlen,12,Tuesday,9,0,4,1.0,0
61787,infrastructure,"Amersfoort - Apeldoorn, Apeldoorn - Deventer",13,Tuesday,9,0,5,2.0,0
61788,rolling stock,"Den Haag Centraal - Utrecht Centraal, Leiden Centraal - Utrecht Centraal, Rotterdam Centraal - Utrecht Centraal",15,Tuesday,9,0,5,3.0,0
61789,external,"Den Haag Centraal - Leiden Centraal, Den Haag HS - Leiden Centraal",17,Tuesday,9,0,5,2.0,0
61790,rolling stock,'s-Hertogenbosch - Nijmegen,17,Tuesday,9,0,3,1.0,0
61791,infrastructure,'s-Hertogenbosch - Tilburg,18,Tuesday,9,0,2,1.0,1
61792,rolling stock,Apeldoorn - Deventer,18,Tuesday,9,0,4,1.0,0
61794,rolling stock,Amsterdam Centraal - Haarlem,18,Tuesday,9,0,5,1.0,0
61795,rolling stock,Arnhem Centraal - Nijmegen,19,Tuesday,9,0,5,1.0,1
61796,accidents,Leeuwarden - Zwolle,19,Tuesday,9,0,3,1.0,1
61797,rolling stock,Eindhoven - Venlo,19,Tuesday,9,0,3,1.0,0
61799,external,Schiphol Airport - Utrecht Centraal,19,Tuesday,9,0,5,1.0,1
61800,rolling stock,Leiden Centraal - Schiphol Airport,19,Tuesday,9,0,4,1.0,0
61801,external,Leiden Centraal - Schiphol Airport,20,Tuesday,9,0,5,1.0,0
61802,external,Rotterdam Centraal - Schiphol Airport (HSL),20,Tuesday,9,0,2,1.0,0
61803,rolling stock,Maastricht - Sittard,22,Tuesday,9,0,5,1.0,1
61804,rolling stock,Amsterdam Centraal - Hoorn,0,Wednesday,9,0,3,1.0,1
61806,rolling stock,Breda - Rotterdam Centraal (HSL),7,Wednesday,9,0,2,1.0,1
61807,rolling stock,"Breda - Dordrecht, Dordrecht - Roosendaal",8,Wednesday,9,0,3,2.0,1
61808,rolling stock,"Den Haag Centraal - Den Haag HS, Den Haag HS - Rotterdam Centraal, Dordrecht - Rotterdam Centraal",8,Wednesday,9,0,15,3.0,1
61809,rolling stock,"Amersfoort - Schiphol Airport, Lelystad Centrum - Schiphol Airport, Rotterdam Centraal - Schiphol Airport (HSL), Schiphol Airport - Utrecht Centraal",12,Wednesday,9,0,3,4.0,1
61810,rolling stock,"Amersfoort - Schiphol Airport, Lelystad Centrum - Schiphol Airport",12,Wednesday,9,0,3,2.0,0
61811,infrastructure,'s-Hertogenbosch - Nijmegen,14,Wednesday,9,0,10,1.0,1
61812,infrastructure,Arnhem Centraal - Nijmegen,14,Wednesday,9,0,5,1.0,1
61813,infrastructure,Leiden Centraal - Utrecht Centraal,15,Wednesday,9,0,5,1.0,1
61814,rolling stock,"Amersfoort - Schiphol Airport, Lelystad Centrum - Schiphol Airport",16,Wednesday,9,0,4,2.0,0
61815,rolling stock,Leiden Centraal - Schiphol Airport,17,Wednesday,9,0,5,1.0,0
61816,rolling stock,Eindhoven - Roermond,20,Wednesday,9,0,3,1.0,0
61819,rolling stock,Eindhoven - Roermond,23,Wednesday,9,0,4,1.0,0
61820,rolling stock,Roermond - Venlo,7,Thursday,9,0,2,1.0,0
61821,rolling stock,Heerlen - Maastricht,7,Thursday,9,0,10,1.0,1
61822,infrastructure,Deventer - Zwolle,7,Thursday,9,0,3,1.0,1
61823,infrastructure,Emmen - Zwolle,7,Thursday,9,0,2,1.0,0
61824,logistical,"Arnhem Centraal - Basel SBB, Arnhem Centraal - Düsseldorf Hbf, Arnhem Centraal - Frankfurt (M) Hbf",13,Thursday,9,0,7,3.0,1
61825,infrastructure,'s-Hertogenbosch - Nijmegen,14,Thursday,9,0,4,1.0,0
61827,external,Leeuwarden - Zwolle,15,Thursday,9,0,8,1.0,0
61828,unknown,'s-Hertogenbosch - Nijmegen,15,Thursday,9,0,6,1.0,0
61829,rolling stock,Leiden Centraal - Utrecht Centraal,16,Thursday,9,0,3,1.0,1
61830,rolling stock,Breda - Rotterdam Centraal (HSL),18,Thursday,9,0,2,1.0,0
61831,infrastructure,Amsterdam Centraal - Haarlem,19,Thursday,9,0,5,1.0,0
61832,infrastructure,Winterswijk - Zutphen,21,Thursday,9,0,3,1.0,1
61833,accidents,Breda - Rotterdam Centraal (HSL),22,Thursday,9,0,2,1.0,1
61834,accidents,"Den Haag Centraal - Den Haag HS, Den Haag HS - Rotterdam Centraal, Dordrecht - Rotterdam Centraal",22,Thursday,9,0,15,3.0,1
61835,accidents,"Breda - Dordrecht, Dordrecht - Roosendaal",22,Thursday,9,0,3,2.0,1
61836,rolling stock,Roermond - Sittard,23,Thursday,9,0,4,1.0,0
61838,rolling stock,'s-Hertogenbosch - Nijmegen,7,Friday,9,0,5,1.0,0
61839,rolling stock,Breda - Rotterdam Centraal (HSL),8,Friday,9,0,2,1.0,0
61840,logistical,"Berlin Ostbahnhof - Hengelo, Bielefeld Hbf - Hengelo",8,Friday,9,0,2,2.0,1
61841,accidents,"Almere Oostvaarders - Utrecht Centraal, Amsterdam Centraal - Lelystad Centrum, Lelystad Centrum - Schiphol Airport",9,Friday,9,0,5,3.0,0
61842,infrastructure,Leeuwarden - Stavoren,9,Friday,9,0,4,1.0,1
61843,infrastructure,Arnhem Centraal - Zutphen,9,Friday,9,0,6,1.0,1
61844,infrastructure,"Arnhem Centraal - Basel SBB, Arnhem Centraal - Düsseldorf Hbf, Arnhem Centraal - Frankfurt (M) Hbf, Arnhem Centraal - Winterswijk",10,Friday,9,0,5,4.0,0
61845,rolling stock,Eindhoven - Roermond,12,Friday,9,0,5,1.0,1
61846,rolling stock,"'s-Hertogenbosch - Eindhoven, Eindhoven - Tilburg",12,Friday,9,0,4,2.0,0
61848,unknown,'s-Hertogenbosch - Utrecht Centraal,18,Friday,9,0,9,1.0,1
61849,infrastructure,'s-Hertogenbosch - Utrecht Centraal,20,Friday,9,0,9,1.0,0
61850,infrastructure,"Antwerpen-Centraal - Breda (HSL), Breda - Rotterdam Centraal (HSL)",20,Friday,9,0,3,2.0,0
61851,rolling stock,Haarlem - Uitgeest,6,Saturday,9,1,8,1.0,0
61852,infrastructure,Hengelo - Zutphen,7,Saturday,9,1,3,1.0,0
61853,rolling stock,Eindhoven - Roermond,10,Saturday,9,1,2,1.0,0
61854,infrastructure,Hengelo - Zutphen,12,Saturday,9,1,3,1.0,1
61855,infrastructure,"Almelo - Deventer, Almelo - Zwolle",12,Saturday,9,1,2,2.0,1
61856,infrastructure,Almelo - Hengelo,12,Saturday,9,1,4,1.0,1
61857,infrastructure,"Almelo - Deventer, Almelo - Hengelo, Almelo - Zwolle",13,Saturday,9,1,5,3.0,0
61858,infrastructure,Almelo - Hengelo,13,Saturday,9,1,4,1.0,0
61859,infrastructure,Hengelo - Zutphen,13,Saturday,9,1,3,1.0,0
61862,infrastructure,Arnhem Centraal - Zutphen,18,Saturday,9,1,3,1.0,1
61863,accidents,Schiphol Airport - Utrecht Centraal,18,Saturday,9,1,10,1.0,1
61864,accidents,Arnhem Centraal - Utrecht Centraal,18,Saturday,9,1,7,1.0,0
61865,logistical,Leiden Centraal - Schiphol Airport,18,Saturday,9,1,5,1.0,1
61866,logistical,Den Haag Centraal - Leiden Centraal,18,Saturday,9,1,6,1.0,1
61868,rolling stock,"Amersfoort - Schiphol Airport, Lelystad Centrum - Schiphol Airport, Rotterdam Centraal - Schiphol Airport (HSL), Schiphol Airport - Utrecht Centraal",21,Saturday,9,1,3,4.0,0
61869,rolling stock,"Den Haag Centraal - Den Haag HS, Den Haag HS - Rotterdam Centraal, Dordrecht - Rotterdam Centraal",21,Saturday,9,1,15,3.0,0
61870,infrastructure,Roermond - Venlo,7,Sunday,9,1,5,1.0,1
61871,rolling stock,"Bielefeld Hbf - Hengelo, Hengelo - Oldenzaal",9,Sunday,9,1,8,2.0,1
61872,infrastructure,Almelo - Hengelo,10,Sunday,9,1,4,1.0,1
61873,infrastructure,"Almelo - Deventer, Almelo - Zwolle",10,Sunday,9,1,2,2.0,0
61874,infrastructure,Hengelo - Zutphen,10,Sunday,9,1,3,1.0,1
61875,infrastructure,"Leiden Centraal - Schiphol Airport, Lelystad Centrum - Schiphol Airport",17,Sunday,9,1,10,2.0,1
61876,logistical,Antwerpen-Centraal - Roosendaal,18,Sunday,9,1,2,1.0,1
61877,rolling stock,Rotterdam Centraal - Schiphol Airport (HSL),21,Sunday,9,1,2,1.0,0
61878,accidents,Dordrecht - Rotterdam Centraal,8,Monday,9,0,8,1.0,1
61879,accidents,Breda - Rotterdam Centraal (HSL),8,Monday,9,0,2,1.0,1
61883,infrastructure,Arnhem Centraal - Nijmegen,9,Monday,9,0,5,1.0,0
61884,rolling stock,"Amersfoort - Schiphol Airport, Lelystad Centrum - Schiphol Airport",10,Monday,9,0,3,2.0,0
61885,infrastructure,Winterswijk - Zutphen,10,Monday,9,0,2,1.0,1
61886,unknown,"Den Haag Centraal - Utrecht Centraal, Rotterdam Centraal - Utrecht Centraal",11,Monday,9,0,2,2.0,1
61887,rolling stock,"Almere Oostvaarders - Utrecht Centraal, Amsterdam Centraal - Lelystad Centrum, Lelystad Centrum - Schiphol Airport",12,Monday,9,0,5,3.0,0
61888,rolling stock,"Amersfoort - Amsterdam Centraal, Amsterdam Centraal - Lelystad Centrum",13,Monday,9,0,5,2.0,0
61889,rolling stock,"Bielefeld Hbf - Hengelo, Hengelo - Oldenzaal",14,Monday,9,0,8,2.0,1
61890,infrastructure,Rotterdam Centraal - Schiphol Airport (HSL),14,Monday,9,0,2,1.0,0
61892,rolling stock,"Liège-Guillemins - Maastricht, Maastricht - Maastricht Randwyck",15,Monday,9,0,2,2.0,0
61893,logistical,"Arnhem Centraal - Basel SBB, Arnhem Centraal - Düsseldorf Hbf, Arnhem Centraal - Frankfurt (M) Hbf",15,Monday,9,0,4,3.0,1
61895,rolling stock,Breda - Tilburg,16,Monday,9,0,5,1.0,0
61896,accidents,Amsterdam Centraal - Hoorn,17,Monday,9,0,6,1.0,0
61897,infrastructure,'s-Hertogenbosch - Utrecht Centraal,20,Monday,9,0,3,1.0,1
61898,rolling stock,'s-Hertogenbosch - Tilburg,21,Monday,9,0,2,1.0,0
61899,infrastructure,"Amsterdam Centraal - Utrecht Centraal, Schiphol Airport - Utrecht Centraal",21,Monday,9,0,7,2.0,1
61900,rolling stock,Breda - Rotterdam Centraal (HSL),7,Tuesday,9,0,2,1.0,0
61901,logistical,Aachen Hbf - Heerlen,7,Tuesday,9,0,6,1.0,1
61902,infrastructure,'s-Hertogenbosch - Utrecht Centraal,7,Tuesday,9,0,3,1.0,1
61903,engineering work,"Amsterdam Centraal - Utrecht Centraal, Schiphol Airport - Utrecht Centraal",7,Tuesday,9,0,7,2.0,1
61904,rolling stock,"Amersfoort - Amsterdam Centraal, Amsterdam Centraal - Lelystad Centrum",8,Tuesday,9,0,5,2.0,0
61905,rolling stock,Heerlen - Sittard,9,Tuesday,9,0,7,1.0,1
61906,logistical,Bielefeld Hbf - Hengelo,9,Tuesday,9,0,3,1.0,1
61908,infrastructure,Arnhem Centraal - Utrecht Centraal,9,Tuesday,9,0,10,1.0,1
61909,unknown,Amsterdam Centraal - Utrecht Centraal,9,Tuesday,9,0,11,1.0,1
61910,infrastructure,"Groningen - Bad Nieuweschans, Groningen - Leer (Ostfriesland), Groningen - Veendam",10,Tuesday,9,0,5,3.0,0
61912,rolling stock,'s-Hertogenbosch - Tilburg,11,Tuesday,9,0,2,1.0,0
61913,logistical,"'s-Hertogenbosch - Eindhoven, 's-Hertogenbosch - Utrecht Centraal, Amsterdam Centraal - Utrecht Centraal",12,Tuesday,9,0,24,3.0,1
61914,accidents,Roosendaal - Vlissingen,13,Tuesday,9,0,4,1.0,1
61916,rolling stock,"Heerlen - Maastricht, Liège-Guillemins - Maastricht, Maastricht - Maastricht Randwyck",15,Tuesday,9,0,6,3.0,1
61917,rolling stock,Rotterdam Centraal - Schiphol Airport (HSL),15,Tuesday,9,0,2,1.0,0
61918,rolling stock,Arnhem Centraal - Zutphen,16,Tuesday,9,0,3,1.0,0
61919,rolling stock,Baarn - Utrecht Centraal,16,Tuesday,9,0,3,1.0,0
61920,rolling stock,Arnhem Centraal - Zutphen,16,Tuesday,9,0,8,1.0,0
61921,rolling stock,Amersfoort - Zwolle,16,Tuesday,9,0,2,1.0,0
61922,accidents,Eindhoven - Venlo,17,Tuesday,9,0,4,1.0,1
61923,infrastructure,Alkmaar - Hoorn,5,Wednesday,9,0,3,1.0,1
61924,accidents,Arnhem Centraal - Winterswijk,5,Wednesday,9,0,2,1.0,1
61926,accidents,Eindhoven - Roermond,7,Wednesday,9,0,5,1.0,1
61927,rolling stock,Antwerpen-Centraal - Roosendaal,8,Wednesday,9,0,2,1.0,1
61928,rolling stock,"Berlin Ostbahnhof - Hengelo, Bielefeld Hbf - Hengelo, Hengelo - Oldenzaal",9,Wednesday,9,0,4,3.0,1
61931,accidents,Groningen - Zwolle,11,Wednesday,9,0,2,1.0,1
61932,infrastructure,"Amersfoort - Amsterdam Centraal, Amsterdam Centraal - Lelystad Centrum",11,Wednesday,9,0,5,2.0,0
61933,rolling stock,Enkhuizen - Hoorn,12,Wednesday,9,0,2,1.0,0
61934,external,"Delfzijl - Groningen, Groningen - Eemshaven",13,Wednesday,9,0,3,2.0,0
61935,infrastructure,"Amsterdam Centraal - Utrecht Centraal, Schiphol Airport - Utrecht Centraal",14,Wednesday,9,0,2,2.0,1
61936,accidents,Maastricht - Sittard,16,Wednesday,9,0,5,1.0,1
61937,accidents,"Liège-Guillemins - Maastricht, Maastricht - Maastricht Randwyck",16,Wednesday,9,0,2,2.0,1
61938,infrastructure,Breda - Dordrecht,16,Wednesday,9,0,3,1.0,1
61939,external,"Almere Oostvaarders - Utrecht Centraal, Amsterdam Centraal - Lelystad Centrum, Lelystad Centrum - Schiphol Airport",17,Wednesday,9,0,5,3.0,0
61940,infrastructure,Deventer - Zwolle,17,Wednesday,9,0,3,1.0,1
61941,logistical,Leiden Centraal - Utrecht Centraal,17,Wednesday,9,0,7,1.0,1
61942,accidents,Eindhoven - Tilburg,17,Wednesday,9,0,3,1.0,1
61943,infrastructure,Den Haag HS - Rotterdam Centraal,18,Wednesday,9,0,7,1.0,1
61944,rolling stock,"Berlin Ostbahnhof - Hengelo, Bielefeld Hbf - Hengelo, Hengelo - Oldenzaal",8,Thursday,9,0,2,3.0,0
61946,infrastructure,Den Haag HS - Rotterdam Centraal,12,Thursday,9,0,7,1.0,1
61947,infrastructure,"Arnhem Centraal - Utrecht Centraal, Rhenen - Utrecht Centraal",13,Thursday,9,0,4,2.0,1
61948,infrastructure,"'s-Hertogenbosch - Utrecht Centraal, Arnhem Centraal - Utrecht Centraal, Rhenen - Utrecht Centraal, Tiel - Utrecht Centraal",15,Thursday,9,0,2,4.0,0
61949,infrastructure,Roermond - Sittard,16,Thursday,9,0,4,1.0,0
61950,rolling stock,'s-Hertogenbosch - Nijmegen,16,Thursday,9,0,5,1.0,0
61951,infrastructure,Breda - Rotterdam Centraal (HSL),17,Thursday,9,0,2,1.0,0
61952,infrastructure,"Breda - Dordrecht, Dordrecht - Roosendaal",17,Thursday,9,0,3,2.0,1
61953,infrastructure,Rotterdam Centraal - Schiphol Airport (HSL),17,Thursday,9,0,2,1.0,0
61954,infrastructure,"Den Haag Centraal - Den Haag HS, Den Haag HS - Rotterdam Centraal, Dordrecht - Rotterdam Centraal",17,Thursday,9,0,15,3.0,1
61955,external,Dordrecht - Rotterdam Centraal,18,Thursday,9,0,5,1.0,1
61956,infrastructure,Lelystad Centrum - Schiphol Airport,18,Thursday,9,0,13,1.0,1
61958,external,"'s-Hertogenbosch - Tilburg, Breda - Tilburg",18,Thursday,9,0,6,2.0,1
61959,external,Breda - Rotterdam Centraal (HSL),18,Thursday,9,0,2,1.0,1
61960,external,Heerlen - Maastricht,19,Thursday,9,0,6,1.0,1
61961,infrastructure,Breda - Rotterdam Centraal (HSL),19,Thursday,9,0,2,1.0,0
61962,infrastructure,Rotterdam Centraal - Schiphol Airport (HSL),19,Thursday,9,0,2,1.0,0
61964,accidents,Eindhoven - Roermond,21,Thursday,9,0,5,1.0,1
61965,accidents,"'s-Hertogenbosch - Eindhoven, Eindhoven - Tilburg",21,Thursday,9,0,4,2.0,1
61966,infrastructure,"Arnhem Centraal - Utrecht Centraal, Rhenen - Utrecht Centraal",5,Friday,9,0,4,2.0,1
61967,rolling stock,Heerlen - Maastricht,5,Friday,9,0,10,1.0,1
61969,unknown,"Arnhem Centraal - Utrecht Centraal, Rhenen - Utrecht Centraal",8,Friday,9,0,4,2.0,1
61971,rolling stock,Amsterdam Centraal - Utrecht Centraal,8,Friday,9,0,11,1.0,0
61972,infrastructure,"Den Haag Centraal - Den Haag HS, Den Haag HS - Rotterdam Centraal",8,Friday,9,0,8,2.0,1
61973,rolling stock,Almelo - Deventer,10,Friday,9,0,5,1.0,0
61974,infrastructure,Alkmaar - Den Helder,11,Friday,9,0,2,1.0,0
61975,infrastructure,"'s-Hertogenbosch - Eindhoven, Eindhoven - Tilburg",12,Friday,9,0,4,2.0,0
61976,external,"Almere Oostvaarders - Utrecht Centraal, Amersfoort - Amsterdam Centraal, Amersfoort - Schiphol Airport, Hilversum - Utrecht Centraal",15,Friday,9,0,3,4.0,0
61977,rolling stock,Almere Oostvaarders - Utrecht Centraal,16,Friday,9,0,8,1.0,0
61979,rolling stock,Dordrecht - Roosendaal,17,Friday,9,0,4,1.0,0
61980,rolling stock,"Amsterdam Centraal - Utrecht Centraal, Schiphol Airport - Utrecht Centraal",17,Friday,9,0,4,2.0,0
61981,rolling stock,Arnhem Centraal - Tiel,18,Friday,9,0,6,1.0,0
61982,infrastructure,'s-Hertogenbosch - Tilburg,19,Friday,9,0,2,1.0,1
61983,rolling stock,'s-Hertogenbosch - Utrecht Centraal,19,Friday,9,0,9,1.0,1
61984,rolling stock,"Amsterdam Centraal - Utrecht Centraal, Schiphol Airport - Utrecht Centraal",20,Friday,9,0,7,2.0,1
61985,external,"'s-Hertogenbosch - Eindhoven, Eindhoven - Roermond, Eindhoven - Tilburg, Eindhoven - Venlo",20,Friday,9,0,2,4.0,0
61986,external,Leeuwarden - Zwolle,20,Friday,9,0,2,1.0,0
61987,external,Haarlem - Uitgeest,21,Friday,9,0,3,1.0,0
61988,external,"Almelo - Deventer, Apeldoorn - Deventer, Deventer - Zutphen, Deventer - Zwolle",22,Friday,9,0,2,4.0,0
61989,accidents,Amersfoort - Apeldoorn,6,Saturday,9,1,2,1.0,1
61991,infrastructure,Dordrecht - Roosendaal,9,Saturday,9,1,4,1.0,1
61992,rolling stock,Eindhoven - Roermond,10,Saturday,9,1,4,1.0,0
61993,rolling stock,Apeldoorn - Deventer,11,Saturday,9,1,4,1.0,0
61994,rolling stock,"Amersfoort - Schiphol Airport, Lelystad Centrum - Schiphol Airport, Rotterdam Centraal - Schiphol Airport (HSL), Schiphol Airport - Utrecht Centraal",12,Saturday,9,1,3,4.0,1
61995,external,Haarlem - Leiden Centraal,16,Saturday,9,1,5,1.0,0
61996,accidents,Leeuwarden - Zwolle,17,Saturday,9,1,2,1.0,0
61998,infrastructure,Emmen - Zwolle,17,Saturday,9,1,2,1.0,1
61999,unknown,Dordrecht - Roosendaal,17,Saturday,9,1,4,1.0,0
62001,accidents,'s-Hertogenbosch - Tilburg,20,Saturday,9,1,2,1.0,1
62002,accidents,Breda - Tilburg,20,Saturday,9,1,5,1.0,1
62003,external,Rotterdam Centraal - Utrecht Centraal,21,Saturday,9,1,12,1.0,0
62004,infrastructure,"Apeldoorn - Zutphen, Arnhem Centraal - Zutphen, Deventer - Zutphen, Hengelo - Zutphen, Winterswijk - Zutphen",6,Sunday,9,1,1,5.0,1
62005,engineering work,Dordrecht - Roosendaal,9,Sunday,9,1,4,1.0,1
62007,rolling stock,Hamm (Westf.) - Venlo,15,Sunday,9,1,7,1.0,0
62008,rolling stock,'s-Hertogenbosch - Eindhoven,18,Sunday,9,1,3,1.0,0
62009,external,Almere Oostvaarders - Utrecht Centraal,19,Sunday,9,1,3,1.0,0
62010,external,Amsterdam Centraal - Lelystad Centrum,19,Sunday,9,1,8,1.0,0
62012,infrastructure,Breda - Rotterdam Centraal (HSL),19,Sunday,9,1,2,1.0,1
62013,infrastructure,Roosendaal - Vlissingen,20,Sunday,9,1,3,1.0,1
62014,rolling stock,"Almere Oostvaarders - Utrecht Centraal, Hilversum - Utrecht Centraal",22,Sunday,9,1,4,2.0,0
62015,staff,"Bielefeld Hbf - Hengelo, Hengelo - Oldenzaal",5,Monday,9,0,8,2.0,1
62016,external,Almelo - Zwolle,6,Monday,9,0,2,1.0,1
62017,rolling stock,"Groningen - Zwolle, Leeuwarden - Zwolle",6,Monday,9,0,2,2.0,0
62018,rolling stock,Eindhoven - Venlo,6,Monday,9,0,3,1.0,0
62019,infrastructure,Rhenen - Utrecht Centraal,6,Monday,9,0,2,1.0,0
62021,infrastructure,Almere Oostvaarders - Utrecht Centraal,7,Monday,9,0,6,1.0,0
62022,staff,Aachen Hbf - Heerlen,7,Monday,9,0,6,1.0,1
62023,rolling stock,"Berlin Ostbahnhof - Hengelo, Bielefeld Hbf - Hengelo",8,Monday,9,0,2,2.0,1
62024,rolling stock,Rotterdam Centraal - Schiphol Airport (HSL),10,Monday,9,0,2,1.0,0
62025,rolling stock,Lelystad Centrum - Schiphol Airport,10,Monday,9,0,13,1.0,0
62026,rolling stock,"Breda - Dordrecht, Dordrecht - Roosendaal",10,Monday,9,0,3,2.0,0
62027,external,"Amsterdam Centraal - Utrecht Centraal, Amsterdam Centraal - Woerden, Schiphol Airport - Utrecht Centraal",10,Monday,9,0,4,3.0,0
62028,infrastructure,Alphen a/d Rijn - Gouda,11,Monday,9,0,6,1.0,1
62029,rolling stock,Leiden Centraal - Schiphol Airport,11,Monday,9,0,5,1.0,0
62030,external,Nijmegen - Venlo,12,Monday,9,0,5,1.0,0
62031,rolling stock,"Amsterdam Centraal - Utrecht Centraal, Amsterdam Centraal - Woerden, Schiphol Airport - Utrecht Centraal",12,Monday,9,0,4,3.0,0
62032,infrastructure,Alphen a/d Rijn - Gouda,12,Monday,9,0,6,1.0,1
62033,external,Dordrecht - Roosendaal,12,Monday,9,0,6,1.0,1
62034,external,Den Haag Centraal - Utrecht Centraal,13,Monday,9,0,13,1.0,1
62036,rolling stock,Arnhem Centraal - Nijmegen,14,Monday,9,0,5,1.0,0
62037,rolling stock,'s-Hertogenbosch - Nijmegen,14,Monday,9,0,4,1.0,0
62038,infrastructure,Leiden Centraal - Utrecht Centraal,14,Monday,9,0,2,1.0,1
62040,infrastructure,Den Haag HS - Rotterdam Centraal,14,Monday,9,0,7,1.0,1
62041,external,Leiden Centraal - Utrecht Centraal,15,Monday,9,0,3,1.0,0
62042,rolling stock,Amersfoort - Zwolle,16,Monday,9,0,5,1.0,0
62043,external,Baarn - Utrecht Centraal,17,Monday,9,0,3,1.0,0
62044,external,Den Haag Centraal - Utrecht Centraal,17,Monday,9,0,13,1.0,1
62045,infrastructure,Alphen a/d Rijn - Gouda,17,Monday,9,0,7,1.0,1
62046,infrastructure,Leiden Centraal - Utrecht Centraal,17,Monday,9,0,2,1.0,0
62047,accidents,Groningen - Eemshaven,20,Monday,9,0,4,1.0,1
62048,rolling stock,Amersfoort - Zwolle,20,Monday,9,0,11,1.0,0
62049,rolling stock,Leiden Centraal - Schiphol Airport,23,Monday,9,0,2,1.0,0
62050,infrastructure,Den Haag Centraal - Utrecht Centraal,4,Tuesday,9,0,13,1.0,1
62051,infrastructure,Apeldoorn - Zutphen,5,Tuesday,9,0,5,1.0,1
62052,infrastructure,Arnhem Centraal - Zutphen,5,Tuesday,9,0,3,1.0,1
62053,external,"Arnhem Centraal - Basel SBB, Arnhem Centraal - Düsseldorf Hbf, Arnhem Centraal - Frankfurt (M) Hbf, Arnhem Centraal - Winterswijk",6,Tuesday,9,0,5,4.0,1
62054,staff,"Bielefeld Hbf - Hengelo, Hengelo - Oldenzaal",6,Tuesday,9,0,8,2.0,1
62055,external,"Arnhem Centraal - Basel SBB, Arnhem Centraal - Düsseldorf Hbf, Arnhem Centraal - Frankfurt (M) Hbf",6,Tuesday,9,0,3,3.0,0
62056,weather,Dordrecht - Geldermalsen,8,Tuesday,9,0,8,1.0,1
62057,rolling stock,Heerlen - Maastricht,8,Tuesday,9,0,10,1.0,1
62058,rolling stock,Amersfoort - Apeldoorn,8,Tuesday,9,0,2,1.0,1
62059,rolling stock,Amersfoort - Ede-Wageningen,9,Tuesday,9,0,4,1.0,1
62060,rolling stock,'s-Hertogenbosch - Utrecht Centraal,10,Tuesday,9,0,9,1.0,0
62061,external,Groningen - Zwolle,11,Tuesday,9,0,3,1.0,1
62063,infrastructure,Amsterdam Centraal - Woerden,14,Tuesday,9,0,2,1.0,1
62064,infrastructure,"Den Haag Centraal - Utrecht Centraal, Rotterdam Centraal - Utrecht Centraal",14,Tuesday,9,0,2,2.0,0
62065,infrastructure,"Den Haag Centraal - Utrecht Centraal, Rotterdam Centraal - Utrecht Centraal",14,Tuesday,9,0,2,2.0,1
62067,rolling stock,"Amersfoort - Schiphol Airport, Lelystad Centrum - Schiphol Airport, Rotterdam Centraal - Schiphol Airport (HSL), Schiphol Airport - Utrecht Centraal",15,Tuesday,9,0,3,4.0,0
62068,rolling stock,Amersfoort - Apeldoorn,15,Tuesday,9,0,2,1.0,0
62069,external,Hengelo - Zutphen,15,Tuesday,9,0,2,1.0,1
62070,rolling stock,Amersfoort - Ede-Wageningen,16,Tuesday,9,0,4,1.0,0
62072,external,"Alkmaar - Amsterdam Centraal, Amsterdam Centraal - Haarlem, Amsterdam Centraal - Hoorn, Amsterdam Centraal - Schiphol Airport, Schiphol Airport - Zaandam",17,Tuesday,9,0,3,5.0,0
62073,rolling stock,Breda - Rotterdam Centraal (HSL),20,Tuesday,9,0,2,1.0,0
62074,external,Almelo - Deventer,20,Tuesday,9,0,4,1.0,0
62076,external,Leeuwarden - Zwolle,22,Tuesday,9,0,8,1.0,0
62077,infrastructure,Leeuwarden - Zwolle,23,Tuesday,9,0,2,1.0,0
62078,infrastructure,Deventer - Zwolle,5,Wednesday,9,0,2,1.0,1
62079,rolling stock,'s-Hertogenbosch - Nijmegen,6,Wednesday,9,0,5,1.0,0
62080,rolling stock,Amersfoort - Apeldoorn,7,Wednesday,9,0,2,1.0,0
62082,rolling stock,"Eindhoven - Venlo, Nijmegen - Venlo",7,Wednesday,9,0,2,2.0,0
62084,rolling stock,Dordrecht - Roosendaal,9,Wednesday,9,0,4,1.0,0
62085,infrastructure,Dordrecht - Rotterdam Centraal,10,Wednesday,9,0,8,1.0,1
62086,rolling stock,Dordrecht - Geldermalsen,11,Wednesday,9,0,2,1.0,0
62087,rolling stock,"Den Haag Centraal - Utrecht Centraal, Leiden Centraal - Utrecht Centraal, Rotterdam Centraal - Utrecht Centraal",12,Wednesday,9,0,5,3.0,0
62088,external,Dordrecht - Rotterdam Centraal,12,Wednesday,9,0,8,1.0,0
62092,rolling stock,"Den Haag Centraal - Utrecht Centraal, Rotterdam Centraal - Utrecht Centraal",17,Wednesday,9,0,7,2.0,0
62093,infrastructure,Roosendaal - Vlissingen,20,Wednesday,9,0,3,1.0,1
62094,infrastructure,"Apeldoorn - Zutphen, Arnhem Centraal - Zutphen, Deventer - Zutphen, Hengelo - Zutphen, Winterswijk - Zutphen",20,Wednesday,9,0,1,5.0,1
62095,rolling stock,"Eindhoven - Roermond, Roermond - Sittard",6,Thursday,9,0,9,2.0,0
62096,rolling stock,Schiphol Airport - Utrecht Centraal,6,Thursday,9,0,5,1.0,0
62097,rolling stock,Lelystad Centrum - Schiphol Airport,6,Thursday,9,0,13,1.0,0
62098,rolling stock,Rotterdam Centraal - Schiphol Airport (HSL),6,Thursday,9,0,2,1.0,0
62099,rolling stock,"Amsterdam Centraal - Schiphol Airport, Leiden Centraal - Schiphol Airport",6,Thursday,9,0,5,2.0,0
62100,rolling stock,Leeuwarden - Stavoren,8,Thursday,9,0,4,1.0,0
62101,external,Dordrecht - Rotterdam Centraal,8,Thursday,9,0,8,1.0,1
62102,rolling stock,Eindhoven - Roermond,8,Thursday,9,0,4,1.0,0
62103,infrastructure,Dordrecht - Rotterdam Centraal,9,Thursday,9,0,8,1.0,0
62104,rolling stock,"Arnhem Centraal - Basel SBB, Arnhem Centraal - Düsseldorf Hbf, Arnhem Centraal - Frankfurt (M) Hbf",9,Thursday,9,0,7,3.0,0
62105,unknown,Amersfoort - Apeldoorn,10,Thursday,9,0,2,1.0,0
62106,unknown,Roosendaal - Vlissingen,12,Thursday,9,0,5,1.0,0
62107,unknown,Groningen - Eemshaven,12,Thursday,9,0,2,1.0,1
62109,unknown,"'s-Hertogenbosch - Utrecht Centraal, Tiel - Utrecht Centraal",14,Thursday,9,0,3,2.0,0
62110,external,Dordrecht - Rotterdam Centraal,14,Thursday,9,0,8,1.0,0
62112,rolling stock,"Almere Oostvaarders - Utrecht Centraal, Amsterdam Centraal - Lelystad Centrum, Lelystad Centrum - Schiphol Airport",15,Thursday,9,0,4,3.0,0
62113,rolling stock,Eindhoven - Roermond,16,Thursday,9,0,4,1.0,0
62114,rolling stock,Den Haag HS - Rotterdam Centraal,17,Thursday,9,0,7,1.0,0
62115,external,Breda - Rotterdam Centraal (HSL),18,Thursday,9,0,2,1.0,1
62116,rolling stock,Dordrecht - Geldermalsen,18,Thursday,9,0,2,1.0,0
62117,external,"Breda - Dordrecht, Dordrecht - Roosendaal",18,Thursday,9,0,3,2.0,1
62118,external,"Den Haag Centraal - Den Haag HS, Den Haag HS - Rotterdam Centraal, Dordrecht - Rotterdam Centraal",18,Thursday,9,0,15,3.0,1
62119,external,Dordrecht - Rotterdam Centraal,18,Thursday,9,0,8,1.0,1
62120,external,Rotterdam Centraal - Schiphol Airport (HSL),18,Thursday,9,0,2,1.0,0
62121,rolling stock,"Groningen - Bad Nieuweschans, Groningen - Leer (Ostfriesland)",19,Thursday,9,0,2,2.0,0
62123,rolling stock,Leiden Centraal - Utrecht Centraal,23,Thursday,9,0,2,1.0,1
62127,infrastructure,Leeuwarden - Zwolle,7,Friday,9,0,2,1.0,0
62128,rolling stock,Groningen - Zwolle,8,Friday,9,0,4,1.0,0
62129,logistical,"Arnhem Centraal - Basel SBB, Arnhem Centraal - Düsseldorf Hbf, Arnhem Centraal - Frankfurt (M) Hbf",8,Friday,9,0,3,3.0,1
62130,rolling stock,"Breda - Dordrecht, Dordrecht - Roosendaal",9,Friday,9,0,3,2.0,0
62132,infrastructure,Leiden Centraal - Utrecht Centraal,9,Friday,9,0,2,1.0,1
62133,unknown,Eindhoven - Roermond,10,Friday,9,0,5,1.0,1
62134,accidents,Leeuwarden - Zwolle,11,Friday,9,0,2,1.0,1
62135,rolling stock,"'s-Hertogenbosch - Eindhoven, Eindhoven - Tilburg",14,Friday,9,0,4,2.0,0
62136,infrastructure,"Groningen - Bad Nieuweschans, Groningen - Leer (Ostfriesland), Groningen - Veendam, Groningen - Zwolle",15,Friday,9,0,2,4.0,1
62138,rolling stock,Eindhoven - Venlo,17,Friday,9,0,6,1.0,0
62139,infrastructure,Hengelo - Zutphen,17,Friday,9,0,3,1.0,1
62140,infrastructure,Enschede - Hengelo,18,Friday,9,0,3,1.0,1
62141,infrastructure,Leeuwarden - Stavoren,20,Friday,9,0,9,1.0,0
62142,external,Amersfoort - Ede-Wageningen,21,Friday,9,0,5,1.0,0
62143,rolling stock,Eindhoven - Roermond,6,Saturday,9,1,2,1.0,0
62144,rolling stock,"Amersfoort - Schiphol Airport, Lelystad Centrum - Schiphol Airport, Schiphol Airport - Utrecht Centraal",8,Saturday,9,1,2,3.0,0
62145,infrastructure,Amsterdam Centraal - Hoorn,8,Saturday,9,1,2,1.0,1
62147,rolling stock,Breda - Rotterdam Centraal (HSL),20,Saturday,9,1,2,1.0,0
62148,rolling stock,Breda - Rotterdam Centraal (HSL),20,Saturday,9,1,2,1.0,0
62149,infrastructure,Breda - Rotterdam Centraal (HSL),20,Saturday,9,1,2,1.0,1
62150,infrastructure,"Brussel-Zuid/Midi - Rotterdam Centraal (HSL), Paris-Nord - Rotterdam Centraal (HSL)",21,Saturday,9,1,2,2.0,0
62151,rolling stock,Haarlem - Leiden Centraal,11,Sunday,9,1,5,1.0,1
62152,rolling stock,"Den Haag Centraal - Leiden Centraal, Leiden Centraal - Schiphol Airport",11,Sunday,9,1,10,2.0,1
62153,rolling stock,Breda - Rotterdam Centraal (HSL),12,Sunday,9,1,2,1.0,1
62154,rolling stock,Roermond - Venlo,15,Sunday,9,1,2,1.0,0
62155,unknown,Haarlem - Leiden Centraal,17,Sunday,9,1,5,1.0,1
62156,unknown,Amsterdam Centraal - Hoorn,20,Sunday,9,1,2,1.0,1
62158,engineering work,"Almelo - Hengelo, Berlin Ostbahnhof - Hengelo, Bielefeld Hbf - Hengelo, Enschede - Hengelo, Hengelo - Oldenzaal, Hengelo - Zutphen",1,Monday,9,0,1,6.0,1
62159,infrastructure,Alkmaar - Amsterdam Centraal,4,Monday,9,0,4,1.0,0
62160,infrastructure,Almelo - Mariënberg,5,Monday,9,0,4,1.0,1
62161,accidents,Eindhoven - Roermond,8,Monday,9,0,2,1.0,1
62163,rolling stock,"Amersfoort - Schiphol Airport, Leiden Centraal - Schiphol Airport, Lelystad Centrum - Schiphol Airport, Schiphol Airport - Utrecht Centraal",8,Monday,9,0,3,4.0,0
62165,rolling stock,Amersfoort - Zwolle,8,Monday,9,0,3,1.0,0
62168,rolling stock,'s-Hertogenbosch - Nijmegen,10,Monday,9,0,4,1.0,1
62169,rolling stock,Arnhem Centraal - Nijmegen,11,Monday,9,0,5,1.0,1
62170,infrastructure,Amsterdam Centraal - Woerden,12,Monday,9,0,2,1.0,1
62171,infrastructure,Enkhuizen - Hoorn,12,Monday,9,0,3,1.0,0
62172,external,'s-Hertogenbosch - Eindhoven,12,Monday,9,0,3,1.0,0
62173,unknown,"Den Haag Centraal - Utrecht Centraal, Leiden Centraal - Utrecht Centraal, Rotterdam Centraal - Utrecht Centraal",12,Monday,9,0,4,3.0,1
62175,external,Eindhoven - Venlo,14,Monday,9,0,6,1.0,0
62176,rolling stock,Den Haag HS - Rotterdam Centraal,14,Monday,9,0,4,1.0,0
62177,accidents,Almere Oostvaarders - Utrecht Centraal,15,Monday,9,0,3,1.0,1
62179,rolling stock,"Amsterdam Centraal - Schiphol Airport, Schiphol Airport - Zaandam",16,Monday,9,0,3,2.0,0
62180,external,Eindhoven - Roermond,18,Monday,9,0,5,1.0,1
62181,infrastructure,Hengelo - Zutphen,18,Monday,9,0,3,1.0,1
62182,external,"'s-Hertogenbosch - Eindhoven, Eindhoven - Tilburg",18,Monday,9,0,4,2.0,0
62183,infrastructure,Breda - Rotterdam Centraal (HSL),19,Monday,9,0,2,1.0,1
62184,infrastructure,Breda - Rotterdam Centraal (HSL),21,Monday,9,0,2,1.0,0
62186,external,Amersfoort - Zwolle,22,Monday,9,0,2,1.0,0
62187,engineering work,Arnhem Centraal - Tiel,5,Tuesday,9,0,6,1.0,0
62188,rolling stock,Alphen a/d Rijn - Gouda,6,Tuesday,9,0,7,1.0,0
62189,rolling stock,Breda - Rotterdam Centraal (HSL),7,Tuesday,9,0,2,1.0,1
62190,rolling stock,Lelystad Centrum - Schiphol Airport,8,Tuesday,9,0,13,1.0,0
62191,rolling stock,"Berlin Ostbahnhof - Hengelo, Bielefeld Hbf - Hengelo, Hengelo - Oldenzaal",8,Tuesday,9,0,3,3.0,1
62192,rolling stock,Rotterdam Centraal - Schiphol Airport (HSL),9,Tuesday,9,0,2,1.0,0
62194,rolling stock,Leiden Centraal - Schiphol Airport,9,Tuesday,9,0,5,1.0,0
62195,rolling stock,Den Haag HS - Rotterdam Centraal,9,Tuesday,9,0,7,1.0,0
62196,rolling stock,Breda - Rotterdam Centraal (HSL),10,Tuesday,9,0,2,1.0,0
62197,rolling stock,Dordrecht - Rotterdam Centraal,10,Tuesday,9,0,8,1.0,0
62199,external,Den Haag Centraal - Utrecht Centraal,12,Tuesday,9,0,3,1.0,1
62200,rolling stock,"Amersfoort - Schiphol Airport, Lelystad Centrum - Schiphol Airport, Rotterdam Centraal - Schiphol Airport (HSL), Schiphol Airport - Utrecht Centraal",13,Tuesday,9,0,3,4.0,0
62201,rolling stock,"Den Haag Centraal - Den Haag HS, Den Haag HS - Rotterdam Centraal, Dordrecht - Rotterdam Centraal",13,Tuesday,9,0,15,3.0,0
62202,infrastructure,Dordrecht - Rotterdam Centraal,14,Tuesday,9,0,8,1.0,1
62204,rolling stock,Breda - Rotterdam Centraal (HSL),16,Tuesday,9,0,2,1.0,0
62205,rolling stock,Breda - Rotterdam Centraal (HSL),16,Tuesday,9,0,2,1.0,0
62206,infrastructure,Dordrecht - Rotterdam Centraal,16,Tuesday,9,0,5,1.0,1
62207,infrastructure,Breda - Rotterdam Centraal (HSL),16,Tuesday,9,0,2,1.0,1
62209,infrastructure,"'s-Hertogenbosch - Tilburg, Breda - Tilburg",16,Tuesday,9,0,6,2.0,0
62210,infrastructure,Leiden Centraal - Schiphol Airport,17,Tuesday,9,0,4,1.0,1
62211,rolling stock,Leiden Centraal - Utrecht Centraal,17,Tuesday,9,0,2,1.0,0
62212,external,"Almere Oostvaarders - Utrecht Centraal, Amersfoort - Amsterdam Centraal, Amersfoort - Schiphol Airport",18,Tuesday,9,0,4,3.0,0
62214,rolling stock,"Den Haag Centraal - Utrecht Centraal, Rotterdam Centraal - Utrecht Centraal",18,Tuesday,9,0,7,2.0,0
62215,rolling stock,"Amersfoort - Amsterdam Centraal, Amersfoort - Schiphol Airport",19,Tuesday,9,0,2,2.0,0
62216,rolling stock,Almere Oostvaarders - Utrecht Centraal,19,Tuesday,9,0,3,1.0,0
62217,rolling stock,Leiden Centraal - Utrecht Centraal,23,Tuesday,9,0,2,1.0,1
62218,unknown,"'s-Hertogenbosch - Utrecht Centraal, Tiel - Utrecht Centraal",7,Wednesday,9,0,4,2.0,1
62219,rolling stock,Leiden Centraal - Utrecht Centraal,7,Wednesday,9,0,3,1.0,1
62221,rolling stock,Almere Oostvaarders - Utrecht Centraal,7,Wednesday,9,0,8,1.0,0
62222,accidents,Den Haag Centraal - Den Haag HS,9,Wednesday,9,0,2,1.0,0
62223,rolling stock,Leiden Centraal - Utrecht Centraal,10,Wednesday,9,0,3,1.0,0
62224,external,Emmen - Zwolle,11,Wednesday,9,0,2,1.0,1
62225,infrastructure,"'s-Hertogenbosch - Eindhoven, Eindhoven - Tilburg",13,Wednesday,9,0,4,2.0,0
62226,rolling stock,Dordrecht - Geldermalsen,14,Wednesday,9,0,8,1.0,0
62227,external,"Aachen Hbf - Heerlen, Heerlen - Kerkrade Centrum, Heerlen - Maastricht, Heerlen - Sittard",15,Wednesday,9,0,1,4.0,1
62228,external,Roosendaal - Vlissingen,15,Wednesday,9,0,3,1.0,1
62229,accidents,"Berlin Ostbahnhof - Hengelo, Bielefeld Hbf - Hengelo, Hengelo - Oldenzaal",19,Wednesday,9,0,3,3.0,1
62230,external,"Groningen - Bad Nieuweschans, Groningen - Leer (Ostfriesland), Groningen - Veendam, Groningen - Zwolle",20,Wednesday,9,0,2,4.0,0
62232,rolling stock,Alkmaar - Den Helder,21,Wednesday,9,0,2,1.0,0
62233,engineering work,"Amsterdam Centraal - Lelystad Centrum, Lelystad Centrum - Schiphol Airport",4,Thursday,9,0,4,2.0,0
62234,infrastructure,Alphen a/d Rijn - Gouda,7,Thursday,9,0,6,1.0,1
62235,unknown,Breda - Tilburg,8,Thursday,9,0,5,1.0,0
62236,rolling stock,Amersfoort - Zwolle,10,Thursday,9,0,2,1.0,0
62237,infrastructure,Dordrecht - Rotterdam Centraal,10,Thursday,9,0,8,1.0,1
62238,rolling stock,Roermond - Venlo,11,Thursday,9,0,2,1.0,1
62239,rolling stock,Hamm (Westf.) - Venlo,11,Thursday,9,0,2,1.0,0
62240,rolling stock,Eindhoven - Tilburg,12,Thursday,9,0,3,1.0,0
62241,infrastructure,"Groningen - Bad Nieuweschans, Groningen - Leer (Ostfriesland), Groningen - Veendam, Groningen - Zwolle",12,Thursday,9,0,2,4.0,1
62242,rolling stock,Rotterdam Centraal - Schiphol Airport (HSL),12,Thursday,9,0,2,1.0,0
62243,rolling stock,Lelystad Centrum - Schiphol Airport,12,Thursday,9,0,13,1.0,0
62244,rolling stock,"Breda - Dordrecht, Dordrecht - Roosendaal",13,Thursday,9,0,3,2.0,0
62245,infrastructure,Delfzijl - Groningen,15,Thursday,9,0,5,1.0,1
62246,rolling stock,Den Haag Centraal - Utrecht Centraal,17,Thursday,9,0,4,1.0,0
62248,infrastructure,"Groningen - Bad Nieuweschans, Groningen - Leer (Ostfriesland)",21,Thursday,9,0,3,2.0,0
62249,rolling stock,Nijmegen - Venlo,6,Friday,9,0,7,1.0,1
62250,infrastructure,Arnhem Centraal - Nijmegen,6,Friday,9,0,5,1.0,0
62251,rolling stock,"Amsterdam Centraal - Schiphol Airport, Leiden Centraal - Schiphol Airport",15,Friday,9,0,5,2.0,0
62252,rolling stock,Dordrecht - Rotterdam Centraal,16,Friday,9,0,8,1.0,0
62253,rolling stock,Eindhoven - Tilburg,17,Friday,9,0,3,1.0,1
62255,rolling stock,Breda - Rotterdam Centraal (HSL),0,Saturday,9,1,2,1.0,0
62257,rolling stock,Apeldoorn - Deventer,9,Saturday,9,1,4,1.0,1
62258,accidents,Groningen - Zwolle,20,Saturday,9,1,4,1.0,0
62260,engineering work,"'s-Hertogenbosch - Utrecht Centraal, Amsterdam Centraal - Utrecht Centraal",8,Sunday,9,1,19,2.0,1
62261,infrastructure,Groningen - Leeuwarden,14,Sunday,9,1,2,1.0,1
62262,external,"Amsterdam Centraal - Lelystad Centrum, Lelystad Centrum - Schiphol Airport",15,Sunday,9,1,4,2.0,1
62263,external,Amersfoort - Zwolle,22,Sunday,9,1,7,1.0,0
62265,engineering work,"Arnhem Centraal - Utrecht Centraal, Rhenen - Utrecht Centraal",4,Monday,9,0,4,2.0,0
62266,infrastructure,"Arnhem Centraal - Utrecht Centraal, Rhenen - Utrecht Centraal",5,Monday,9,0,4,2.0,1
62267,infrastructure,Amsterdam Centraal - Utrecht Centraal,6,Monday,9,0,11,1.0,1
62268,rolling stock,"Almere Oostvaarders - Utrecht Centraal, Amsterdam Centraal - Lelystad Centrum, Lelystad Centrum - Schiphol Airport",7,Monday,9,0,5,3.0,1
62269,rolling stock,Roermond - Venlo,8,Monday,9,0,2,1.0,0
62270,infrastructure,"Arnhem Centraal - Nijmegen, Arnhem Centraal - Tiel",9,Monday,9,0,3,2.0,1
62271,infrastructure,Amsterdam Centraal - Haarlem,9,Monday,9,0,4,1.0,1
62272,unknown,Arnhem Centraal - Nijmegen,9,Monday,9,0,5,1.0,0
62273,staff,"Berlin Ostbahnhof - Hengelo, Bielefeld Hbf - Hengelo, Hengelo - Oldenzaal",11,Monday,9,0,4,3.0,1
62274,rolling stock,Kampen - Zwolle,12,Monday,9,0,3,1.0,0
62275,rolling stock,"Breda - Dordrecht, Dordrecht - Roosendaal",12,Monday,9,0,3,2.0,0
62276,rolling stock,"Den Haag Centraal - Den Haag HS, Den Haag HS - Rotterdam Centraal, Dordrecht - Rotterdam Centraal",12,Monday,9,0,15,3.0,0
62277,rolling stock,Breda - Rotterdam Centraal (HSL),12,Monday,9,0,2,1.0,0
62278,infrastructure,Den Haag Centraal - Utrecht Centraal,12,Monday,9,0,7,1.0,1
62280,rolling stock,Amsterdam Centraal - Lelystad Centrum,17,Monday,9,0,8,1.0,0
62283,rolling stock,Hamm (Westf.) - Venlo,19,Monday,9,0,2,1.0,0
62284,rolling stock,Leiden Centraal - Schiphol Airport,19,Monday,9,0,4,1.0,0
62285,external,Den Haag Centraal - Leiden Centraal,19,Monday,9,0,6,1.0,0
62286,external,Haarlem - Leiden Centraal,19,Monday,9,0,4,1.0,0
62287,external,Breda - Rotterdam Centraal (HSL),20,Monday,9,0,2,1.0,1
62289,rolling stock,Almelo - Zwolle,7,Tuesday,9,0,5,1.0,0
62290,rolling stock,"Den Haag Centraal - Leiden Centraal, Den Haag HS - Leiden Centraal",8,Tuesday,9,0,5,2.0,0
62291,rolling stock,"Almere Oostvaarders - Utrecht Centraal, Amsterdam Centraal - Lelystad Centrum, Lelystad Centrum - Schiphol Airport",8,Tuesday,9,0,5,3.0,0
62292,infrastructure,"Arnhem Centraal - Nijmegen, Arnhem Centraal - Tiel",9,Tuesday,9,0,3,2.0,0
62293,rolling stock,Rotterdam Centraal - Schiphol Airport (HSL),9,Tuesday,9,0,2,1.0,0
62294,unknown,Arnhem Centraal - Nijmegen,9,Tuesday,9,0,5,1.0,0
62295,rolling stock,"Den Haag Centraal - Den Haag HS, Den Haag HS - Rotterdam Centraal, Dordrecht - Rotterdam Centraal",9,Tuesday,9,0,15,3.0,0
62296,rolling stock,"Amersfoort - Schiphol Airport, Lelystad Centrum - Schiphol Airport, Rotterdam Centraal - Schiphol Airport (HSL), Schiphol Airport - Utrecht Centraal",10,Tuesday,9,0,3,4.0,0
62297,rolling stock,Eindhoven - Tilburg,12,Tuesday,9,0,3,1.0,0
62299,accidents,Breda - Tilburg,13,Tuesday,9,0,3,1.0,1
62300,logistical,Leiden Centraal - Utrecht Centraal,14,Tuesday,9,0,7,1.0,1
62301,rolling stock,Amersfoort - Zwolle,16,Tuesday,9,0,2,1.0,0
62302,rolling stock,Roermond - Venlo,16,Tuesday,9,0,5,1.0,0
62303,infrastructure,Harlingen Haven - Leeuwarden,17,Tuesday,9,0,2,1.0,1
62304,infrastructure,Roermond - Venlo,20,Tuesday,9,0,2,1.0,1
62307,infrastructure,"Amersfoort - Apeldoorn, Apeldoorn - Deventer",5,Wednesday,10,0,5,2.0,1
62310,rolling stock,"Eindhoven - Roermond, Roermond - Sittard",7,Wednesday,10,0,9,2.0,0
62311,rolling stock,"Amersfoort - Schiphol Airport, Lelystad Centrum - Schiphol Airport, Schiphol Airport - Utrecht Centraal",7,Wednesday,10,0,2,3.0,0
62312,rolling stock,Eindhoven - Venlo,8,Wednesday,10,0,4,1.0,0
62315,external,Almelo - Zwolle,9,Wednesday,10,0,2,1.0,0
62316,infrastructure,Den Haag HS - Rotterdam Centraal,14,Wednesday,10,0,7,1.0,1
62317,rolling stock,"Amersfoort - Schiphol Airport, Lelystad Centrum - Schiphol Airport, Rotterdam Centraal - Schiphol Airport (HSL), Schiphol Airport - Utrecht Centraal",15,Wednesday,10,0,3,4.0,1
62318,accidents,Haarlem - Leiden Centraal,15,Wednesday,10,0,4,1.0,1
62319,accidents,Den Haag Centraal - Leiden Centraal,15,Wednesday,10,0,6,1.0,1
62320,rolling stock,Arnhem Centraal - Nijmegen,16,Wednesday,10,0,3,1.0,0
62321,rolling stock,Antwerpen-Centraal - Roosendaal,16,Wednesday,10,0,12,1.0,0
62322,infrastructure,Almelo - Zwolle,16,Wednesday,10,0,6,1.0,0
62323,infrastructure,Almelo - Zwolle,18,Wednesday,10,0,5,1.0,0
62325,rolling stock,"Breda - Dordrecht, Dordrecht - Roosendaal",20,Wednesday,10,0,3,2.0,0
62326,rolling stock,"Amersfoort - Schiphol Airport, Lelystad Centrum - Schiphol Airport, Rotterdam Centraal - Schiphol Airport (HSL), Schiphol Airport - Utrecht Centraal",22,Wednesday,10,0,3,4.0,0
62327,rolling stock,"Den Haag Centraal - Den Haag HS, Den Haag HS - Rotterdam Centraal, Dordrecht - Rotterdam Centraal",22,Wednesday,10,0,15,3.0,0
62328,accidents,Groningen - Zwolle,1,Thursday,10,0,3,1.0,1
62329,infrastructure,Hengelo - Zutphen,6,Thursday,10,0,2,1.0,1
62330,external,Breda - Rotterdam Centraal (HSL),7,Thursday,10,0,2,1.0,1
62331,external,Breda - Dordrecht,8,Thursday,10,0,3,1.0,1
62333,accidents,Alphen a/d Rijn - Gouda,8,Thursday,10,0,6,1.0,1
62334,accidents,"Groningen - Bad Nieuweschans, Groningen - Leer (Ostfriesland)",8,Thursday,10,0,3,2.0,1
62337,infrastructure,Dordrecht - Geldermalsen,13,Thursday,10,0,3,1.0,1
62338,rolling stock,"Den Haag Centraal - Utrecht Centraal, Rotterdam Centraal - Utrecht Centraal",13,Thursday,10,0,3,2.0,0
62339,external,Groningen - Zwolle,13,Thursday,10,0,4,1.0,0
62340,rolling stock,"Amsterdam Centraal - Lelystad Centrum, Lelystad Centrum - Schiphol Airport",13,Thursday,10,0,4,2.0,0
62341,unknown,Arnhem Centraal - Zutphen,17,Thursday,10,0,3,1.0,0
62342,external,Alkmaar - Amsterdam Centraal,18,Thursday,10,0,3,1.0,0
62344,external,Den Haag Centraal - Utrecht Centraal,19,Thursday,10,0,3,1.0,1
62345,infrastructure,Eindhoven - Tilburg,19,Thursday,10,0,3,1.0,0
62346,accidents,Aachen Hbf - Heerlen,20,Thursday,10,0,5,1.0,1
62347,external,"Amersfoort - Schiphol Airport, Amsterdam Centraal - Schiphol Airport, Leiden Centraal - Schiphol Airport, Lelystad Centrum - Schiphol Airport, Rotterdam Centraal - Schiphol Airport (HSL), Schiphol Airport - Utrecht Centraal, Schiphol Airport - Zaandam",20,Thursday,10,0,2,7.0,1
62348,external,Almelo - Hengelo,21,Thursday,10,0,4,1.0,0
62349,accidents,Dordrecht - Roosendaal,23,Thursday,10,0,6,1.0,1
62350,rolling stock,Aachen Hbf - Heerlen,3,Friday,10,0,6,1.0,1
62351,infrastructure,"Almere Oostvaarders - Utrecht Centraal, Amsterdam Centraal - Lelystad Centrum, Lelystad Centrum - Schiphol Airport",5,Friday,10,0,4,3.0,0
62352,rolling stock,"Almere Oostvaarders - Utrecht Centraal, Amsterdam Centraal - Lelystad Centrum, Lelystad Centrum - Schiphol Airport",7,Friday,10,0,5,3.0,1
62353,rolling stock,"Amersfoort - Amsterdam Centraal, Amsterdam Centraal - Lelystad Centrum",7,Friday,10,0,5,2.0,0
62354,rolling stock,Amersfoort - Zwolle,7,Friday,10,0,10,1.0,0
62355,rolling stock,Roermond - Sittard,8,Friday,10,0,4,1.0,1
62356,rolling stock,Arnhem Centraal - Nijmegen,9,Friday,10,0,3,1.0,0
62357,external,"Arnhem Centraal - Basel SBB, Arnhem Centraal - Düsseldorf Hbf, Arnhem Centraal - Frankfurt (M) Hbf, Arnhem Centraal - Winterswijk",9,Friday,10,0,3,4.0,0
62359,accidents,Haarlem - Leiden Centraal,10,Friday,10,0,4,1.0,1
62360,rolling stock,"Almere Oostvaarders - Utrecht Centraal, Amsterdam Centraal - Lelystad Centrum, Lelystad Centrum - Schiphol Airport",10,Friday,10,0,4,3.0,0
62361,accidents,Den Haag Centraal - Leiden Centraal,10,Friday,10,0,6,1.0,1
62362,unknown,Arnhem Centraal - Utrecht Centraal,14,Friday,10,0,4,1.0,0
62363,rolling stock,Rotterdam Centraal - Schiphol Airport (HSL),18,Friday,10,0,2,1.0,0
62365,accidents,Eindhoven - Tilburg,21,Friday,10,0,3,1.0,1
62366,accidents,Nijmegen - Venlo,6,Saturday,10,1,3,1.0,1
62368,infrastructure,"Groningen - Bad Nieuweschans, Groningen - Leer (Ostfriesland), Groningen - Veendam, Groningen - Zwolle",8,Saturday,10,1,2,4.0,1
62370,rolling stock,Eindhoven - Roermond,10,Saturday,10,1,5,1.0,0
62371,external,Roosendaal - Vlissingen,11,Saturday,10,1,4,1.0,1
62372,infrastructure,Groningen - Eemshaven,13,Saturday,10,1,2,1.0,0
62373,rolling stock,Breda - Rotterdam Centraal (HSL),14,Saturday,10,1,2,1.0,1
62374,rolling stock,Groningen - Leeuwarden,16,Saturday,10,1,6,1.0,0
62375,rolling stock,Den Haag Centraal - Den Haag HS,17,Saturday,10,1,2,1.0,0
62376,rolling stock,Breda - Rotterdam Centraal (HSL),17,Saturday,10,1,2,1.0,1
62378,rolling stock,Eindhoven - Tilburg,19,Saturday,10,1,3,1.0,0
62379,infrastructure,"Arnhem Centraal - Basel SBB, Arnhem Centraal - Düsseldorf Hbf, Arnhem Centraal - Frankfurt (M) Hbf, Arnhem Centraal - Innsbruck Hbf, Arnhem Centraal - Nijmegen, Arnhem Centraal - Tiel, Arnhem Centraal - Utrecht Centraal, Arnhem Centraal - Wien Hbf, Arnhem Centraal - Winterswijk, Arnhem Centraal - Zutphen, Arnhem Centraal - Zürich HB",22,Saturday,10,1,2,11.0,0
62380,rolling stock,Breda - Rotterdam Centraal (HSL),7,Sunday,10,1,2,1.0,0
62381,infrastructure,"Liège-Guillemins - Maastricht, Maastricht - Maastricht Randwyck",8,Sunday,10,1,2,2.0,0
62382,infrastructure,Maastricht - Sittard,9,Sunday,10,1,5,1.0,1
62383,rolling stock,Amsterdam Centraal - Haarlem,9,Sunday,10,1,4,1.0,0
62384,infrastructure,"Heerlen - Maastricht, Liège-Guillemins - Maastricht, Maastricht - Maastricht Randwyck",10,Sunday,10,1,6,3.0,1
62385,rolling stock,"Amersfoort - Amsterdam Centraal, Amersfoort - Schiphol Airport",10,Sunday,10,1,2,2.0,0
62386,rolling stock,"Almere Oostvaarders - Utrecht Centraal, Amsterdam Centraal - Lelystad Centrum, Lelystad Centrum - Schiphol Airport",11,Sunday,10,1,5,3.0,0
62387,external,Rotterdam Centraal - Utrecht Centraal,13,Sunday,10,1,4,1.0,0
62389,rolling stock,Breda - Rotterdam Centraal (HSL),18,Sunday,10,1,2,1.0,1
62390,rolling stock,"Almere Oostvaarders - Utrecht Centraal, Amsterdam Centraal - Lelystad Centrum, Lelystad Centrum - Schiphol Airport",18,Sunday,10,1,5,3.0,1
62391,rolling stock,Amsterdam Centraal - Schiphol Airport,20,Sunday,10,1,4,1.0,0
62392,rolling stock,Breda - Tilburg,20,Sunday,10,1,5,1.0,0
62393,infrastructure,"Amersfoort - Apeldoorn, Apeldoorn - Deventer",7,Monday,10,0,5,2.0,1
62395,rolling stock,Leiden Centraal - Utrecht Centraal,7,Monday,10,0,3,1.0,0
62396,infrastructure,"Amersfoort - Amsterdam Centraal, Amersfoort - Schiphol Airport",11,Monday,10,0,2,2.0,0
62397,rolling stock,Heerlen - Maastricht,12,Monday,10,0,10,1.0,1
62398,rolling stock,"Amersfoort - Schiphol Airport, Lelystad Centrum - Schiphol Airport, Schiphol Airport - Utrecht Centraal",12,Monday,10,0,2,3.0,0
62399,external,"Amsterdam Centraal - Utrecht Centraal, Amsterdam Centraal - Woerden",13,Monday,10,0,8,2.0,0
62400,infrastructure,Heerlen - Sittard,14,Monday,10,0,7,1.0,1
62402,rolling stock,Rotterdam Centraal - Utrecht Centraal,20,Monday,10,0,6,1.0,0
62403,external,"Almere Oostvaarders - Utrecht Centraal, Amsterdam Centraal - Lelystad Centrum, Lelystad Centrum - Schiphol Airport",21,Monday,10,0,4,3.0,1
62404,rolling stock,Eindhoven - Venlo,7,Tuesday,10,0,3,1.0,0
62405,rolling stock,"Arnhem Centraal - Basel SBB, Arnhem Centraal - Düsseldorf Hbf, Arnhem Centraal - Frankfurt (M) Hbf",8,Tuesday,10,0,3,3.0,0
62406,rolling stock,"Groningen - Bad Nieuweschans, Groningen - Leer (Ostfriesland)",9,Tuesday,10,0,3,2.0,0
62407,rolling stock,Amsterdam Centraal - Schiphol Airport,12,Tuesday,10,0,4,1.0,0
62408,infrastructure,'s-Hertogenbosch - Nijmegen,13,Tuesday,10,0,5,1.0,1
62409,infrastructure,Winterswijk - Zutphen,14,Tuesday,10,0,2,1.0,1
62410,rolling stock,"Arnhem Centraal - Utrecht Centraal, Rhenen - Utrecht Centraal",15,Tuesday,10,0,4,2.0,0
62411,infrastructure,Den Haag HS - Rotterdam Centraal,15,Tuesday,10,0,6,1.0,1
62412,rolling stock,"Amsterdam Centraal - Utrecht Centraal, Schiphol Airport - Utrecht Centraal",15,Tuesday,10,0,4,2.0,0
62413,external,Roosendaal - Vlissingen,19,Tuesday,10,0,11,1.0,0
62415,rolling stock,Apeldoorn - Deventer,21,Tuesday,10,0,4,1.0,0
62416,rolling stock,Roermond - Sittard,21,Tuesday,10,0,4,1.0,0
62417,engineering work,Schiphol Airport - Utrecht Centraal,1,Wednesday,10,0,11,1.0,1
62418,staff,Aachen Hbf - Heerlen,4,Wednesday,10,0,6,1.0,1
62422,infrastructure,"Den Haag Centraal - Den Haag HS, Den Haag Centraal - Leiden Centraal, Den Haag HS - Leiden Centraal, Den Haag HS - Rotterdam Centraal",5,Wednesday,10,0,13,4.0,0
62423,infrastructure,Den Haag Centraal - Leiden Centraal,5,Wednesday,10,0,6,1.0,0
62424,infrastructure,Den Haag Centraal - Leiden Centraal,5,Wednesday,10,0,6,1.0,1
62425,external,Dordrecht - Rotterdam Centraal,7,Wednesday,10,0,5,1.0,0
62427,infrastructure,"Amsterdam Centraal - Schiphol Airport, Rotterdam Centraal - Schiphol Airport (HSL)",7,Wednesday,10,0,5,2.0,1
62429,external,Breda - Rotterdam Centraal (HSL),8,Wednesday,10,0,2,1.0,0
62431,rolling stock,"'s-Hertogenbosch - Utrecht Centraal, Arnhem Centraal - Utrecht Centraal, Rhenen - Utrecht Centraal, Tiel - Utrecht Centraal",8,Wednesday,10,0,2,4.0,0
62432,infrastructure,Groningen - Veendam,9,Wednesday,10,0,2,1.0,0
62433,infrastructure,Amersfoort - Ede-Wageningen,11,Wednesday,10,0,4,1.0,1
62434,infrastructure,Amersfoort - Apeldoorn,11,Wednesday,10,0,2,1.0,1
62435,unknown,Den Haag HS - Rotterdam Centraal,11,Wednesday,10,0,4,1.0,0
62436,infrastructure,Hengelo - Zutphen,12,Wednesday,10,0,6,1.0,0
62439,external,"Amsterdam Centraal - Utrecht Centraal, Amsterdam Centraal - Woerden",13,Wednesday,10,0,4,2.0,0
62440,accidents,"Almere Oostvaarders - Utrecht Centraal, Amsterdam Centraal - Lelystad Centrum, Lelystad Centrum - Schiphol Airport",13,Wednesday,10,0,4,3.0,1
62441,external,"Almere Oostvaarders - Utrecht Centraal, Hilversum - Utrecht Centraal",13,Wednesday,10,0,5,2.0,0
62442,rolling stock,"Amsterdam Centraal - Lelystad Centrum, Lelystad Centrum - Schiphol Airport",13,Wednesday,10,0,4,2.0,0
62444,accidents,Breda - Tilburg,16,Wednesday,10,0,3,1.0,1
62445,accidents,Leiden Centraal - Utrecht Centraal,16,Wednesday,10,0,7,1.0,0
62446,external,Amersfoort - Utrecht Centraal,17,Wednesday,10,0,2,1.0,0
62447,external,Amersfoort - Zwolle,17,Wednesday,10,0,2,1.0,0
62448,external,"Alkmaar - Amsterdam Centraal, Amersfoort - Amsterdam Centraal, Amsterdam Centraal - Haarlem, Amsterdam Centraal - Hoorn, Amsterdam Centraal - Lelystad Centrum, Amsterdam Centraal - Schiphol Airport, Amsterdam Centraal - Utrecht Centraal, Amsterdam Centraal - Woerden",19,Wednesday,10,0,3,8.0,1
62449,external,"Alkmaar - Amsterdam Centraal, Amersfoort - Amsterdam Centraal, Amsterdam Centraal - Haarlem, Amsterdam Centraal - Hoorn, Amsterdam Centraal - Lelystad Centrum, Amsterdam Centraal - Schiphol Airport, Amsterdam Centraal - Utrecht Centraal, Amsterdam Centraal - Woerden",19,Wednesday,10,0,3,8.0,1
62450,rolling stock,"Den Haag Centraal - Utrecht Centraal, Rotterdam Centraal - Utrecht Centraal",19,Wednesday,10,0,3,2.0,0
62451,rolling stock,Leeuwarden - Zwolle,21,Wednesday,10,0,9,1.0,0
62453,engineering work,"Amersfoort - Schiphol Airport, Amsterdam Centraal - Schiphol Airport, Leiden Centraal - Schiphol Airport, Lelystad Centrum - Schiphol Airport, Rotterdam Centraal - Schiphol Airport (HSL), Schiphol Airport - Utrecht Centraal, Schiphol Airport - Zaandam",1,Thursday,10,0,2,7.0,1
62454,infrastructure,Enkhuizen - Hoorn,6,Thursday,10,0,5,1.0,1
62455,rolling stock,Roermond - Venlo,7,Thursday,10,0,2,1.0,0
62456,rolling stock,Groningen - Zwolle,7,Thursday,10,0,4,1.0,1
62457,rolling stock,"Arnhem Centraal - Basel SBB, Arnhem Centraal - Düsseldorf Hbf, Arnhem Centraal - Frankfurt (M) Hbf",7,Thursday,10,0,7,3.0,1
62458,staff,Hamm (Westf.) - Venlo,8,Thursday,10,0,2,1.0,1
62461,accidents,Emmen - Zwolle,10,Thursday,10,0,3,1.0,1
62462,infrastructure,Dordrecht - Rotterdam Centraal,10,Thursday,10,0,5,1.0,1
62463,infrastructure,Breda - Rotterdam Centraal (HSL),10,Thursday,10,0,2,1.0,1
62464,accidents,Emmen - Zwolle,11,Thursday,10,0,2,1.0,0
62466,infrastructure,Breda - Tilburg,11,Thursday,10,0,5,1.0,0
62467,rolling stock,Arnhem Centraal - Utrecht Centraal,11,Thursday,10,0,3,1.0,0
62469,rolling stock,Kampen - Zwolle,12,Thursday,10,0,3,1.0,0
62470,infrastructure,Emmen - Zwolle,15,Thursday,10,0,2,1.0,1
62471,external,"Delfzijl - Groningen, Groningen - Eemshaven",16,Thursday,10,0,3,2.0,0
62472,unknown,"Amsterdam Centraal - Lelystad Centrum, Lelystad Centrum - Schiphol Airport",17,Thursday,10,0,4,2.0,1
62473,rolling stock,"Amsterdam Centraal - Schiphol Airport, Leiden Centraal - Schiphol Airport, Schiphol Airport - Zaandam",18,Thursday,10,0,4,3.0,0
62474,rolling stock,Schiphol Airport - Utrecht Centraal,18,Thursday,10,0,5,1.0,0
62475,rolling stock,Amersfoort - Schiphol Airport,18,Thursday,10,0,10,1.0,0
62476,rolling stock,Leiden Centraal - Schiphol Airport,18,Thursday,10,0,5,1.0,0
62477,rolling stock,Den Haag Centraal - Leiden Centraal,18,Thursday,10,0,6,1.0,0
62478,rolling stock,"Den Haag Centraal - Den Haag HS, Den Haag Centraal - Leiden Centraal, Den Haag HS - Leiden Centraal, Den Haag HS - Rotterdam Centraal",18,Thursday,10,0,13,4.0,0
62479,accidents,"Arnhem Centraal - Basel SBB, Arnhem Centraal - Düsseldorf Hbf, Arnhem Centraal - Frankfurt (M) Hbf",18,Thursday,10,0,3,3.0,1
62480,rolling stock,Breda - Rotterdam Centraal (HSL),20,Thursday,10,0,2,1.0,0
62482,external,Dordrecht - Rotterdam Centraal,5,Friday,10,0,2,1.0,1
62485,rolling stock,Roermond - Venlo,9,Friday,10,0,2,1.0,0
62488,external,Leiden Centraal - Schiphol Airport,16,Friday,10,0,2,1.0,0
62489,rolling stock,Groningen - Leeuwarden,17,Friday,10,0,6,1.0,1
62490,external,Breda - Dordrecht,18,Friday,10,0,3,1.0,0
62491,external,"Almere Oostvaarders - Utrecht Centraal, Amsterdam Centraal - Lelystad Centrum, Lelystad Centrum - Schiphol Airport",18,Friday,10,0,5,3.0,0
62493,infrastructure,Almelo - Deventer,19,Friday,10,0,4,1.0,0
62497,accidents,Leeuwarden - Zwolle,9,Saturday,10,1,2,1.0,1
62498,rolling stock,Den Haag HS - Rotterdam Centraal,10,Saturday,10,1,4,1.0,0
62499,infrastructure,"Amersfoort - Schiphol Airport, Amsterdam Centraal - Schiphol Airport, Leiden Centraal - Schiphol Airport, Lelystad Centrum - Schiphol Airport, Rotterdam Centraal - Schiphol Airport (HSL), Schiphol Airport - Utrecht Centraal, Schiphol Airport - Zaandam",12,Saturday,10,1,2,7.0,1
62500,infrastructure,Den Haag Centraal - Leiden Centraal,12,Saturday,10,1,6,1.0,0
62501,rolling stock,Amsterdam Centraal - Haarlem,13,Saturday,10,1,5,1.0,0
62502,infrastructure,Leiden Centraal - Schiphol Airport,14,Saturday,10,1,4,1.0,1
62503,accidents,Haarlem - Leiden Centraal,14,Saturday,10,1,5,1.0,1
62505,infrastructure,Alkmaar - Den Helder,15,Saturday,10,1,3,1.0,1
62506,unknown,"'s-Hertogenbosch - Utrecht Centraal, Tiel - Utrecht Centraal",18,Saturday,10,1,3,2.0,0
62507,external,"Almere Oostvaarders - Utrecht Centraal, Amersfoort - Amsterdam Centraal, Amersfoort - Schiphol Airport",20,Saturday,10,1,4,3.0,0
62508,infrastructure,Amsterdam Centraal - Woerden,22,Saturday,10,1,7,1.0,1
62509,rolling stock,Breda - Rotterdam Centraal (HSL),22,Saturday,10,1,2,1.0,0
62510,infrastructure,Den Haag Centraal - Utrecht Centraal,22,Saturday,10,1,3,1.0,1
62511,external,Rotterdam Centraal - Schiphol Airport (HSL),10,Sunday,10,1,2,1.0,0
62512,infrastructure,Haarlem - Leiden Centraal,13,Sunday,10,1,5,1.0,0
62513,unknown,Haarlem - Leiden Centraal,14,Sunday,10,1,5,1.0,1
62515,engineering work,Amsterdam Centraal - Haarlem,15,Sunday,10,1,5,1.0,1
62516,external,Alkmaar - Amsterdam Centraal,17,Sunday,10,1,4,1.0,0
62519,rolling stock,Amsterdam Centraal - Lelystad Centrum,23,Sunday,10,1,8,1.0,0
62520,rolling stock,Almere Oostvaarders - Utrecht Centraal,23,Sunday,10,1,3,1.0,0
62521,rolling stock,"Amersfoort - Schiphol Airport, Amsterdam Centraal - Schiphol Airport, Leiden Centraal - Schiphol Airport, Lelystad Centrum - Schiphol Airport, Rotterdam Centraal - Schiphol Airport (HSL), Schiphol Airport - Utrecht Centraal, Schiphol Airport - Zaandam",6,Monday,10,0,2,7.0,1
62522,rolling stock,Leeuwarden - Stavoren,6,Monday,10,0,6,1.0,0
62523,infrastructure,Groningen - Leeuwarden,7,Monday,10,0,2,1.0,1
62525,rolling stock,Amersfoort - Schiphol Airport,7,Monday,10,0,10,1.0,1
62526,rolling stock,Schiphol Airport - Utrecht Centraal,7,Monday,10,0,5,1.0,1
62527,rolling stock,Leiden Centraal - Schiphol Airport,7,Monday,10,0,5,1.0,1
62528,rolling stock,"Den Haag Centraal - Den Haag HS, Den Haag Centraal - Leiden Centraal, Den Haag HS - Leiden Centraal, Den Haag HS - Rotterdam Centraal",7,Monday,10,0,13,4.0,1
62529,rolling stock,Den Haag Centraal - Leiden Centraal,7,Monday,10,0,6,1.0,0
62531,rolling stock,Alkmaar - Amsterdam Centraal,8,Monday,10,0,4,1.0,0
62532,rolling stock,Den Haag Centraal - Leiden Centraal,8,Monday,10,0,6,1.0,1
62533,infrastructure,Almelo - Zwolle,9,Monday,10,0,2,1.0,1
62534,infrastructure,Almelo - Hengelo,9,Monday,10,0,4,1.0,0
62535,infrastructure,Enschede - Hengelo,9,Monday,10,0,3,1.0,0
62536,rolling stock,Breda - Rotterdam Centraal (HSL),10,Monday,10,0,2,1.0,0
62537,rolling stock,"Den Haag Centraal - Den Haag HS, Den Haag HS - Rotterdam Centraal, Dordrecht - Rotterdam Centraal",10,Monday,10,0,15,3.0,0
62538,infrastructure,Rhenen - Utrecht Centraal,10,Monday,10,0,2,1.0,1
62539,infrastructure,Harlingen Haven - Leeuwarden,12,Monday,10,0,3,1.0,1
62541,infrastructure,Dordrecht - Rotterdam Centraal,14,Monday,10,0,8,1.0,0
62542,accidents,Leeuwarden - Zwolle,14,Monday,10,0,2,1.0,1
62543,external,"Amsterdam Centraal - Schiphol Airport, Leiden Centraal - Schiphol Airport",16,Monday,10,0,5,2.0,0
62544,rolling stock,Leeuwarden - Stavoren,19,Monday,10,0,6,1.0,1
62545,rolling stock,Breda - Tilburg,19,Monday,10,0,5,1.0,0
62546,infrastructure,Groningen - Leeuwarden,19,Monday,10,0,2,1.0,0
62548,external,Almelo - Deventer,22,Monday,10,0,4,1.0,0
62549,rolling stock,Almelo - Deventer,22,Monday,10,0,6,1.0,1
62550,rolling stock,Leiden Centraal - Schiphol Airport,8,Tuesday,10,0,2,1.0,0
62551,rolling stock,"'s-Hertogenbosch - Eindhoven, Eindhoven - Tilburg",9,Tuesday,10,0,4,2.0,0
62553,rolling stock,Eindhoven - Venlo,9,Tuesday,10,0,7,1.0,0
62554,external,Breda - Rotterdam Centraal (HSL),12,Tuesday,10,0,2,1.0,1
62555,external,"Den Haag Centraal - Den Haag HS, Den Haag HS - Rotterdam Centraal, Dordrecht - Rotterdam Centraal",12,Tuesday,10,0,15,3.0,0
62557,rolling stock,Amersfoort - Apeldoorn,14,Tuesday,10,0,2,1.0,1
62558,rolling stock,Amersfoort - Ede-Wageningen,14,Tuesday,10,0,4,1.0,1
62559,engineering work,Enschede - Hengelo,15,Tuesday,10,0,3,1.0,1
62560,infrastructure,Amersfoort - Ede-Wageningen,17,Tuesday,10,0,2,1.0,0
62561,external,Dordrecht - Roosendaal,17,Tuesday,10,0,4,1.0,1
62562,external,"Almere Oostvaarders - Utrecht Centraal, Amsterdam Centraal - Lelystad Centrum, Lelystad Centrum - Schiphol Airport",17,Tuesday,10,0,5,3.0,0
62563,rolling stock,"Groningen - Bad Nieuweschans, Groningen - Leer (Ostfriesland)",17,Tuesday,10,0,2,2.0,0
62564,logistical,"Almere Oostvaarders - Utrecht Centraal, Amsterdam Centraal - Lelystad Centrum, Lelystad Centrum - Schiphol Airport",18,Tuesday,10,0,3,3.0,1
62565,rolling stock,"Groningen - Bad Nieuweschans, Groningen - Leer (Ostfriesland)",18,Tuesday,10,0,2,2.0,0
62566,rolling stock,Rotterdam Centraal - Utrecht Centraal,19,Tuesday,10,0,6,1.0,0
62567,rolling stock,Breda - Tilburg,19,Tuesday,10,0,5,1.0,0
62568,accidents,Breda - Roosendaal,20,Tuesday,10,0,3,1.0,1
62569,accidents,Amersfoort - Apeldoorn,23,Tuesday,10,0,2,1.0,0
62570,engineering work,"Amsterdam Centraal - Haarlem, Amsterdam Centraal - Schiphol Airport, Haarlem - Leiden Centraal, Leiden Centraal - Schiphol Airport",1,Wednesday,10,0,14,4.0,1
62571,engineering work,Den Haag Centraal - Utrecht Centraal,5,Wednesday,10,0,4,1.0,0
62572,rolling stock,'s-Hertogenbosch - Nijmegen,6,Wednesday,10,0,5,1.0,1
62573,rolling stock,Roermond - Venlo,7,Wednesday,10,0,2,1.0,0
62574,accidents,Roermond - Sittard,7,Wednesday,10,0,2,1.0,1
62575,rolling stock,'s-Hertogenbosch - Nijmegen,7,Wednesday,10,0,6,1.0,0
62576,rolling stock,Almelo - Hengelo,8,Wednesday,10,0,4,1.0,0
62577,rolling stock,Groningen - Leeuwarden,8,Wednesday,10,0,3,1.0,0
62578,unknown,Apeldoorn - Deventer,9,Wednesday,10,0,4,1.0,1
62579,unknown,Arnhem Centraal - Winterswijk,10,Wednesday,10,0,5,1.0,0
62580,infrastructure,Apeldoorn - Zutphen,10,Wednesday,10,0,5,1.0,0
62581,infrastructure,Arnhem Centraal - Zutphen,10,Wednesday,10,0,3,1.0,0
62582,rolling stock,Roosendaal - Vlissingen,11,Wednesday,10,0,11,1.0,0
62583,unknown,Arnhem Centraal - Nijmegen,11,Wednesday,10,0,5,1.0,0
62584,rolling stock,Harlingen Haven - Leeuwarden,12,Wednesday,10,0,4,1.0,0
62585,rolling stock,"'s-Hertogenbosch - Utrecht Centraal, Tiel - Utrecht Centraal",12,Wednesday,10,0,4,2.0,0
62586,rolling stock,"'s-Hertogenbosch - Utrecht Centraal, Tiel - Utrecht Centraal",12,Wednesday,10,0,4,2.0,1
62587,infrastructure,"Amsterdam Centraal - Schiphol Airport, Leiden Centraal - Schiphol Airport",13,Wednesday,10,0,5,2.0,1
62588,rolling stock,Breda - Rotterdam Centraal (HSL),16,Wednesday,10,0,2,1.0,0
62591,rolling stock,Antwerpen-Centraal - Roosendaal,17,Wednesday,10,0,12,1.0,0
62592,external,Arnhem Centraal - Nijmegen,18,Wednesday,10,0,5,1.0,0
62593,infrastructure,Breda - Rotterdam Centraal (HSL),20,Wednesday,10,0,2,1.0,1
62595,logistical,Den Haag Centraal - Den Haag HS,20,Wednesday,10,0,2,1.0,1
62596,external,Groningen - Leeuwarden,22,Wednesday,10,0,4,1.0,0
62597,unknown,Den Haag HS - Rotterdam Centraal,5,Thursday,10,0,3,1.0,0
62598,infrastructure,Dordrecht - Rotterdam Centraal,6,Thursday,10,0,5,1.0,0
62599,infrastructure,Breda - Rotterdam Centraal (HSL),6,Thursday,10,0,2,1.0,0
62601,infrastructure,"'s-Hertogenbosch - Tilburg, Breda - Tilburg",6,Thursday,10,0,6,2.0,0
62603,infrastructure,"Almelo - Hengelo, Enschede - Hengelo",6,Thursday,10,0,6,2.0,1
62604,infrastructure,Hengelo - Zutphen,7,Thursday,10,0,3,1.0,1
62605,external,Eindhoven - Venlo,7,Thursday,10,0,4,1.0,0
62606,external,Eindhoven - Venlo,7,Thursday,10,0,4,1.0,0
62607,rolling stock,Liège-Guillemins - Maastricht,7,Thursday,10,0,3,1.0,0
62608,rolling stock,Arnhem Centraal - Winterswijk,8,Thursday,10,0,6,1.0,0
62609,rolling stock,Roermond - Venlo,9,Thursday,10,0,2,1.0,0
62610,infrastructure,Rotterdam Centraal - Schiphol Airport (HSL),9,Thursday,10,0,2,1.0,1
62611,infrastructure,Dordrecht - Rotterdam Centraal,10,Thursday,10,0,8,1.0,0
62613,rolling stock,Arnhem Centraal - Winterswijk,13,Thursday,10,0,3,1.0,0
62614,infrastructure,Amsterdam Centraal - Haarlem,14,Thursday,10,0,4,1.0,1
62615,rolling stock,"Almere Oostvaarders - Utrecht Centraal, Hilversum - Utrecht Centraal",14,Thursday,10,0,4,2.0,0
62616,rolling stock,"Arnhem Centraal - Basel SBB, Arnhem Centraal - Düsseldorf Hbf, Arnhem Centraal - Frankfurt (M) Hbf",15,Thursday,10,0,7,3.0,0
62618,rolling stock,Leiden Centraal - Schiphol Airport,17,Thursday,10,0,2,1.0,0
62619,external,"Groningen - Bad Nieuweschans, Groningen - Leer (Ostfriesland), Groningen - Veendam",18,Thursday,10,0,5,3.0,0
62620,rolling stock,Arnhem Centraal - Winterswijk,18,Thursday,10,0,6,1.0,0
62621,rolling stock,Breda - Rotterdam Centraal (HSL),19,Thursday,10,0,2,1.0,0
62622,rolling stock,Baarn - Utrecht Centraal,19,Thursday,10,0,3,1.0,0
62623,rolling stock,"Almere Oostvaarders - Utrecht Centraal, Amsterdam Centraal - Lelystad Centrum, Lelystad Centrum - Schiphol Airport",20,Thursday,10,0,4,3.0,0
62624,infrastructure,Dordrecht - Geldermalsen,5,Friday,10,0,5,1.0,0
62625,rolling stock,"Bielefeld Hbf - Hengelo, Hengelo - Oldenzaal",7,Friday,10,0,8,2.0,1
62626,external,Breda - Tilburg,8,Friday,10,0,5,1.0,0
62627,rolling stock,Alkmaar - Amsterdam Centraal,9,Friday,10,0,3,1.0,0
62628,rolling stock,Amersfoort - Apeldoorn,14,Friday,10,0,2,1.0,0
62629,rolling stock,Eindhoven - Tilburg,15,Friday,10,0,3,1.0,0
62630,rolling stock,Rotterdam Centraal - Schiphol Airport (HSL),16,Friday,10,0,2,1.0,0
62632,rolling stock,Amersfoort - Schiphol Airport,21,Friday,10,0,10,1.0,0
62633,rolling stock,Leiden Centraal - Schiphol Airport,21,Friday,10,0,4,1.0,1
62634,rolling stock,Amersfoort - Zwolle,22,Friday,10,0,2,1.0,0
62635,infrastructure,"Groningen - Zwolle, Leeuwarden - Zwolle",0,Saturday,10,1,3,2.0,1
62636,rolling stock,"Bielefeld Hbf - Hengelo, Hengelo - Oldenzaal",5,Saturday,10,1,8,2.0,1
62637,engineering work,Roosendaal - Vlissingen,12,Saturday,10,1,5,1.0,1
62639,rolling stock,"Groningen - Bad Nieuweschans, Groningen - Leer (Ostfriesland), Groningen - Veendam",15,Saturday,10,1,6,3.0,0
62640,rolling stock,Arnhem Centraal - Nijmegen,16,Saturday,10,1,5,1.0,0
62641,external,Haarlem - Uitgeest,17,Saturday,10,1,8,1.0,0
62643,external,Haarlem - Zandvoort aan Zee,20,Saturday,10,1,3,1.0,0
62644,infrastructure,"Amersfoort - Amsterdam Centraal, Amsterdam Centraal - Lelystad Centrum",23,Saturday,10,1,5,2.0,0
62645,rolling stock,Alphen a/d Rijn - Gouda,9,Sunday,10,1,7,1.0,1
62646,infrastructure,Amersfoort - Schiphol Airport,11,Sunday,10,1,8,1.0,1
62648,unknown,Apeldoorn - Deventer,13,Sunday,10,1,4,1.0,0
62649,accidents,Arnhem Centraal - Winterswijk,13,Sunday,10,1,6,1.0,0
62650,infrastructure,"Amsterdam Centraal - Schiphol Airport, Leiden Centraal - Schiphol Airport",16,Sunday,10,1,5,2.0,1
62651,external,"Eindhoven - Roermond, Roermond - Sittard",16,Sunday,10,1,5,2.0,0
62652,staff,Aachen Hbf - Heerlen,17,Sunday,10,1,6,1.0,1
62653,unknown,Amersfoort - Utrecht Centraal,18,Sunday,10,1,2,1.0,0
62654,rolling stock,Eindhoven - Tilburg,18,Sunday,10,1,3,1.0,0
62655,accidents,Hengelo - Zutphen,19,Sunday,10,1,2,1.0,1
62656,external,"Amsterdam Centraal - Utrecht Centraal, Schiphol Airport - Utrecht Centraal",19,Sunday,10,1,4,2.0,0
62657,external,Schiphol Airport - Utrecht Centraal,19,Sunday,10,1,10,1.0,0
62658,external,"Arnhem Centraal - Utrecht Centraal, Rhenen - Utrecht Centraal",19,Sunday,10,1,4,2.0,0
62659,external,Leiden Centraal - Schiphol Airport,19,Sunday,10,1,5,1.0,0
62660,external,Den Haag Centraal - Leiden Centraal,19,Sunday,10,1,6,1.0,0
62661,unknown,Roermond - Sittard,19,Sunday,10,1,4,1.0,0
62662,rolling stock,"Amersfoort - Utrecht Centraal, Baarn - Utrecht Centraal",21,Sunday,10,1,3,2.0,0
62663,engineering work,Amsterdam Centraal - Schiphol Airport,1,Monday,10,0,4,1.0,1
62664,engineering work,'s-Hertogenbosch - Tilburg,3,Monday,10,0,2,1.0,1
62665,engineering work,'s-Hertogenbosch - Utrecht Centraal,4,Monday,10,0,9,1.0,1
62666,rolling stock,"'s-Hertogenbosch - Eindhoven, Eindhoven - Tilburg",5,Monday,10,0,4,2.0,0
62667,staff,Aachen Hbf - Heerlen,6,Monday,10,0,6,1.0,1
62668,rolling stock,Alkmaar - Hoorn,6,Monday,10,0,3,1.0,0
62669,engineering work,'s-Hertogenbosch - Nijmegen,7,Monday,10,0,5,1.0,1
62670,engineering work,"Amsterdam Centraal - Utrecht Centraal, Schiphol Airport - Utrecht Centraal",7,Monday,10,0,7,2.0,1
62671,infrastructure,Dordrecht - Geldermalsen,14,Monday,10,0,3,1.0,1
62672,rolling stock,Breda - Tilburg,14,Monday,10,0,5,1.0,0
62673,infrastructure,'s-Hertogenbosch - Tilburg,15,Monday,10,0,2,1.0,0
62674,external,Rotterdam Centraal - Utrecht Centraal,15,Monday,10,0,12,1.0,0
62675,rolling stock,Haarlem - Uitgeest,16,Monday,10,0,3,1.0,1
62676,rolling stock,Rotterdam Centraal - Utrecht Centraal,16,Monday,10,0,6,1.0,1
62677,rolling stock,Breda - Rotterdam Centraal (HSL),17,Monday,10,0,2,1.0,1
62678,rolling stock,Rotterdam Centraal - Schiphol Airport (HSL),19,Monday,10,0,2,1.0,1
62679,rolling stock,"Amersfoort - Amsterdam Centraal, Amersfoort - Schiphol Airport",19,Monday,10,0,2,2.0,0
62680,rolling stock,Aachen Hbf - Heerlen,19,Monday,10,0,4,1.0,1
62681,rolling stock,'s-Hertogenbosch - Tilburg,20,Monday,10,0,2,1.0,0
62682,rolling stock,Breda - Tilburg,22,Monday,10,0,5,1.0,0
62683,accidents,'s-Hertogenbosch - Eindhoven,22,Monday,10,0,3,1.0,1
62685,rolling stock,Amersfoort - Ede-Wageningen,6,Tuesday,10,0,5,1.0,0
62686,rolling stock,Roosendaal - Vlissingen,7,Tuesday,10,0,3,1.0,0
62687,rolling stock,Nijmegen - Venlo,7,Tuesday,10,0,3,1.0,0
62688,staff,Leiden Centraal - Utrecht Centraal,8,Tuesday,10,0,7,1.0,1
62689,staff,Rotterdam Centraal - Utrecht Centraal,8,Tuesday,10,0,12,1.0,1
62690,staff,Den Haag Centraal - Utrecht Centraal,8,Tuesday,10,0,13,1.0,1
62691,staff,"Almere Oostvaarders - Utrecht Centraal, Amersfoort - Utrecht Centraal, Baarn - Utrecht Centraal, Hilversum - Utrecht Centraal, Utrecht Centraal - Utrecht Maliebaan",8,Tuesday,10,0,3,5.0,1
62692,staff,"'s-Hertogenbosch - Eindhoven, 's-Hertogenbosch - Utrecht Centraal, Amsterdam Centraal - Utrecht Centraal",8,Tuesday,10,0,24,3.0,1
62693,rolling stock,'s-Hertogenbosch - Nijmegen,9,Tuesday,10,0,4,1.0,0
62694,logistical,Antwerpen-Centraal - Roosendaal,10,Tuesday,10,0,2,1.0,0
62695,infrastructure,Maastricht - Sittard,11,Tuesday,10,0,5,1.0,1
62697,external,'s-Hertogenbosch - Nijmegen,14,Tuesday,10,0,5,1.0,0
62699,external,Eindhoven - Tilburg,15,Tuesday,10,0,3,1.0,1
62700,rolling stock,Roosendaal - Vlissingen,15,Tuesday,10,0,11,1.0,0
62701,rolling stock,Enkhuizen - Hoorn,17,Tuesday,10,0,6,1.0,0
62703,unknown,'s-Hertogenbosch - Nijmegen,9,Wednesday,10,0,6,1.0,0
62704,rolling stock,Amersfoort - Zwolle,9,Wednesday,10,0,2,1.0,1
62705,rolling stock,"Liège-Guillemins - Maastricht, Maastricht - Maastricht Randwyck",11,Wednesday,10,0,2,2.0,1
62706,unknown,Schiphol Airport - Utrecht Centraal,12,Wednesday,10,0,5,1.0,0
62707,external,Deventer - Zutphen,12,Wednesday,10,0,2,1.0,0
62709,rolling stock,Leeuwarden - Zwolle,15,Wednesday,10,0,8,1.0,0
62710,rolling stock,'s-Hertogenbosch - Eindhoven,17,Wednesday,10,0,3,1.0,1
62711,rolling stock,'s-Hertogenbosch - Tilburg,17,Wednesday,10,0,2,1.0,1
62712,rolling stock,Amsterdam Centraal - Utrecht Centraal,17,Wednesday,10,0,11,1.0,0
62713,rolling stock,'s-Hertogenbosch - Utrecht Centraal,18,Wednesday,10,0,9,1.0,1
62714,rolling stock,'s-Hertogenbosch - Nijmegen,18,Wednesday,10,0,5,1.0,0
62715,external,Den Haag HS - Rotterdam Centraal,22,Wednesday,10,0,4,1.0,0
62716,external,Den Haag HS - Rotterdam Centraal,23,Wednesday,10,0,4,1.0,1
62717,accidents,Groningen - Zwolle,5,Thursday,10,0,4,1.0,1
62718,rolling stock,Heerlen - Maastricht,5,Thursday,10,0,10,1.0,1
62720,accidents,Groningen - Veendam,6,Thursday,10,0,7,1.0,0
62721,rolling stock,Amersfoort - Zwolle,6,Thursday,10,0,10,1.0,1
62722,rolling stock,'s-Hertogenbosch - Nijmegen,7,Thursday,10,0,5,1.0,0
62723,rolling stock,Rotterdam Centraal - Schiphol Airport (HSL),7,Thursday,10,0,2,1.0,0
62724,rolling stock,Heerlen - Maastricht,7,Thursday,10,0,10,1.0,1
62725,infrastructure,'s-Hertogenbosch - Eindhoven,8,Thursday,10,0,3,1.0,0
62726,rolling stock,"Almere Oostvaarders - Utrecht Centraal, Amsterdam Centraal - Lelystad Centrum, Lelystad Centrum - Schiphol Airport",9,Thursday,10,0,5,3.0,0
62728,external,"Amersfoort - Amsterdam Centraal, Amersfoort - Apeldoorn, Amersfoort - Ede-Wageningen, Amersfoort - Schiphol Airport, Amersfoort - Utrecht Centraal, Amersfoort - Zwolle",13,Thursday,10,0,3,6.0,0
62731,weather,Roosendaal - Vlissingen,14,Thursday,10,0,11,1.0,1
62732,rolling stock,Eindhoven - Roermond,15,Thursday,10,0,5,1.0,0
62733,logistical,"Berlin Ostbahnhof - Hengelo, Bielefeld Hbf - Hengelo, Hengelo - Oldenzaal",15,Thursday,10,0,4,3.0,1
62734,rolling stock,Eindhoven - Roermond,16,Thursday,10,0,5,1.0,0
62735,rolling stock,"Almere Oostvaarders - Utrecht Centraal, Amsterdam Centraal - Lelystad Centrum, Lelystad Centrum - Schiphol Airport",16,Thursday,10,0,5,3.0,0
62736,weather,Breda - Rotterdam Centraal (HSL),16,Thursday,10,0,2,1.0,1
62737,weather,"Amersfoort - Schiphol Airport, Lelystad Centrum - Schiphol Airport, Rotterdam Centraal - Schiphol Airport (HSL), Schiphol Airport - Utrecht Centraal",16,Thursday,10,0,3,4.0,1
62738,external,Arnhem Centraal - Tiel,17,Thursday,10,0,2,1.0,1
62740,weather,Lelystad Centrum - Schiphol Airport,17,Thursday,10,0,13,1.0,1
62741,unknown,Eindhoven - Roermond,19,Thursday,10,0,5,1.0,0
62742,infrastructure,Emmen - Zwolle,21,Thursday,10,0,3,1.0,0
62743,rolling stock,'s-Hertogenbosch - Nijmegen,21,Thursday,10,0,6,1.0,0
62744,infrastructure,Breda - Roosendaal,21,Thursday,10,0,3,1.0,1
62745,rolling stock,Nijmegen - Venlo,21,Thursday,10,0,3,1.0,0
62746,infrastructure,Haarlem - Uitgeest,5,Friday,10,0,3,1.0,1
62747,rolling stock,Eindhoven - Roermond,8,Friday,10,0,2,1.0,0
62748,rolling stock,Amersfoort - Utrecht Centraal,9,Friday,10,0,5,1.0,0
62751,rolling stock,Amersfoort - Utrecht Centraal,10,Friday,10,0,5,1.0,1
62752,rolling stock,Amersfoort - Zwolle,10,Friday,10,0,2,1.0,0
62753,infrastructure,Apeldoorn - Zutphen,10,Friday,10,0,5,1.0,0
62754,rolling stock,Arnhem Centraal - Nijmegen,10,Friday,10,0,3,1.0,0
62755,infrastructure,Arnhem Centraal - Zutphen,10,Friday,10,0,3,1.0,0
62756,infrastructure,Arnhem Centraal - Zutphen,11,Friday,10,0,3,1.0,1
62757,rolling stock,Amersfoort - Zwolle,11,Friday,10,0,2,1.0,0
62758,infrastructure,Apeldoorn - Zutphen,12,Friday,10,0,3,1.0,1
62759,infrastructure,Apeldoorn - Zutphen,13,Friday,10,0,3,1.0,1
62760,infrastructure,Arnhem Centraal - Zutphen,13,Friday,10,0,3,1.0,1
62762,external,Kampen - Zwolle,15,Friday,10,0,3,1.0,0
62763,rolling stock,"Almere Oostvaarders - Utrecht Centraal, Amsterdam Centraal - Lelystad Centrum, Lelystad Centrum - Schiphol Airport",18,Friday,10,0,5,3.0,0
62765,accidents,Harlingen Haven - Leeuwarden,20,Friday,10,0,4,1.0,1
62767,rolling stock,Heerlen - Maastricht,0,Saturday,10,1,10,1.0,1
62768,external,Breda - Rotterdam Centraal (HSL),2,Saturday,10,1,2,1.0,0
62769,rolling stock,"'s-Hertogenbosch - Eindhoven, Eindhoven - Tilburg",6,Saturday,10,1,4,2.0,1
62771,rolling stock,"Alkmaar - Amsterdam Centraal, Amsterdam Centraal - Haarlem, Amsterdam Centraal - Hoorn, Amsterdam Centraal - Schiphol Airport",10,Saturday,10,1,2,4.0,0
62772,rolling stock,'s-Hertogenbosch - Nijmegen,12,Saturday,10,1,3,1.0,1
62774,rolling stock,Almere Oostvaarders - Utrecht Centraal,13,Saturday,10,1,8,1.0,1
62775,infrastructure,"Amersfoort - Schiphol Airport, Lelystad Centrum - Schiphol Airport",15,Saturday,10,1,4,2.0,1
62776,infrastructure,Schiphol Airport - Utrecht Centraal,15,Saturday,10,1,5,1.0,1
62777,infrastructure,"Amsterdam Centraal - Schiphol Airport, Leiden Centraal - Schiphol Airport",15,Saturday,10,1,5,2.0,1
62778,infrastructure,Leiden Centraal - Schiphol Airport,15,Saturday,10,1,4,1.0,0
62779,infrastructure,Rotterdam Centraal - Schiphol Airport (HSL),15,Saturday,10,1,2,1.0,0
62780,external,"Almere Oostvaarders - Utrecht Centraal, Amersfoort - Amsterdam Centraal, Amersfoort - Schiphol Airport",17,Saturday,10,1,3,3.0,0
62781,infrastructure,Heerlen - Sittard,19,Saturday,10,1,7,1.0,1
62782,infrastructure,Heerlen - Sittard,6,Sunday,10,1,7,1.0,1
62783,rolling stock,Amersfoort - Zwolle,8,Sunday,10,1,7,1.0,0
62784,rolling stock,Breda - Dordrecht,9,Sunday,10,1,3,1.0,0
62785,infrastructure,Breda - Rotterdam Centraal (HSL),9,Sunday,10,1,2,1.0,1
62786,external,"Amsterdam Centraal - Utrecht Centraal, Amsterdam Centraal - Woerden",10,Sunday,10,1,8,2.0,0
62787,rolling stock,Maastricht - Sittard,11,Sunday,10,1,5,1.0,0
62788,external,Rotterdam Centraal - Utrecht Centraal,13,Sunday,10,1,12,1.0,0
62790,rolling stock,Dordrecht - Rotterdam Centraal,16,Sunday,10,1,8,1.0,0
62791,rolling stock,Roermond - Venlo,17,Sunday,10,1,2,1.0,0
62792,external,Dordrecht - Geldermalsen,17,Sunday,10,1,2,1.0,0
62793,external,Dordrecht - Rotterdam Centraal,18,Sunday,10,1,5,1.0,1
62794,external,Breda - Rotterdam Centraal (HSL),18,Sunday,10,1,2,1.0,1
62795,logistical,"'s-Hertogenbosch - Tilburg, Breda - Tilburg",18,Sunday,10,1,6,2.0,0
62796,external,Den Haag HS - Rotterdam Centraal,18,Sunday,10,1,7,1.0,1
62797,rolling stock,Breda - Tilburg,19,Sunday,10,1,4,1.0,0
62798,external,"Amsterdam Centraal - Utrecht Centraal, Schiphol Airport - Utrecht Centraal",21,Sunday,10,1,4,2.0,1
62799,external,"Amsterdam Centraal - Utrecht Centraal, Schiphol Airport - Utrecht Centraal",21,Sunday,10,1,4,2.0,0
62800,rolling stock,Aachen Hbf - Heerlen,2,Monday,10,0,6,1.0,1
62801,external,Groningen - Leeuwarden,6,Monday,10,0,9,1.0,0
62802,engineering work,Amsterdam Centraal - Haarlem,7,Monday,10,0,4,1.0,1
62803,rolling stock,Den Haag HS - Rotterdam Centraal,9,Monday,10,0,4,1.0,0
62804,rolling stock,Den Haag HS - Rotterdam Centraal,10,Monday,10,0,4,1.0,0
62805,rolling stock,"Amsterdam Centraal - Schiphol Airport, Leiden Centraal - Schiphol Airport, Schiphol Airport - Zaandam",10,Monday,10,0,4,3.0,0
62807,rolling stock,"Den Haag Centraal - Den Haag HS, Den Haag Centraal - Leiden Centraal, Den Haag HS - Leiden Centraal, Den Haag HS - Rotterdam Centraal",10,Monday,10,0,13,4.0,0
62808,staff,"Bielefeld Hbf - Hengelo, Hengelo - Oldenzaal",10,Monday,10,0,8,2.0,1
62810,infrastructure,Almere Oostvaarders - Utrecht Centraal,12,Monday,10,0,3,1.0,1
62812,infrastructure,"'s-Hertogenbosch - Eindhoven, Eindhoven - Tilburg",13,Monday,10,0,4,2.0,0
62813,rolling stock,Breda - Rotterdam Centraal (HSL),16,Monday,10,0,2,1.0,0
62815,engineering work,Rotterdam Centraal - Utrecht Centraal,17,Monday,10,0,6,1.0,1
62816,rolling stock,Nijmegen - Venlo,17,Monday,10,0,7,1.0,1
62817,external,'s-Hertogenbosch - Tilburg,20,Monday,10,0,2,1.0,0
62818,rolling stock,Schiphol Airport - Utrecht Centraal,21,Monday,10,0,10,1.0,1
62819,infrastructure,Almelo - Deventer,5,Tuesday,10,0,6,1.0,1
62820,rolling stock,Breda - Rotterdam Centraal (HSL),7,Tuesday,10,0,2,1.0,0
62821,infrastructure,"Den Haag Centraal - Den Haag HS, Den Haag HS - Rotterdam Centraal",10,Tuesday,10,0,8,2.0,1
62822,infrastructure,Eindhoven - Venlo,11,Tuesday,10,0,6,1.0,0
62823,rolling stock,"Berlin Ostbahnhof - Hengelo, Bielefeld Hbf - Hengelo, Hengelo - Oldenzaal",11,Tuesday,10,0,4,3.0,1
62824,rolling stock,Nijmegen - Venlo,11,Tuesday,10,0,7,1.0,1
62825,rolling stock,Roermond - Sittard,12,Tuesday,10,0,4,1.0,0
62826,infrastructure,Heerlen - Sittard,12,Tuesday,10,0,7,1.0,1
62827,infrastructure,Heerlen - Sittard,14,Tuesday,10,0,7,1.0,1
62828,rolling stock,"Antwerpen-Centraal - Breda (HSL), Breda - Rotterdam Centraal (HSL)",14,Tuesday,10,0,3,2.0,0
62829,rolling stock,Arnhem Centraal - Zutphen,15,Tuesday,10,0,6,1.0,1
62830,external,Breda - Rotterdam Centraal (HSL),15,Tuesday,10,0,2,1.0,1
62831,rolling stock,Amersfoort - Apeldoorn,15,Tuesday,10,0,2,1.0,0
62832,infrastructure,'s-Hertogenbosch - Tilburg,16,Tuesday,10,0,2,1.0,1
62833,rolling stock,"Berlin Ostbahnhof - Hengelo, Bielefeld Hbf - Hengelo, Hengelo - Oldenzaal",17,Tuesday,10,0,4,3.0,1
62834,external,Dordrecht - Rotterdam Centraal,19,Tuesday,10,0,8,1.0,1
62835,logistical,"Breda - Rotterdam Centraal (HSL), Brussel-Zuid/Midi - Rotterdam Centraal (HSL), Den Haag HS - Rotterdam Centraal, Dordrecht - Rotterdam Centraal, Paris-Nord - Rotterdam Centraal (HSL), Rotterdam Centraal - Schiphol Airport (HSL), Rotterdam Centraal - Utrecht Centraal",20,Tuesday,10,0,2,7.0,0
62836,rolling stock,"Almere Oostvaarders - Utrecht Centraal, Amsterdam Centraal - Lelystad Centrum, Lelystad Centrum - Schiphol Airport",20,Tuesday,10,0,5,3.0,1
62837,rolling stock,Liège-Guillemins - Maastricht,20,Tuesday,10,0,3,1.0,1
62838,external,Alkmaar - Den Helder,20,Tuesday,10,0,2,1.0,0
62840,engineering work,"Den Haag HS - Rotterdam Centraal, Dordrecht - Rotterdam Centraal",5,Wednesday,10,0,14,2.0,0
62841,engineering work,"Den Haag HS - Rotterdam Centraal, Dordrecht - Rotterdam Centraal",5,Wednesday,10,0,14,2.0,1
62843,rolling stock,Haarlem - Zandvoort aan Zee,5,Wednesday,10,0,3,1.0,0
62844,rolling stock,"Berlin Ostbahnhof - Hengelo, Bielefeld Hbf - Hengelo, Hengelo - Oldenzaal",8,Wednesday,10,0,4,3.0,1
62845,rolling stock,"Almere Oostvaarders - Utrecht Centraal, Amsterdam Centraal - Lelystad Centrum, Lelystad Centrum - Schiphol Airport",8,Wednesday,10,0,4,3.0,0
62846,infrastructure,Groningen - Leeuwarden,9,Wednesday,10,0,4,1.0,0
62847,logistical,"Groningen - Bad Nieuweschans, Groningen - Leer (Ostfriesland), Groningen - Veendam, Groningen - Zwolle",9,Wednesday,10,0,2,4.0,0
62848,logistical,Groningen - Leeuwarden,9,Wednesday,10,0,3,1.0,0
62849,rolling stock,"Antwerpen-Centraal - Breda (HSL), Breda - Rotterdam Centraal (HSL)",10,Wednesday,10,0,3,2.0,0
62850,infrastructure,Breda - Rotterdam Centraal (HSL),14,Wednesday,10,0,2,1.0,1
62851,rolling stock,Rhenen - Utrecht Centraal,15,Wednesday,10,0,2,1.0,1
62853,rolling stock,Arnhem Centraal - Utrecht Centraal,17,Wednesday,10,0,4,1.0,0
62854,rolling stock,Arnhem Centraal - Nijmegen,17,Wednesday,10,0,5,1.0,0
62855,rolling stock,Breda - Rotterdam Centraal (HSL),18,Wednesday,10,0,2,1.0,1
62856,rolling stock,Heerlen - Sittard,18,Wednesday,10,0,7,1.0,1
62857,rolling stock,"Den Haag Centraal - Den Haag HS, Den Haag HS - Rotterdam Centraal, Dordrecht - Rotterdam Centraal",18,Wednesday,10,0,15,3.0,0
62858,rolling stock,Rotterdam Centraal - Schiphol Airport (HSL),19,Wednesday,10,0,2,1.0,0
62859,rolling stock,'s-Hertogenbosch - Nijmegen,20,Wednesday,10,0,5,1.0,0
62861,staff,Aachen Hbf - Heerlen,4,Thursday,10,0,6,1.0,1
62862,rolling stock,"Den Haag Centraal - Utrecht Centraal, Leiden Centraal - Utrecht Centraal, Rotterdam Centraal - Utrecht Centraal",5,Thursday,10,0,5,3.0,0
62863,rolling stock,Eindhoven - Roermond,6,Thursday,10,0,2,1.0,0
62864,rolling stock,"Amersfoort - Amsterdam Centraal, Amersfoort - Schiphol Airport",7,Thursday,10,0,3,2.0,1
62865,rolling stock,Arnhem Centraal - Zutphen,7,Thursday,10,0,8,1.0,0
62867,infrastructure,"Den Haag Centraal - Utrecht Centraal, Rotterdam Centraal - Utrecht Centraal",8,Thursday,10,0,3,2.0,1
62868,rolling stock,Nijmegen - Venlo,9,Thursday,10,0,3,1.0,0
62869,rolling stock,Antwerpen-Centraal - Roosendaal,9,Thursday,10,0,2,1.0,0
62870,engineering work,'s-Hertogenbosch - Utrecht Centraal,11,Thursday,10,0,3,1.0,1
62871,logistical,Amsterdam Centraal - Utrecht Centraal,11,Thursday,10,0,11,1.0,1
62872,rolling stock,'s-Hertogenbosch - Nijmegen,14,Thursday,10,0,5,1.0,0
62873,logistical,"Den Haag Centraal - Den Haag HS, Den Haag HS - Rotterdam Centraal, Dordrecht - Rotterdam Centraal",15,Thursday,10,0,15,3.0,1
62874,logistical,"Breda - Dordrecht, Dordrecht - Roosendaal",15,Thursday,10,0,3,2.0,1
62875,logistical,Rotterdam Centraal - Schiphol Airport (HSL),15,Thursday,10,0,2,1.0,1
62876,logistical,Lelystad Centrum - Schiphol Airport,15,Thursday,10,0,13,1.0,1
62877,rolling stock,Alkmaar - Den Helder,15,Thursday,10,0,5,1.0,0
62878,infrastructure,Den Haag HS - Rotterdam Centraal,16,Thursday,10,0,4,1.0,0
62879,rolling stock,Eindhoven - Venlo,17,Thursday,10,0,4,1.0,0
62880,rolling stock,Dordrecht - Roosendaal,18,Thursday,10,0,4,1.0,0
62882,external,Amersfoort - Zwolle,18,Thursday,10,0,7,1.0,0
62883,accidents,"Groningen - Bad Nieuweschans, Groningen - Leer (Ostfriesland)",18,Thursday,10,0,4,2.0,0
62884,rolling stock,Breda - Rotterdam Centraal (HSL),19,Thursday,10,0,2,1.0,0
62885,rolling stock,"Amersfoort - Schiphol Airport, Lelystad Centrum - Schiphol Airport, Rotterdam Centraal - Schiphol Airport (HSL), Schiphol Airport - Utrecht Centraal",21,Thursday,10,0,3,4.0,0
62886,rolling stock,Nijmegen - Venlo,22,Thursday,10,0,5,1.0,1
62887,accidents,"Almere Oostvaarders - Utrecht Centraal, Amsterdam Centraal - Lelystad Centrum, Lelystad Centrum - Schiphol Airport",23,Thursday,10,0,4,3.0,1
62889,rolling stock,Arnhem Centraal - Zutphen,7,Friday,10,0,8,1.0,0
62890,rolling stock,"Berlin Ostbahnhof - Hengelo, Bielefeld Hbf - Hengelo, Hengelo - Oldenzaal",8,Friday,10,0,4,3.0,1
62892,rolling stock,Haarlem - Zandvoort aan Zee,10,Friday,10,0,3,1.0,0
62893,rolling stock,"Amersfoort - Schiphol Airport, Lelystad Centrum - Schiphol Airport, Rotterdam Centraal - Schiphol Airport (HSL), Schiphol Airport - Utrecht Centraal",13,Friday,10,0,3,4.0,1
62894,rolling stock,Leiden Centraal - Schiphol Airport,15,Friday,10,0,2,1.0,0
62895,infrastructure,"Amersfoort - Schiphol Airport, Amsterdam Centraal - Schiphol Airport, Leiden Centraal - Schiphol Airport, Lelystad Centrum - Schiphol Airport, Rotterdam Centraal - Schiphol Airport (HSL), Schiphol Airport - Utrecht Centraal, Schiphol Airport - Zaandam",15,Friday,10,0,2,7.0,0
62896,infrastructure,Arnhem Centraal - Zutphen,16,Friday,10,0,5,1.0,1
62897,engineering work,"Amersfoort - Schiphol Airport, Amsterdam Centraal - Schiphol Airport, Leiden Centraal - Schiphol Airport, Lelystad Centrum - Schiphol Airport, Rotterdam Centraal - Schiphol Airport (HSL), Schiphol Airport - Utrecht Centraal, Schiphol Airport - Zaandam",17,Friday,10,0,2,7.0,1
62898,unknown,Alphen a/d Rijn - Gouda,18,Friday,10,0,6,1.0,0
62899,rolling stock,Breda - Rotterdam Centraal (HSL),22,Friday,10,0,2,1.0,0
62900,infrastructure,"Amersfoort - Schiphol Airport, Leiden Centraal - Schiphol Airport, Lelystad Centrum - Schiphol Airport, Schiphol Airport - Utrecht Centraal",5,Saturday,11,1,6,4.0,1
62901,infrastructure,Amersfoort - Apeldoorn,6,Saturday,11,1,2,1.0,1
62902,infrastructure,Amersfoort - Ede-Wageningen,6,Saturday,11,1,5,1.0,1
62903,infrastructure,"Amersfoort - Schiphol Airport, Lelystad Centrum - Schiphol Airport, Schiphol Airport - Utrecht Centraal",6,Saturday,11,1,2,3.0,0
62904,rolling stock,Breda - Roosendaal,6,Saturday,11,1,3,1.0,0
62905,rolling stock,Nijmegen - Venlo,8,Saturday,11,1,3,1.0,0
62907,rolling stock,Heerlen - Maastricht,11,Saturday,11,1,10,1.0,1
62909,rolling stock,Breda - Tilburg,13,Saturday,11,1,5,1.0,0
62910,infrastructure,Emmen - Zwolle,16,Saturday,11,1,5,1.0,0
62912,external,Amsterdam Centraal - Haarlem,18,Saturday,11,1,4,1.0,0
62913,rolling stock,Amersfoort - Zwolle,18,Saturday,11,1,2,1.0,0
62915,external,Almere Oostvaarders - Utrecht Centraal,20,Saturday,11,1,3,1.0,0
62916,rolling stock,Arnhem Centraal - Nijmegen,21,Saturday,11,1,3,1.0,0
62917,rolling stock,Amsterdam Centraal - Haarlem,11,Sunday,11,1,5,1.0,1
62918,infrastructure,Breda - Rotterdam Centraal (HSL),13,Sunday,11,1,2,1.0,1
62920,rolling stock,'s-Hertogenbosch - Nijmegen,15,Sunday,11,1,7,1.0,0
62921,rolling stock,Breda - Roosendaal,17,Sunday,11,1,3,1.0,0
62922,rolling stock,Den Haag Centraal - Utrecht Centraal,17,Sunday,11,1,7,1.0,1
62923,rolling stock,'s-Hertogenbosch - Nijmegen,17,Sunday,11,1,5,1.0,0
62924,rolling stock,Nijmegen - Venlo,19,Sunday,11,1,2,1.0,0
62925,external,Dordrecht - Rotterdam Centraal,19,Sunday,11,1,3,1.0,0
62927,external,Emmen - Zwolle,20,Sunday,11,1,4,1.0,0
62928,engineering work,"Amsterdam Centraal - Utrecht Centraal, Schiphol Airport - Utrecht Centraal",3,Monday,11,0,7,2.0,1
62929,infrastructure,Heerlen - Maastricht,5,Monday,11,0,5,1.0,1
62930,rolling stock,Amersfoort - Utrecht Centraal,7,Monday,11,0,5,1.0,0
62931,rolling stock,Amersfoort - Zwolle,7,Monday,11,0,2,1.0,0
62933,infrastructure,Den Haag HS - Rotterdam Centraal,8,Monday,11,0,4,1.0,0
62934,rolling stock,Eindhoven - Venlo,9,Monday,11,0,4,1.0,1
62935,rolling stock,Eindhoven - Tilburg,10,Monday,11,0,6,1.0,0
62936,infrastructure,"Antwerpen-Centraal - Breda (HSL), Breda - Rotterdam Centraal (HSL)",11,Monday,11,0,3,2.0,1
62937,infrastructure,"Breda - Dordrecht, Dordrecht - Roosendaal",11,Monday,11,0,3,2.0,1
62938,infrastructure,Lelystad Centrum - Schiphol Airport,11,Monday,11,0,13,1.0,1
62939,infrastructure,Rotterdam Centraal - Utrecht Centraal,11,Monday,11,0,7,1.0,1
62940,rolling stock,Eindhoven - Roermond,16,Monday,11,0,2,1.0,0
62941,rolling stock,Hamm (Westf.) - Venlo,18,Monday,11,0,2,1.0,0
62943,rolling stock,Leiden Centraal - Schiphol Airport,18,Monday,11,0,4,1.0,1
62944,rolling stock,"Den Haag Centraal - Leiden Centraal, Haarlem - Leiden Centraal",18,Monday,11,0,10,2.0,1
62945,rolling stock,Winterswijk - Zutphen,20,Monday,11,0,3,1.0,1
62947,accidents,Breda - Tilburg,22,Monday,11,0,5,1.0,1
62948,rolling stock,"Amersfoort - Amsterdam Centraal, Amsterdam Centraal - Lelystad Centrum",23,Monday,11,0,5,2.0,0
62949,staff,Aachen Hbf - Heerlen,5,Tuesday,11,0,6,1.0,1
62950,infrastructure,Rotterdam Centraal - Utrecht Centraal,7,Tuesday,11,0,12,1.0,1
62951,rolling stock,"Alkmaar - Amsterdam Centraal, Amsterdam Centraal - Hoorn",8,Tuesday,11,0,3,2.0,1
62953,infrastructure,Leiden Centraal - Utrecht Centraal,10,Tuesday,11,0,3,1.0,1
62954,external,Breda - Tilburg,10,Tuesday,11,0,3,1.0,0
62956,rolling stock,Almelo - Mariënberg,13,Tuesday,11,0,6,1.0,1
62957,rolling stock,"Amsterdam Centraal - Schiphol Airport, Leiden Centraal - Schiphol Airport",14,Tuesday,11,0,5,2.0,1
62958,infrastructure,Dordrecht - Geldermalsen,15,Tuesday,11,0,4,1.0,0
62959,rolling stock,Den Haag Centraal - Utrecht Centraal,15,Tuesday,11,0,13,1.0,0
62960,rolling stock,Den Haag Centraal - Utrecht Centraal,17,Tuesday,11,0,3,1.0,0
62961,rolling stock,Eindhoven - Roermond,17,Tuesday,11,0,2,1.0,0
62964,external,Dordrecht - Roosendaal,18,Tuesday,11,0,4,1.0,0
62965,infrastructure,Groningen - Leeuwarden,19,Tuesday,11,0,6,1.0,1
62966,rolling stock,"Breda - Dordrecht, Dordrecht - Roosendaal",19,Tuesday,11,0,3,2.0,0
62967,external,"Amsterdam Centraal - Schiphol Airport, Leiden Centraal - Schiphol Airport",20,Tuesday,11,0,5,2.0,0
62968,staff,Aachen Hbf - Heerlen,5,Wednesday,11,0,6,1.0,1
62969,logistical,Hamm (Westf.) - Venlo,8,Wednesday,11,0,2,1.0,0
62970,rolling stock,Eindhoven - Tilburg,11,Wednesday,11,0,3,1.0,0
62971,infrastructure,Breda - Tilburg,11,Wednesday,11,0,4,1.0,0
62972,rolling stock,Den Haag HS - Rotterdam Centraal,12,Wednesday,11,0,6,1.0,0
62973,rolling stock,"Arnhem Centraal - Basel SBB, Arnhem Centraal - Düsseldorf Hbf, Arnhem Centraal - Frankfurt (M) Hbf",13,Wednesday,11,0,3,3.0,0
62975,external,Roosendaal - Vlissingen,17,Wednesday,11,0,11,1.0,0
62976,external,"Arnhem Centraal - Utrecht Centraal, Rhenen - Utrecht Centraal",18,Wednesday,11,0,4,2.0,0
62977,external,Amersfoort - Apeldoorn,20,Wednesday,11,0,2,1.0,1
62978,external,Apeldoorn - Deventer,21,Wednesday,11,0,4,1.0,0
62979,engineering work,Enkhuizen - Hoorn,5,Thursday,11,0,3,1.0,0
62980,infrastructure,Apeldoorn - Zutphen,8,Thursday,11,0,5,1.0,1
62981,staff,Aachen Hbf - Heerlen,8,Thursday,11,0,6,1.0,1
62983,infrastructure,Leiden Centraal - Utrecht Centraal,10,Thursday,11,0,2,1.0,1
62985,unknown,Apeldoorn - Deventer,12,Thursday,11,0,4,1.0,0
62986,rolling stock,Emmen - Zwolle,13,Thursday,11,0,2,1.0,1
62987,rolling stock,"Arnhem Centraal - Utrecht Centraal, Rhenen - Utrecht Centraal",13,Thursday,11,0,3,2.0,0
62988,rolling stock,Amsterdam Centraal - Woerden,14,Thursday,11,0,2,1.0,0
62989,rolling stock,"Den Haag Centraal - Den Haag HS, Den Haag HS - Rotterdam Centraal",15,Thursday,11,0,8,2.0,0
62990,rolling stock,Roermond - Sittard,18,Thursday,11,0,4,1.0,0
62992,infrastructure,Heerlen - Sittard,7,Friday,11,0,7,1.0,1
62993,infrastructure,Heerlen - Maastricht,7,Friday,11,0,10,1.0,1
62994,infrastructure,Amersfoort - Zwolle,8,Friday,11,0,6,1.0,1
62995,infrastructure,Alkmaar - Den Helder,8,Friday,11,0,3,1.0,1
62996,staff,Heerlen - Maastricht,9,Friday,11,0,10,1.0,1
62997,rolling stock,Almelo - Deventer,9,Friday,11,0,5,1.0,0
62998,rolling stock,'s-Hertogenbosch - Utrecht Centraal,11,Friday,11,0,3,1.0,0
62999,rolling stock,Amersfoort - Zwolle,12,Friday,11,0,2,1.0,0
63000,unknown,Leeuwarden - Zwolle,12,Friday,11,0,3,1.0,0
63001,rolling stock,Almelo - Deventer,12,Friday,11,0,6,1.0,0
63002,unknown,"Groningen - Zwolle, Leeuwarden - Zwolle",12,Friday,11,0,2,2.0,0
63003,rolling stock,Groningen - Zwolle,13,Friday,11,0,4,1.0,0
63004,infrastructure,Enschede - Hengelo,14,Friday,11,0,3,1.0,0
63005,rolling stock,Arnhem Centraal - Utrecht Centraal,15,Friday,11,0,4,1.0,0
63006,rolling stock,Arnhem Centraal - Nijmegen,15,Friday,11,0,5,1.0,0
63009,infrastructure,Eindhoven - Tilburg,16,Friday,11,0,6,1.0,1
63010,infrastructure,Alphen a/d Rijn - Gouda,17,Friday,11,0,7,1.0,1
63011,rolling stock,Amsterdam Centraal - Lelystad Centrum,20,Friday,11,0,8,1.0,0
63012,infrastructure,"Breda - Tilburg, Eindhoven - Tilburg",21,Friday,11,0,7,2.0,1
63014,accidents,Eindhoven - Roermond,23,Friday,11,0,2,1.0,1
63015,infrastructure,"Breda - Tilburg, Eindhoven - Tilburg",5,Saturday,11,1,4,2.0,1
63016,rolling stock,Leiden Centraal - Utrecht Centraal,7,Saturday,11,1,3,1.0,0
63017,rolling stock,Eindhoven - Venlo,8,Saturday,11,1,4,1.0,1
63018,unknown,'s-Hertogenbosch - Utrecht Centraal,9,Saturday,11,1,9,1.0,0
63019,infrastructure,"Alkmaar - Den Helder, Alkmaar - Hoorn",10,Saturday,11,1,3,2.0,1
63020,external,Haarlem - Leiden Centraal,10,Saturday,11,1,3,1.0,0
63021,external,"Amsterdam Centraal - Lelystad Centrum, Lelystad Centrum - Schiphol Airport",13,Saturday,11,1,4,2.0,0
63022,external,Arnhem Centraal - Winterswijk,17,Saturday,11,1,6,1.0,0
63023,unknown,'s-Hertogenbosch - Utrecht Centraal,17,Saturday,11,1,9,1.0,1
63024,rolling stock,"Arnhem Centraal - Basel SBB, Arnhem Centraal - Düsseldorf Hbf, Arnhem Centraal - Frankfurt (M) Hbf",18,Saturday,11,1,3,3.0,0
63025,external,"Amersfoort - Schiphol Airport, Amsterdam Centraal - Schiphol Airport, Leiden Centraal - Schiphol Airport, Lelystad Centrum - Schiphol Airport, Rotterdam Centraal - Schiphol Airport (HSL), Schiphol Airport - Utrecht Centraal, Schiphol Airport - Zaandam",18,Saturday,11,1,2,7.0,0
63026,unknown,'s-Hertogenbosch - Utrecht Centraal,18,Saturday,11,1,9,1.0,1
63027,rolling stock,Antwerpen-Centraal - Roosendaal,18,Saturday,11,1,12,1.0,0
63028,external,'s-Hertogenbosch - Nijmegen,7,Sunday,11,1,3,1.0,1
63029,external,"'s-Hertogenbosch - Nijmegen, Arnhem Centraal - Nijmegen, Nijmegen - Venlo",9,Sunday,11,1,2,3.0,0
63030,rolling stock,"Arnhem Centraal - Basel SBB, Arnhem Centraal - Düsseldorf Hbf, Arnhem Centraal - Frankfurt (M) Hbf",9,Sunday,11,1,3,3.0,1
63031,external,Groningen - Zwolle,14,Sunday,11,1,3,1.0,0
63032,rolling stock,"'s-Hertogenbosch - Utrecht Centraal, Tiel - Utrecht Centraal",14,Sunday,11,1,4,2.0,0
63034,accidents,"Alkmaar - Amsterdam Centraal, Amsterdam Centraal - Haarlem, Amsterdam Centraal - Hoorn, Amsterdam Centraal - Schiphol Airport",22,Sunday,11,1,2,4.0,1
63035,accidents,"Alkmaar - Amsterdam Centraal, Amsterdam Centraal - Haarlem, Amsterdam Centraal - Hoorn, Amsterdam Centraal - Schiphol Airport",22,Sunday,11,1,2,4.0,0
63036,infrastructure,"Amersfoort - Apeldoorn, Apeldoorn - Deventer",4,Monday,11,0,5,2.0,1
63038,infrastructure,Amersfoort - Ede-Wageningen,7,Monday,11,0,5,1.0,1
63039,rolling stock,Breda - Rotterdam Centraal (HSL),7,Monday,11,0,2,1.0,0
63040,infrastructure,Breda - Rotterdam Centraal (HSL),13,Monday,11,0,2,1.0,0
63041,rolling stock,"Amersfoort - Amsterdam Centraal, Amersfoort - Schiphol Airport",13,Monday,11,0,2,2.0,0
63042,infrastructure,Eindhoven - Roermond,15,Monday,11,0,5,1.0,0
63043,rolling stock,Eindhoven - Tilburg,17,Monday,11,0,3,1.0,0
63044,external,"Alkmaar - Amsterdam Centraal, Amersfoort - Amsterdam Centraal, Amsterdam Centraal - Haarlem, Amsterdam Centraal - Hoorn, Amsterdam Centraal - Lelystad Centrum, Amsterdam Centraal - Schiphol Airport, Amsterdam Centraal - Utrecht Centraal, Amsterdam Centraal - Woerden",18,Monday,11,0,3,8.0,1
63046,external,"Amsterdam Centraal - Schiphol Airport, Rotterdam Centraal - Schiphol Airport (HSL)",19,Monday,11,0,5,2.0,0
63047,external,"Amsterdam Centraal - Utrecht Centraal, Schiphol Airport - Utrecht Centraal",19,Monday,11,0,4,2.0,0
63048,rolling stock,Arnhem Centraal - Utrecht Centraal,19,Monday,11,0,4,1.0,0
63049,external,Almere Oostvaarders - Utrecht Centraal,19,Monday,11,0,3,1.0,0
63050,external,Amsterdam Centraal - Lelystad Centrum,19,Monday,11,0,8,1.0,0
63051,rolling stock,'s-Hertogenbosch - Nijmegen,19,Monday,11,0,5,1.0,0
63053,logistical,Hamm (Westf.) - Venlo,21,Monday,11,0,2,1.0,1
63054,rolling stock,'s-Hertogenbosch - Nijmegen,21,Monday,11,0,5,1.0,0
63055,infrastructure,Haarlem - Uitgeest,0,Tuesday,11,0,8,1.0,1
63056,infrastructure,Haarlem - Uitgeest,4,Tuesday,11,0,3,1.0,1
63057,engineering work,Winterswijk - Zutphen,5,Tuesday,11,0,6,1.0,0
63058,rolling stock,Eindhoven - Roermond,6,Tuesday,11,0,3,1.0,1
63059,rolling stock,Kampen - Zwolle,7,Tuesday,11,0,3,1.0,1
63060,unknown,Arnhem Centraal - Utrecht Centraal,8,Tuesday,11,0,2,1.0,0
63061,weather,Dordrecht - Geldermalsen,8,Tuesday,11,0,8,1.0,0
63062,rolling stock,"Berlin Ostbahnhof - Hengelo, Bielefeld Hbf - Hengelo, Hengelo - Oldenzaal",9,Tuesday,11,0,4,3.0,1
63063,rolling stock,Harlingen Haven - Leeuwarden,9,Tuesday,11,0,5,1.0,0
63064,rolling stock,"Amersfoort - Amsterdam Centraal, Amersfoort - Schiphol Airport",9,Tuesday,11,0,2,2.0,0
63065,rolling stock,Roermond - Venlo,9,Tuesday,11,0,2,1.0,1
63066,unknown,"Amersfoort - Amsterdam Centraal, Amersfoort - Schiphol Airport",10,Tuesday,11,0,3,2.0,0
63067,rolling stock,Breda - Rotterdam Centraal (HSL),11,Tuesday,11,0,2,1.0,0
63068,rolling stock,Rotterdam Centraal - Schiphol Airport (HSL),11,Tuesday,11,0,2,1.0,0
63069,rolling stock,Kampen - Zwolle,11,Tuesday,11,0,3,1.0,1
63070,rolling stock,Arnhem Centraal - Zutphen,11,Tuesday,11,0,3,1.0,0
63071,accidents,Amersfoort - Zwolle,12,Tuesday,11,0,4,1.0,1
63072,accidents,Breda - Tilburg,14,Tuesday,11,0,4,1.0,1
63073,external,Amsterdam Centraal - Haarlem,16,Tuesday,11,0,5,1.0,0
63075,rolling stock,Arnhem Centraal - Nijmegen,19,Tuesday,11,0,3,1.0,1
63076,rolling stock,Arnhem Centraal - Utrecht Centraal,19,Tuesday,11,0,4,1.0,0
63078,external,Amersfoort - Zwolle,19,Tuesday,11,0,2,1.0,0
63079,rolling stock,Haarlem - Uitgeest,19,Tuesday,11,0,6,1.0,1
63080,rolling stock,Breda - Rotterdam Centraal (HSL),8,Wednesday,11,0,2,1.0,1
63081,rolling stock,"Breda - Dordrecht, Dordrecht - Roosendaal",8,Wednesday,11,0,3,2.0,1
63082,rolling stock,Dordrecht - Rotterdam Centraal,8,Wednesday,11,0,8,1.0,1
63083,unknown,Rotterdam Centraal - Utrecht Centraal,11,Wednesday,11,0,12,1.0,0
63084,engineering work,Den Haag Centraal - Den Haag HS,11,Wednesday,11,0,2,1.0,1
63085,rolling stock,Rotterdam Centraal - Schiphol Airport (HSL),11,Wednesday,11,0,2,1.0,0
63088,accidents,Alkmaar - Amsterdam Centraal,14,Wednesday,11,0,4,1.0,0
63089,rolling stock,Eindhoven - Roermond,14,Wednesday,11,0,2,1.0,0
63090,infrastructure,'s-Hertogenbosch - Utrecht Centraal,14,Wednesday,11,0,3,1.0,1
63091,rolling stock,Arnhem Centraal - Nijmegen,17,Wednesday,11,0,5,1.0,0
63092,external,"Amsterdam Centraal - Lelystad Centrum, Lelystad Centrum - Schiphol Airport",17,Wednesday,11,0,2,2.0,0
63094,rolling stock,Eindhoven - Venlo,20,Wednesday,11,0,9,1.0,0
63096,infrastructure,Amersfoort - Utrecht Centraal,5,Thursday,11,0,5,1.0,1
63097,infrastructure,"Alkmaar - Amsterdam Centraal, Amsterdam Centraal - Haarlem, Amsterdam Centraal - Hoorn, Amsterdam Centraal - Schiphol Airport",5,Thursday,11,0,2,4.0,1
63098,infrastructure,"'s-Hertogenbosch - Eindhoven, 's-Hertogenbosch - Utrecht Centraal, Amsterdam Centraal - Utrecht Centraal",5,Thursday,11,0,24,3.0,1
63099,logistical,Amersfoort - Zwolle,6,Thursday,11,0,2,1.0,0
63100,infrastructure,Amersfoort - Amsterdam Centraal,6,Thursday,11,0,9,1.0,1
63101,rolling stock,'s-Hertogenbosch - Nijmegen,9,Thursday,11,0,3,1.0,1
63102,infrastructure,Maastricht - Sittard,9,Thursday,11,0,5,1.0,1
63103,infrastructure,Amsterdam Centraal - Lelystad Centrum,11,Thursday,11,0,11,1.0,1
63104,infrastructure,Amsterdam Centraal - Utrecht Centraal,11,Thursday,11,0,10,1.0,1
63105,rolling stock,Amsterdam Centraal - Woerden,12,Thursday,11,0,10,1.0,1
63106,infrastructure,Maastricht - Sittard,12,Thursday,11,0,5,1.0,1
63107,rolling stock,"Aachen Hbf - Heerlen, Heerlen - Kerkrade Centrum",13,Thursday,11,0,2,2.0,1
63109,infrastructure,Alphen a/d Rijn - Gouda,15,Thursday,11,0,7,1.0,1
63110,rolling stock,Eindhoven - Roermond,17,Thursday,11,0,2,1.0,0
63111,rolling stock,'s-Hertogenbosch - Nijmegen,17,Thursday,11,0,3,1.0,0
63113,rolling stock,"Den Haag Centraal - Utrecht Centraal, Rotterdam Centraal - Utrecht Centraal",19,Thursday,11,0,3,2.0,1
63115,infrastructure,Amersfoort - Zwolle,2,Friday,11,0,3,1.0,1
63116,engineering work,"Amersfoort - Amsterdam Centraal, Amersfoort - Schiphol Airport, Amsterdam Centraal - Lelystad Centrum, Lelystad Centrum - Schiphol Airport",4,Friday,11,0,2,4.0,1
63117,engineering work,Rotterdam Centraal - Schiphol Airport (HSL),4,Friday,11,0,2,1.0,1
63118,infrastructure,"Amsterdam Centraal - Schiphol Airport, Leiden Centraal - Schiphol Airport",4,Friday,11,0,5,2.0,1
63119,engineering work,Leiden Centraal - Schiphol Airport,4,Friday,11,0,5,1.0,1
63120,rolling stock,Haarlem - Leiden Centraal,6,Friday,11,0,5,1.0,0
63121,infrastructure,Leeuwarden - Zwolle,11,Friday,11,0,3,1.0,1
63124,engineering work,Amsterdam Centraal - Schiphol Airport,12,Friday,11,0,4,1.0,1
63125,rolling stock,Breda - Tilburg,15,Friday,11,0,5,1.0,0
63126,external,Arnhem Centraal - Utrecht Centraal,20,Friday,11,0,10,1.0,0
63127,infrastructure,"Groningen - Bad Nieuweschans, Groningen - Leer (Ostfriesland)",22,Friday,11,0,2,2.0,1
63128,infrastructure,Amersfoort - Schiphol Airport,8,Saturday,11,1,8,1.0,1
63129,rolling stock,Rotterdam Centraal - Schiphol Airport (HSL),9,Saturday,11,1,2,1.0,1
63130,unknown,'s-Hertogenbosch - Utrecht Centraal,9,Saturday,11,1,3,1.0,0
63131,rolling stock,Eindhoven - Venlo,10,Saturday,11,1,2,1.0,0
63132,rolling stock,Aachen Hbf - Heerlen,11,Saturday,11,1,3,1.0,1
63133,logistical,"Arnhem Centraal - Basel SBB, Arnhem Centraal - Düsseldorf Hbf, Arnhem Centraal - Frankfurt (M) Hbf",12,Saturday,11,1,3,3.0,1
63134,rolling stock,Eindhoven - Venlo,19,Saturday,11,1,2,1.0,0
63135,external,Arnhem Centraal - Zutphen,21,Saturday,11,1,8,1.0,0
63136,rolling stock,Arnhem Centraal - Nijmegen,22,Saturday,11,1,5,1.0,0
63137,external,"'s-Hertogenbosch - Utrecht Centraal, Tiel - Utrecht Centraal",22,Saturday,11,1,3,2.0,0
63138,rolling stock,"Amersfoort - Schiphol Airport, Lelystad Centrum - Schiphol Airport",5,Sunday,11,1,4,2.0,0
63139,external,"Amersfoort - Schiphol Airport, Lelystad Centrum - Schiphol Airport",6,Sunday,11,1,4,2.0,1
63140,external,Schiphol Airport - Utrecht Centraal,7,Sunday,11,1,5,1.0,1
63141,external,Leiden Centraal - Schiphol Airport,7,Sunday,11,1,5,1.0,1
63142,external,"Amsterdam Centraal - Schiphol Airport, Leiden Centraal - Schiphol Airport",7,Sunday,11,1,5,2.0,0
63143,external,Rotterdam Centraal - Schiphol Airport (HSL),8,Sunday,11,1,2,1.0,1
63144,infrastructure,Amersfoort - Zwolle,9,Sunday,11,1,3,1.0,1
63145,infrastructure,Groningen - Leeuwarden,13,Sunday,11,1,9,1.0,1
63146,rolling stock,"Arnhem Centraal - Basel SBB, Arnhem Centraal - Düsseldorf Hbf, Arnhem Centraal - Frankfurt (M) Hbf",13,Sunday,11,1,3,3.0,0
63148,rolling stock,Arnhem Centraal - Zutphen,16,Sunday,11,1,3,1.0,0
63149,rolling stock,Alkmaar - Amsterdam Centraal,18,Sunday,11,1,4,1.0,0
63150,infrastructure,Groningen - Leeuwarden,18,Sunday,11,1,4,1.0,0
63151,rolling stock,Almelo - Deventer,19,Sunday,11,1,6,1.0,0
63152,rolling stock,Breda - Rotterdam Centraal (HSL),19,Sunday,11,1,2,1.0,0
63153,rolling stock,Rotterdam Centraal - Schiphol Airport (HSL),21,Sunday,11,1,2,1.0,0
63154,rolling stock,"Amersfoort - Amsterdam Centraal, Amersfoort - Schiphol Airport",21,Sunday,11,1,2,2.0,0
63156,rolling stock,Amersfoort - Zwolle,21,Sunday,11,1,3,1.0,0
63157,external,Breda - Roosendaal,22,Sunday,11,1,3,1.0,0
63158,rolling stock,"Eindhoven - Venlo, Nijmegen - Venlo",22,Sunday,11,1,2,2.0,0
63159,rolling stock,Groningen - Zwolle,23,Sunday,11,1,4,1.0,1
63160,external,Groningen - Leeuwarden,6,Monday,11,0,6,1.0,1
63161,infrastructure,"Amersfoort - Apeldoorn, Apeldoorn - Deventer",6,Monday,11,0,5,2.0,1
63162,rolling stock,Groningen - Leeuwarden,7,Monday,11,0,6,1.0,0
63163,infrastructure,"Alkmaar - Den Helder, Alkmaar - Hoorn",7,Monday,11,0,3,2.0,0
63164,rolling stock,Rotterdam Centraal - Schiphol Airport (HSL),7,Monday,11,0,2,1.0,0
63165,rolling stock,Leeuwarden - Stavoren,7,Monday,11,0,6,1.0,1
63167,rolling stock,Arnhem Centraal - Winterswijk,8,Monday,11,0,3,1.0,0
63170,infrastructure,Harlingen Haven - Leeuwarden,9,Monday,11,0,4,1.0,1
63171,infrastructure,Leeuwarden - Stavoren,10,Monday,11,0,4,1.0,1
63172,infrastructure,Amersfoort - Zwolle,10,Monday,11,0,2,1.0,1
63173,logistical,"Groningen - Bad Nieuweschans, Groningen - Leer (Ostfriesland), Groningen - Leeuwarden, Groningen - Veendam, Groningen - Zwolle",10,Monday,11,0,10,5.0,1
63174,rolling stock,"Berlin Ostbahnhof - Hengelo, Bielefeld Hbf - Hengelo, Hengelo - Oldenzaal",11,Monday,11,0,4,3.0,1
63175,rolling stock,Breda - Rotterdam Centraal (HSL),11,Monday,11,0,2,1.0,1
63176,rolling stock,"Breda - Dordrecht, Dordrecht - Roosendaal",12,Monday,11,0,3,2.0,1
63177,rolling stock,"Den Haag Centraal - Den Haag HS, Den Haag HS - Rotterdam Centraal, Dordrecht - Rotterdam Centraal",12,Monday,11,0,15,3.0,1
63178,rolling stock,Rotterdam Centraal - Schiphol Airport (HSL),12,Monday,11,0,2,1.0,0
63179,infrastructure,Apeldoorn - Zutphen,12,Monday,11,0,5,1.0,0
63180,infrastructure,'s-Hertogenbosch - Eindhoven,13,Monday,11,0,3,1.0,1
63181,external,Lelystad Centrum - Zwolle,13,Monday,11,0,2,1.0,1
63182,external,Amersfoort - Zwolle,13,Monday,11,0,3,1.0,1
63183,infrastructure,"Amersfoort - Schiphol Airport, Amsterdam Centraal - Schiphol Airport, Leiden Centraal - Schiphol Airport, Lelystad Centrum - Schiphol Airport, Rotterdam Centraal - Schiphol Airport (HSL), Schiphol Airport - Utrecht Centraal, Schiphol Airport - Zaandam",15,Monday,11,0,2,7.0,0
63184,rolling stock,"Groningen - Bad Nieuweschans, Groningen - Leer (Ostfriesland)",20,Monday,11,0,3,2.0,0
63185,rolling stock,Eindhoven - Tilburg,21,Monday,11,0,3,1.0,0
63187,rolling stock,'s-Hertogenbosch - Nijmegen,22,Monday,11,0,5,1.0,0
63188,rolling stock,"Arnhem Centraal - Basel SBB, Arnhem Centraal - Düsseldorf Hbf, Arnhem Centraal - Frankfurt (M) Hbf",22,Monday,11,0,7,3.0,1
63189,infrastructure,"Amsterdam Centraal - Schiphol Airport, Leiden Centraal - Schiphol Airport",5,Tuesday,11,0,5,2.0,1
63190,engineering work,Dordrecht - Geldermalsen,5,Tuesday,11,0,3,1.0,1
63191,rolling stock,Arnhem Centraal - Zutphen,7,Tuesday,11,0,6,1.0,0
63193,external,Liège-Guillemins - Maastricht,9,Tuesday,11,0,3,1.0,0
63194,rolling stock,Eindhoven - Venlo,9,Tuesday,11,0,2,1.0,0
63195,infrastructure,'s-Hertogenbosch - Eindhoven,9,Tuesday,11,0,3,1.0,0
63197,logistical,"'s-Hertogenbosch - Eindhoven, 's-Hertogenbosch - Utrecht Centraal",10,Tuesday,11,0,14,2.0,1
63198,accidents,Amsterdam Centraal - Woerden,10,Tuesday,11,0,10,1.0,1
63199,logistical,Arnhem Centraal - Utrecht Centraal,10,Tuesday,11,0,7,1.0,1
63201,rolling stock,Roosendaal - Vlissingen,10,Tuesday,11,0,11,1.0,0
63202,accidents,"Arnhem Centraal - Utrecht Centraal, Rhenen - Utrecht Centraal",11,Tuesday,11,0,4,2.0,0
63203,infrastructure,"'s-Hertogenbosch - Eindhoven, Eindhoven - Tilburg",14,Tuesday,11,0,4,2.0,0
63204,rolling stock,"Arnhem Centraal - Basel SBB, Arnhem Centraal - Düsseldorf Hbf, Arnhem Centraal - Frankfurt (M) Hbf",14,Tuesday,11,0,7,3.0,0
63205,external,Dordrecht - Rotterdam Centraal,14,Tuesday,11,0,8,1.0,0
63207,rolling stock,Den Haag Centraal - Utrecht Centraal,14,Tuesday,11,0,4,1.0,0
63208,rolling stock,Almelo - Hengelo,15,Tuesday,11,0,4,1.0,0
63209,rolling stock,Leiden Centraal - Schiphol Airport,17,Tuesday,11,0,5,1.0,0
63210,external,'s-Hertogenbosch - Eindhoven,17,Tuesday,11,0,3,1.0,0
63211,rolling stock,Rhenen - Utrecht Centraal,17,Tuesday,11,0,2,1.0,0
63212,staff,Aachen Hbf - Heerlen,18,Tuesday,11,0,4,1.0,1
63213,rolling stock,Roermond - Venlo,18,Tuesday,11,0,5,1.0,0
63215,rolling stock,Deventer - Zutphen,20,Tuesday,11,0,2,1.0,0
63216,rolling stock,Alkmaar - Amsterdam Centraal,21,Tuesday,11,0,4,1.0,0
63217,rolling stock,Leiden Centraal - Utrecht Centraal,7,Wednesday,11,0,2,1.0,0
63218,rolling stock,Amsterdam Centraal - Hoorn,7,Wednesday,11,0,3,1.0,0
63219,rolling stock,Amsterdam Centraal - Hoorn,8,Wednesday,11,0,3,1.0,0
63221,rolling stock,"Amersfoort - Schiphol Airport, Lelystad Centrum - Schiphol Airport, Rotterdam Centraal - Schiphol Airport (HSL), Schiphol Airport - Utrecht Centraal",8,Wednesday,11,0,3,4.0,0
63222,rolling stock,"Den Haag Centraal - Den Haag HS, Den Haag HS - Rotterdam Centraal, Dordrecht - Rotterdam Centraal",8,Wednesday,11,0,15,3.0,0
63223,infrastructure,'s-Hertogenbosch - Tilburg,8,Wednesday,11,0,2,1.0,0
63224,rolling stock,Dordrecht - Roosendaal,9,Wednesday,11,0,4,1.0,0
63225,infrastructure,'s-Hertogenbosch - Tilburg,9,Wednesday,11,0,2,1.0,0
63227,infrastructure,Leiden Centraal - Schiphol Airport,10,Wednesday,11,0,4,1.0,1
63228,logistical,Dordrecht - Rotterdam Centraal,10,Wednesday,11,0,8,1.0,1
63229,infrastructure,Den Haag Centraal - Leiden Centraal,10,Wednesday,11,0,6,1.0,1
63230,infrastructure,Schiphol Airport - Utrecht Centraal,10,Wednesday,11,0,4,1.0,1
63231,accidents,Roosendaal - Vlissingen,11,Wednesday,11,0,11,1.0,0
63233,rolling stock,Eindhoven - Roermond,13,Wednesday,11,0,5,1.0,1
63234,rolling stock,Emmen - Zwolle,13,Wednesday,11,0,2,1.0,0
63235,rolling stock,"'s-Hertogenbosch - Eindhoven, Eindhoven - Tilburg",13,Wednesday,11,0,4,2.0,0
63236,rolling stock,"'s-Hertogenbosch - Eindhoven, Eindhoven - Tilburg",13,Wednesday,11,0,4,2.0,0
63237,infrastructure,Emmen - Zwolle,14,Wednesday,11,0,7,1.0,1
63238,rolling stock,Groningen - Zwolle,15,Wednesday,11,0,4,1.0,0
63240,rolling stock,Deventer - Zwolle,17,Wednesday,11,0,4,1.0,0
63241,accidents,Den Haag Centraal - Utrecht Centraal,18,Wednesday,11,0,4,1.0,1
63242,rolling stock,Almelo - Hengelo,19,Wednesday,11,0,4,1.0,0
63243,infrastructure,Den Haag Centraal - Utrecht Centraal,22,Wednesday,11,0,7,1.0,0
63244,infrastructure,Amersfoort - Zwolle,3,Thursday,11,0,2,1.0,1
63245,weather,Rhenen - Utrecht Centraal,6,Thursday,11,0,6,1.0,1
63246,infrastructure,Groningen - Leeuwarden,6,Thursday,11,0,9,1.0,1
63247,weather,Baarn - Utrecht Centraal,6,Thursday,11,0,3,1.0,1
63248,weather,Amersfoort - Ede-Wageningen,6,Thursday,11,0,4,1.0,1
63250,weather,"Amsterdam Centraal - Utrecht Centraal, Schiphol Airport - Utrecht Centraal",6,Thursday,11,0,7,2.0,0
63251,weather,Arnhem Centraal - Utrecht Centraal,6,Thursday,11,0,4,1.0,1
63252,rolling stock,Apeldoorn - Zutphen,7,Thursday,11,0,5,1.0,0
63253,rolling stock,Leeuwarden - Zwolle,7,Thursday,11,0,8,1.0,0
63254,rolling stock,"Amersfoort - Apeldoorn, Apeldoorn - Deventer",7,Thursday,11,0,5,2.0,0
63255,rolling stock,Amersfoort - Ede-Wageningen,7,Thursday,11,0,3,1.0,0
63256,rolling stock,Eindhoven - Roermond,7,Thursday,11,0,5,1.0,0
63257,rolling stock,"'s-Hertogenbosch - Eindhoven, Eindhoven - Tilburg",7,Thursday,11,0,4,2.0,0
63258,rolling stock,'s-Hertogenbosch - Nijmegen,9,Thursday,11,0,5,1.0,0
63259,unknown,Lelystad Centrum - Zwolle,9,Thursday,11,0,4,1.0,1
63260,unknown,"Amersfoort - Amsterdam Centraal, Amersfoort - Schiphol Airport",11,Thursday,11,0,3,2.0,0
63261,infrastructure,"Amersfoort - Amsterdam Centraal, Amersfoort - Schiphol Airport",12,Thursday,11,0,2,2.0,0
63264,rolling stock,Heerlen - Maastricht,15,Thursday,11,0,10,1.0,1
63265,logistical,Amsterdam Centraal - Utrecht Centraal,16,Thursday,11,0,11,1.0,1
63266,accidents,Alkmaar - Amsterdam Centraal,16,Thursday,11,0,4,1.0,1
63267,rolling stock,"Almere Oostvaarders - Utrecht Centraal, Amsterdam Centraal - Lelystad Centrum, Lelystad Centrum - Schiphol Airport",16,Thursday,11,0,4,3.0,0
63271,rolling stock,Amersfoort - Zwolle,19,Thursday,11,0,2,1.0,0
63272,rolling stock,Eindhoven - Roermond,19,Thursday,11,0,2,1.0,0
63273,accidents,Haarlem - Leiden Centraal,19,Thursday,11,0,4,1.0,1
63274,accidents,Den Haag Centraal - Leiden Centraal,19,Thursday,11,0,6,1.0,1
63275,rolling stock,'s-Hertogenbosch - Nijmegen,23,Thursday,11,0,5,1.0,0
63277,infrastructure,Breda - Dordrecht,5,Friday,11,0,3,1.0,0
63278,weather,"Arnhem Centraal - Utrecht Centraal, Rhenen - Utrecht Centraal",6,Friday,11,0,4,2.0,1
63279,unknown,Groningen - Leeuwarden,6,Friday,11,0,9,1.0,1
63280,weather,Groningen - Zwolle,6,Friday,11,0,4,1.0,0
63281,weather,Leeuwarden - Zwolle,6,Friday,11,0,6,1.0,0
63282,weather,Leeuwarden - Zwolle,7,Friday,11,0,4,1.0,1
63283,engineering work,Groningen - Leeuwarden,8,Friday,11,0,3,1.0,1
63284,rolling stock,Breda - Rotterdam Centraal (HSL),8,Friday,11,0,2,1.0,0
63286,rolling stock,Arnhem Centraal - Nijmegen,8,Friday,11,0,5,1.0,0
63287,infrastructure,Amersfoort - Zwolle,9,Friday,11,0,10,1.0,1
63288,rolling stock,"'s-Hertogenbosch - Utrecht Centraal, Tiel - Utrecht Centraal",9,Friday,11,0,3,2.0,0
63289,rolling stock,Nijmegen - Venlo,11,Friday,11,0,3,1.0,0
63290,accidents,Nijmegen - Venlo,11,Friday,11,0,3,1.0,1
63291,rolling stock,"Arnhem Centraal - Basel SBB, Arnhem Centraal - Düsseldorf Hbf, Arnhem Centraal - Frankfurt (M) Hbf, Arnhem Centraal - Winterswijk",12,Friday,11,0,5,4.0,0
63292,rolling stock,'s-Hertogenbosch - Tilburg,15,Friday,11,0,2,1.0,0
63293,external,"Amersfoort - Amsterdam Centraal, Amersfoort - Schiphol Airport",15,Friday,11,0,2,2.0,1
63294,external,"Amersfoort - Amsterdam Centraal, Amersfoort - Schiphol Airport",15,Friday,11,0,2,2.0,1
63295,infrastructure,"Leiden Centraal - Schiphol Airport, Schiphol Airport - Utrecht Centraal",19,Friday,11,0,9,2.0,1
63296,rolling stock,'s-Hertogenbosch - Utrecht Centraal,19,Friday,11,0,9,1.0,0
63298,infrastructure,Eindhoven - Roermond,23,Friday,11,0,2,1.0,1
63299,engineering work,Leiden Centraal - Schiphol Airport,1,Saturday,11,1,5,1.0,1
63300,infrastructure,Eindhoven - Roermond,6,Saturday,11,1,2,1.0,1
63301,weather,Aachen Hbf - Heerlen,7,Saturday,11,1,4,1.0,1
63302,weather,Heerlen - Maastricht,7,Saturday,11,1,10,1.0,1
63303,rolling stock,Winterswijk - Zutphen,7,Saturday,11,1,6,1.0,0
63304,rolling stock,Winterswijk - Zutphen,8,Saturday,11,1,2,1.0,1
63305,staff,Aachen Hbf - Heerlen,11,Saturday,11,1,6,1.0,1
63306,accidents,Groningen - Zwolle,11,Saturday,11,1,3,1.0,1
63307,external,Arnhem Centraal - Utrecht Centraal,11,Saturday,11,1,4,1.0,1
63308,rolling stock,Amersfoort - Zwolle,13,Saturday,11,1,2,1.0,1
63309,rolling stock,Leeuwarden - Zwolle,17,Saturday,11,1,8,1.0,0
63310,accidents,Eindhoven - Roermond,17,Saturday,11,1,5,1.0,1
63311,rolling stock,"Amsterdam Centraal - Utrecht Centraal, Amsterdam Centraal - Woerden",18,Saturday,11,1,8,2.0,0
63312,unknown,"Breda - Dordrecht, Dordrecht - Roosendaal",18,Saturday,11,1,3,2.0,0
63314,accidents,Emmen - Zwolle,19,Saturday,11,1,3,1.0,1
63315,rolling stock,Den Haag Centraal - Den Haag HS,21,Saturday,11,1,2,1.0,0
63316,external,Groningen - Eemshaven,0,Sunday,11,1,3,1.0,0
63317,accidents,"Arnhem Centraal - Utrecht Centraal, Rhenen - Utrecht Centraal",7,Sunday,11,1,3,2.0,0
63318,accidents,Eindhoven - Tilburg,8,Sunday,11,1,3,1.0,1
63319,rolling stock,Amersfoort - Ede-Wageningen,9,Sunday,11,1,2,1.0,0
63320,rolling stock,Aachen Hbf - Heerlen,9,Sunday,11,1,6,1.0,0
63321,accidents,Breda - Tilburg,9,Sunday,11,1,2,1.0,1
63323,external,"Amersfoort - Schiphol Airport, Amsterdam Centraal - Schiphol Airport, Leiden Centraal - Schiphol Airport, Lelystad Centrum - Schiphol Airport, Rotterdam Centraal - Schiphol Airport (HSL), Schiphol Airport - Utrecht Centraal, Schiphol Airport - Zaandam",11,Sunday,11,1,2,7.0,1
63324,infrastructure,"Almere Oostvaarders - Utrecht Centraal, Amersfoort - Amsterdam Centraal, Amersfoort - Schiphol Airport",11,Sunday,11,1,4,3.0,0
63325,rolling stock,Amsterdam Centraal - Hoorn,12,Sunday,11,1,5,1.0,0
63326,rolling stock,Amsterdam Centraal - Woerden,12,Sunday,11,1,2,1.0,0
63327,rolling stock,Amsterdam Centraal - Hoorn,12,Sunday,11,1,5,1.0,1
63328,rolling stock,Aachen Hbf - Heerlen,12,Sunday,11,1,3,1.0,1
63329,unknown,'s-Hertogenbosch - Nijmegen,13,Sunday,11,1,6,1.0,0
63330,weather,Lelystad Centrum - Schiphol Airport,15,Sunday,11,1,8,1.0,1
63331,infrastructure,Deventer - Zwolle,18,Sunday,11,1,4,1.0,1
63332,rolling stock,Rotterdam Centraal - Schiphol Airport (HSL),22,Sunday,11,1,2,1.0,0
63333,accidents,Maastricht - Sittard,23,Sunday,11,1,5,1.0,1
63334,logistical,"Breda - Dordrecht, Dordrecht - Roosendaal",5,Monday,11,0,3,2.0,1
63335,logistical,"Den Haag HS - Rotterdam Centraal, Dordrecht - Rotterdam Centraal",5,Monday,11,0,14,2.0,1
63336,staff,"Brussel-Zuid/Midi - Rotterdam Centraal (HSL), Paris-Nord - Rotterdam Centraal (HSL)",5,Monday,11,0,7,2.0,1
63337,infrastructure,Alphen a/d Rijn - Gouda,5,Monday,11,0,7,1.0,1
63338,staff,"Liège-Guillemins - Maastricht, Maastricht - Maastricht Randwyck",5,Monday,11,0,6,2.0,1
63339,rolling stock,Roosendaal - Vlissingen,6,Monday,11,0,11,1.0,0
63340,rolling stock,Den Haag Centraal - Utrecht Centraal,6,Monday,11,0,5,1.0,0
63342,rolling stock,"Den Haag Centraal - Utrecht Centraal, Leiden Centraal - Utrecht Centraal, Rotterdam Centraal - Utrecht Centraal",8,Monday,11,0,5,3.0,0
63344,rolling stock,Dordrecht - Geldermalsen,9,Monday,11,0,8,1.0,1
63345,accidents,"'s-Hertogenbosch - Eindhoven, 's-Hertogenbosch - Utrecht Centraal",9,Monday,11,0,14,2.0,1
63346,logistical,"Groningen - Bad Nieuweschans, Groningen - Leer (Ostfriesland), Groningen - Veendam, Groningen - Zwolle",10,Monday,11,0,2,4.0,1
63347,logistical,Aachen Hbf - Heerlen,14,Monday,11,0,3,1.0,1
63348,rolling stock,Arnhem Centraal - Zutphen,16,Monday,11,0,8,1.0,0
63349,rolling stock,"Amersfoort - Schiphol Airport, Lelystad Centrum - Schiphol Airport, Schiphol Airport - Utrecht Centraal",16,Monday,11,0,2,3.0,0
63350,rolling stock,Breda - Dordrecht,16,Monday,11,0,3,1.0,1
63351,rolling stock,"Den Haag Centraal - Den Haag HS, Den Haag Centraal - Leiden Centraal, Den Haag HS - Leiden Centraal, Den Haag HS - Rotterdam Centraal",16,Monday,11,0,13,4.0,1
63353,rolling stock,Groningen - Eemshaven,17,Monday,11,0,10,1.0,0
63354,rolling stock,"Almere Oostvaarders - Utrecht Centraal, Hilversum - Utrecht Centraal",18,Monday,11,0,4,2.0,0
63355,accidents,Emmen - Zwolle,19,Monday,11,0,2,1.0,0
63356,accidents,Apeldoorn - Deventer,21,Monday,11,0,4,1.0,1
63357,engineering work,"Amsterdam Centraal - Utrecht Centraal, Amsterdam Centraal - Woerden",0,Tuesday,11,0,5,2.0,1
63358,infrastructure,"Amsterdam Centraal - Schiphol Airport, Leiden Centraal - Schiphol Airport, Schiphol Airport - Zaandam",5,Tuesday,11,0,4,3.0,0
63359,external,Alkmaar - Amsterdam Centraal,6,Tuesday,11,0,3,1.0,0
63360,accidents,Roermond - Sittard,6,Tuesday,11,0,4,1.0,1
63361,rolling stock,Eindhoven - Tilburg,7,Tuesday,11,0,3,1.0,0
63362,rolling stock,Eindhoven - Tilburg,7,Tuesday,11,0,6,1.0,0
63363,rolling stock,Den Haag Centraal - Utrecht Centraal,7,Tuesday,11,0,4,1.0,0
63364,rolling stock,Breda - Tilburg,11,Tuesday,11,0,5,1.0,1
63365,infrastructure,Groningen - Leeuwarden,12,Tuesday,11,0,9,1.0,0
63367,rolling stock,Roosendaal - Vlissingen,15,Tuesday,11,0,11,1.0,0
63368,rolling stock,Breda - Rotterdam Centraal (HSL),15,Tuesday,11,0,2,1.0,0
63369,infrastructure,Den Haag HS - Rotterdam Centraal,16,Tuesday,11,0,7,1.0,1
63370,external,Amsterdam Centraal - Haarlem,16,Tuesday,11,0,4,1.0,0
63371,rolling stock,Arnhem Centraal - Nijmegen,16,Tuesday,11,0,3,1.0,0
63372,rolling stock,Groningen - Zwolle,18,Tuesday,11,0,2,1.0,1
63373,rolling stock,Apeldoorn - Deventer,19,Tuesday,11,0,4,1.0,0
63374,rolling stock,Dordrecht - Roosendaal,20,Tuesday,11,0,2,1.0,0
63375,external,Eindhoven - Venlo,20,Tuesday,11,0,3,1.0,0
63376,rolling stock,Almelo - Deventer,22,Tuesday,11,0,5,1.0,0
63378,rolling stock,"Alkmaar - Den Helder, Alkmaar - Hoorn",6,Wednesday,11,0,3,2.0,1
63379,rolling stock,Roermond - Venlo,7,Wednesday,11,0,2,1.0,0
63380,rolling stock,"Amsterdam Centraal - Lelystad Centrum, Lelystad Centrum - Schiphol Airport",8,Wednesday,11,0,4,2.0,0
63381,rolling stock,"Amsterdam Centraal - Schiphol Airport, Leiden Centraal - Schiphol Airport",8,Wednesday,11,0,5,2.0,1
63382,rolling stock,Arnhem Centraal - Nijmegen,8,Wednesday,11,0,5,1.0,0
63383,rolling stock,"Amersfoort - Schiphol Airport, Lelystad Centrum - Schiphol Airport",8,Wednesday,11,0,3,2.0,0
63384,rolling stock,Rotterdam Centraal - Schiphol Airport (HSL),8,Wednesday,11,0,2,1.0,0
63385,rolling stock,'s-Hertogenbosch - Eindhoven,9,Wednesday,11,0,3,1.0,0
63387,rolling stock,'s-Hertogenbosch - Utrecht Centraal,10,Wednesday,11,0,3,1.0,0
63388,rolling stock,"Amsterdam Centraal - Utrecht Centraal, Schiphol Airport - Utrecht Centraal",11,Wednesday,11,0,4,2.0,0
63389,rolling stock,"Den Haag Centraal - Utrecht Centraal, Rotterdam Centraal - Utrecht Centraal",13,Wednesday,11,0,3,2.0,0
63390,rolling stock,"Almere Oostvaarders - Utrecht Centraal, Amsterdam Centraal - Lelystad Centrum, Lelystad Centrum - Schiphol Airport",15,Wednesday,11,0,5,3.0,0
63391,external,Breda - Rotterdam Centraal (HSL),17,Wednesday,11,0,2,1.0,0
63392,external,'s-Hertogenbosch - Tilburg,17,Wednesday,11,0,2,1.0,1
63393,rolling stock,Antwerpen-Centraal - Roosendaal,21,Wednesday,11,0,2,1.0,0
63394,rolling stock,Hengelo - Zutphen,22,Wednesday,11,0,6,1.0,0
63396,rolling stock,Arnhem Centraal - Nijmegen,8,Thursday,11,0,3,1.0,0
63400,engineering work,Amersfoort - Utrecht Centraal,12,Thursday,11,0,5,1.0,0
63402,infrastructure,Roosendaal - Vlissingen,12,Thursday,11,0,2,1.0,0
63403,external,Amsterdam Centraal - Haarlem,13,Thursday,11,0,4,1.0,0
63405,rolling stock,'s-Hertogenbosch - Nijmegen,17,Thursday,11,0,5,1.0,0
63406,rolling stock,Eindhoven - Tilburg,18,Thursday,11,0,3,1.0,0
63407,external,"Arnhem Centraal - Basel SBB, Arnhem Centraal - Düsseldorf Hbf, Arnhem Centraal - Frankfurt (M) Hbf, Arnhem Centraal - Innsbruck Hbf, Arnhem Centraal - Nijmegen, Arnhem Centraal - Tiel, Arnhem Centraal - Utrecht Centraal, Arnhem Centraal - Wien Hbf, Arnhem Centraal - Winterswijk, Arnhem Centraal - Zutphen, Arnhem Centraal - Zürich HB",19,Thursday,11,0,2,11.0,0
63408,infrastructure,Roermond - Sittard,19,Thursday,11,0,4,1.0,1
63409,rolling stock,'s-Hertogenbosch - Nijmegen,19,Thursday,11,0,5,1.0,0
63411,rolling stock,Almere Oostvaarders - Utrecht Centraal,19,Thursday,11,0,3,1.0,0
63412,infrastructure,Haarlem - Uitgeest,8,Friday,11,0,6,1.0,1
63415,rolling stock,Groningen - Leeuwarden,12,Friday,11,0,9,1.0,0
63416,rolling stock,Roermond - Venlo,14,Friday,11,0,2,1.0,0
63417,external,"Delfzijl - Groningen, Groningen - Eemshaven",15,Friday,11,0,3,2.0,0
63418,external,Apeldoorn - Deventer,15,Friday,11,0,4,1.0,1
63419,rolling stock,'s-Hertogenbosch - Eindhoven,16,Friday,11,0,3,1.0,0
63420,infrastructure,"Breda - Dordrecht, Dordrecht - Roosendaal",17,Friday,11,0,3,2.0,1
63421,rolling stock,"Amersfoort - Apeldoorn, Apeldoorn - Deventer",17,Friday,11,0,5,2.0,0
63422,accidents,Almelo - Deventer,0,Saturday,11,1,5,1.0,0
63423,staff,Aachen Hbf - Heerlen,5,Saturday,11,1,6,1.0,1
63425,infrastructure,Dordrecht - Roosendaal,16,Saturday,11,1,4,1.0,0
63426,accidents,'s-Hertogenbosch - Tilburg,19,Saturday,11,1,2,1.0,1
63427,external,Groningen - Leeuwarden,21,Saturday,11,1,6,1.0,0
63429,rolling stock,"Berlin Ostbahnhof - Hengelo, Bielefeld Hbf - Hengelo, Hengelo - Oldenzaal",6,Sunday,11,1,4,3.0,1
63430,infrastructure,Eindhoven - Roermond,10,Sunday,11,1,5,1.0,0
63431,infrastructure,Amsterdam Centraal - Lelystad Centrum,10,Sunday,11,1,8,1.0,1
63432,rolling stock,Rotterdam Centraal - Schiphol Airport (HSL),10,Sunday,11,1,2,1.0,0
63434,infrastructure,"Amsterdam Centraal - Utrecht Centraal, Amsterdam Centraal - Woerden",13,Sunday,11,1,5,2.0,1
63435,rolling stock,"Amsterdam Centraal - Utrecht Centraal, Amsterdam Centraal - Woerden, Schiphol Airport - Utrecht Centraal",15,Sunday,11,1,4,3.0,0
63436,accidents,Heerlen - Sittard,16,Sunday,11,1,7,1.0,1
63438,external,Amersfoort - Zwolle,20,Sunday,11,1,3,1.0,1
63439,rolling stock,Arnhem Centraal - Nijmegen,21,Sunday,11,1,3,1.0,0
63440,external,Lelystad Centrum - Zwolle,21,Sunday,11,1,2,1.0,1
63441,infrastructure,Den Haag Centraal - Utrecht Centraal,4,Monday,12,0,8,1.0,1
63442,rolling stock,'s-Hertogenbosch - Tilburg,6,Monday,12,0,2,1.0,0
63443,infrastructure,Amersfoort - Apeldoorn,6,Monday,12,0,2,1.0,1
63444,rolling stock,Eindhoven - Venlo,6,Monday,12,0,3,1.0,0
63445,infrastructure,Amersfoort - Ede-Wageningen,6,Monday,12,0,4,1.0,1
63446,infrastructure,Breda - Rotterdam Centraal (HSL),8,Monday,12,0,2,1.0,1
63447,rolling stock,Almelo - Zwolle,8,Monday,12,0,5,1.0,0
63448,infrastructure,"Breda - Dordrecht, Dordrecht - Roosendaal",8,Monday,12,0,3,2.0,1
63449,external,Hamm (Westf.) - Venlo,9,Monday,12,0,6,1.0,1
63451,external,Breda - Rotterdam Centraal (HSL),12,Monday,12,0,2,1.0,0
63452,external,Dordrecht - Rotterdam Centraal,12,Monday,12,0,8,1.0,0
63453,external,Den Haag HS - Rotterdam Centraal,12,Monday,12,0,7,1.0,0
63455,rolling stock,Den Haag HS - Rotterdam Centraal,16,Monday,12,0,4,1.0,0
63456,external,Breda - Dordrecht,16,Monday,12,0,3,1.0,0
63457,rolling stock,Emmen - Zwolle,16,Monday,12,0,3,1.0,0
63458,rolling stock,Eindhoven - Roermond,17,Monday,12,0,3,1.0,0
63460,rolling stock,"Almere Oostvaarders - Utrecht Centraal, Amsterdam Centraal - Lelystad Centrum, Lelystad Centrum - Schiphol Airport",17,Monday,12,0,5,3.0,0
63461,external,'s-Hertogenbosch - Utrecht Centraal,18,Monday,12,0,9,1.0,0
63462,external,Rotterdam Centraal - Schiphol Airport (HSL),18,Monday,12,0,2,1.0,0
63463,rolling stock,"Amersfoort - Amsterdam Centraal, Amersfoort - Schiphol Airport, Amersfoort - Zwolle",19,Monday,12,0,4,3.0,1
63464,rolling stock,Eindhoven - Roermond,19,Monday,12,0,2,1.0,0
63465,rolling stock,"Amersfoort - Schiphol Airport, Lelystad Centrum - Schiphol Airport, Schiphol Airport - Utrecht Centraal",19,Monday,12,0,2,3.0,0
63466,rolling stock,"Amersfoort - Schiphol Airport, Lelystad Centrum - Schiphol Airport",20,Monday,12,0,3,2.0,0
63467,external,Hamm (Westf.) - Venlo,4,Tuesday,12,0,7,1.0,1
63469,infrastructure,Emmen - Zwolle,5,Tuesday,12,0,3,1.0,1
63470,rolling stock,'s-Hertogenbosch - Nijmegen,6,Tuesday,12,0,5,1.0,0
63471,infrastructure,Breda - Roosendaal,7,Tuesday,12,0,3,1.0,0
63472,rolling stock,Arnhem Centraal - Zutphen,7,Tuesday,12,0,8,1.0,0
63473,external,"Amersfoort - Schiphol Airport, Lelystad Centrum - Schiphol Airport",8,Tuesday,12,0,3,2.0,0
63474,rolling stock,"Amersfoort - Schiphol Airport, Lelystad Centrum - Schiphol Airport, Rotterdam Centraal - Schiphol Airport (HSL), Schiphol Airport - Utrecht Centraal",8,Tuesday,12,0,3,4.0,0
63475,external,Breda - Rotterdam Centraal (HSL),9,Tuesday,12,0,2,1.0,0
63477,rolling stock,Breda - Rotterdam Centraal (HSL),9,Tuesday,12,0,2,1.0,1
63479,rolling stock,Lelystad Centrum - Schiphol Airport,9,Tuesday,12,0,13,1.0,1
63480,rolling stock,"Den Haag Centraal - Den Haag HS, Den Haag HS - Rotterdam Centraal, Dordrecht - Rotterdam Centraal",10,Tuesday,12,0,15,3.0,1
63481,rolling stock,"Breda - Dordrecht, Dordrecht - Roosendaal",10,Tuesday,12,0,3,2.0,1
63482,rolling stock,Rotterdam Centraal - Schiphol Airport (HSL),10,Tuesday,12,0,2,1.0,1
63484,rolling stock,Nijmegen - Venlo,10,Tuesday,12,0,7,1.0,1
63486,infrastructure,'s-Hertogenbosch - Tilburg,12,Tuesday,12,0,2,1.0,0
63487,external,Rotterdam Centraal - Utrecht Centraal,13,Tuesday,12,0,12,1.0,1
63489,rolling stock,Breda - Roosendaal,15,Tuesday,12,0,3,1.0,1
63490,rolling stock,"Den Haag Centraal - Den Haag HS, Den Haag HS - Rotterdam Centraal",15,Tuesday,12,0,8,2.0,1
63491,infrastructure,Delfzijl - Groningen,15,Tuesday,12,0,3,1.0,1
63492,rolling stock,"Amersfoort - Schiphol Airport, Lelystad Centrum - Schiphol Airport, Rotterdam Centraal - Schiphol Airport (HSL), Schiphol Airport - Utrecht Centraal",15,Tuesday,12,0,3,4.0,0
63493,rolling stock,"Den Haag Centraal - Den Haag HS, Den Haag HS - Rotterdam Centraal, Dordrecht - Rotterdam Centraal",15,Tuesday,12,0,15,3.0,0
63494,infrastructure,"Breda - Rotterdam Centraal (HSL), Rotterdam Centraal - Schiphol Airport (HSL)",15,Tuesday,12,0,3,2.0,0
63496,rolling stock,Arnhem Centraal - Nijmegen,16,Tuesday,12,0,5,1.0,1
63499,unknown,"Den Haag Centraal - Utrecht Centraal, Rotterdam Centraal - Utrecht Centraal",17,Tuesday,12,0,7,2.0,1
63500,unknown,'s-Hertogenbosch - Eindhoven,20,Tuesday,12,0,6,1.0,0
63502,external,Alkmaar - Amsterdam Centraal,21,Tuesday,12,0,4,1.0,0
63504,external,Utrecht Centraal - Utrecht Maliebaan,21,Tuesday,12,0,2,1.0,0
63505,external,"'s-Hertogenbosch - Utrecht Centraal, Almere Oostvaarders - Utrecht Centraal, Amersfoort - Utrecht Centraal, Amsterdam Centraal - Utrecht Centraal, Arnhem Centraal - Utrecht Centraal, Baarn - Utrecht Centraal, Den Haag Centraal - Utrecht Centraal, Hilversum - Utrecht Centraal, Leiden Centraal - Utrecht Centraal, Rhenen - Utrecht Centraal, Rotterdam Centraal - Utrecht Centraal, Schiphol Airport - Utrecht Centraal, Tiel - Utrecht Centraal, Utrecht Centraal - Utrecht Maliebaan",21,Tuesday,12,0,3,14.0,0
63507,rolling stock,Roermond - Venlo,8,Wednesday,12,0,2,1.0,1
63508,accidents,Arnhem Centraal - Utrecht Centraal,8,Wednesday,12,0,4,1.0,1
63509,accidents,"Amsterdam Centraal - Utrecht Centraal, Schiphol Airport - Utrecht Centraal",8,Wednesday,12,0,7,2.0,1
63510,accidents,Leiden Centraal - Schiphol Airport,8,Wednesday,12,0,5,1.0,1
63511,accidents,Den Haag Centraal - Leiden Centraal,8,Wednesday,12,0,6,1.0,1
63512,infrastructure,Rotterdam Centraal - Utrecht Centraal,11,Wednesday,12,0,6,1.0,1
63513,rolling stock,Deventer - Zutphen,15,Wednesday,12,0,2,1.0,1
63514,unknown,'s-Hertogenbosch - Utrecht Centraal,19,Wednesday,12,0,9,1.0,1
63515,rolling stock,Breda - Tilburg,6,Thursday,12,0,5,1.0,0
63516,rolling stock,"Berlin Ostbahnhof - Hengelo, Bielefeld Hbf - Hengelo, Hengelo - Oldenzaal",6,Thursday,12,0,4,3.0,1
63517,infrastructure,Eindhoven - Roermond,7,Thursday,12,0,5,1.0,0
63518,rolling stock,Alkmaar - Hoorn,10,Thursday,12,0,3,1.0,0
63519,logistical,Aachen Hbf - Heerlen,10,Thursday,12,0,4,1.0,1
63520,rolling stock,Den Haag Centraal - Utrecht Centraal,11,Thursday,12,0,7,1.0,0
63521,rolling stock,Almelo - Mariënberg,12,Thursday,12,0,5,1.0,0
63522,rolling stock,Den Haag HS - Rotterdam Centraal,16,Thursday,12,0,7,1.0,0
63523,rolling stock,Dordrecht - Rotterdam Centraal,16,Thursday,12,0,8,1.0,0
63525,rolling stock,Emmen - Zwolle,16,Thursday,12,0,5,1.0,0
63526,rolling stock,'s-Hertogenbosch - Nijmegen,16,Thursday,12,0,2,1.0,0
63528,rolling stock,Den Haag Centraal - Utrecht Centraal,18,Thursday,12,0,7,1.0,1
63529,rolling stock,"Amersfoort - Schiphol Airport, Lelystad Centrum - Schiphol Airport, Rotterdam Centraal - Schiphol Airport (HSL), Schiphol Airport - Utrecht Centraal",19,Thursday,12,0,3,4.0,0
63530,unknown,"'s-Hertogenbosch - Eindhoven, Eindhoven - Tilburg",19,Thursday,12,0,4,2.0,0
63531,rolling stock,Eindhoven - Roermond,19,Thursday,12,0,3,1.0,0
63532,rolling stock,"Amersfoort - Apeldoorn, Apeldoorn - Deventer",19,Thursday,12,0,5,2.0,1
63533,rolling stock,"Den Haag Centraal - Den Haag HS, Den Haag HS - Rotterdam Centraal, Dordrecht - Rotterdam Centraal",19,Thursday,12,0,15,3.0,0
63534,rolling stock,Amersfoort - Ede-Wageningen,19,Thursday,12,0,4,1.0,1
63537,rolling stock,Groningen - Leeuwarden,7,Friday,12,0,6,1.0,0
63538,unknown,Eindhoven - Roermond,8,Friday,12,0,2,1.0,0
63539,rolling stock,"Arnhem Centraal - Nijmegen, Arnhem Centraal - Tiel",12,Friday,12,0,3,2.0,0
63540,rolling stock,"Amersfoort - Schiphol Airport, Lelystad Centrum - Schiphol Airport, Rotterdam Centraal - Schiphol Airport (HSL), Schiphol Airport - Utrecht Centraal",14,Friday,12,0,3,4.0,0
63541,rolling stock,Breda - Rotterdam Centraal (HSL),14,Friday,12,0,2,1.0,1
63542,rolling stock,"Amersfoort - Schiphol Airport, Lelystad Centrum - Schiphol Airport, Schiphol Airport - Utrecht Centraal",15,Friday,12,0,2,3.0,1
63543,rolling stock,"Breda - Dordrecht, Dordrecht - Roosendaal",15,Friday,12,0,3,2.0,1
63544,rolling stock,"Den Haag Centraal - Den Haag HS, Den Haag HS - Rotterdam Centraal, Dordrecht - Rotterdam Centraal",15,Friday,12,0,15,3.0,1
63545,rolling stock,Rotterdam Centraal - Schiphol Airport (HSL),15,Friday,12,0,2,1.0,1
63546,rolling stock,Dordrecht - Roosendaal,17,Friday,12,0,6,1.0,1
63547,external,"Amsterdam Centraal - Utrecht Centraal, Amsterdam Centraal - Woerden",19,Friday,12,0,8,2.0,0
63548,rolling stock,Arnhem Centraal - Winterswijk,21,Friday,12,0,6,1.0,0
63549,rolling stock,'s-Hertogenbosch - Nijmegen,21,Friday,12,0,6,1.0,0
63550,rolling stock,Amersfoort - Zwolle,21,Friday,12,0,2,1.0,0
63551,rolling stock,Amersfoort - Apeldoorn,22,Friday,12,0,2,1.0,0
63552,rolling stock,Breda - Roosendaal,13,Saturday,12,1,3,1.0,0
63554,external,"Berlin Ostbahnhof - Hengelo, Bielefeld Hbf - Hengelo, Hengelo - Oldenzaal",18,Saturday,12,1,3,3.0,0
63555,rolling stock,Arnhem Centraal - Utrecht Centraal,18,Saturday,12,1,4,1.0,0
63556,external,Dordrecht - Rotterdam Centraal,18,Saturday,12,1,8,1.0,0
63558,external,Amsterdam Centraal - Hoorn,19,Saturday,12,1,5,1.0,0
63561,rolling stock,Almere Oostvaarders - Utrecht Centraal,21,Saturday,12,1,3,1.0,0
63563,external,Almere Oostvaarders - Utrecht Centraal,8,Sunday,12,1,8,1.0,0
63564,infrastructure,Leiden Centraal - Utrecht Centraal,9,Sunday,12,1,3,1.0,1
63566,staff,"Bielefeld Hbf - Hengelo, Hengelo - Oldenzaal",10,Sunday,12,1,8,2.0,1
63567,external,Den Haag HS - Rotterdam Centraal,12,Sunday,12,1,5,1.0,0
63568,external,Dordrecht - Rotterdam Centraal,12,Sunday,12,1,8,1.0,0
63569,rolling stock,Almelo - Hengelo,12,Sunday,12,1,4,1.0,1
63570,rolling stock,Hengelo - Zutphen,13,Sunday,12,1,3,1.0,0
63571,infrastructure,Haarlem - Uitgeest,14,Sunday,12,1,6,1.0,1
63573,unknown,'s-Hertogenbosch - Utrecht Centraal,15,Sunday,12,1,9,1.0,1
63574,external,Haarlem - Leiden Centraal,17,Sunday,12,1,5,1.0,0
63575,infrastructure,Haarlem - Uitgeest,18,Sunday,12,1,6,1.0,1
63576,external,Breda - Rotterdam Centraal (HSL),19,Sunday,12,1,2,1.0,1
63577,rolling stock,Leiden Centraal - Utrecht Centraal,20,Sunday,12,1,2,1.0,1
63578,rolling stock,Almelo - Deventer,6,Monday,12,0,4,1.0,1
63579,rolling stock,Almelo - Mariënberg,6,Monday,12,0,5,1.0,1
63580,rolling stock,"Amersfoort - Schiphol Airport, Lelystad Centrum - Schiphol Airport",8,Monday,12,0,3,2.0,0
63581,rolling stock,Nijmegen - Venlo,8,Monday,12,0,3,1.0,0
63582,infrastructure,Breda - Rotterdam Centraal (HSL),8,Monday,12,0,2,1.0,1
63583,rolling stock,Leeuwarden - Zwolle,8,Monday,12,0,8,1.0,0
63584,rolling stock,Arnhem Centraal - Zutphen,9,Monday,12,0,8,1.0,0
63585,rolling stock,Leeuwarden - Zwolle,9,Monday,12,0,3,1.0,1
63586,logistical,Groningen - Leeuwarden,9,Monday,12,0,9,1.0,1
63587,rolling stock,Breda - Tilburg,9,Monday,12,0,5,1.0,0
63588,rolling stock,Breda - Rotterdam Centraal (HSL),10,Monday,12,0,2,1.0,0
63589,infrastructure,'s-Hertogenbosch - Tilburg,10,Monday,12,0,2,1.0,0
63590,rolling stock,Nijmegen - Venlo,11,Monday,12,0,5,1.0,0
63592,rolling stock,Antwerpen-Centraal - Roosendaal,13,Monday,12,0,12,1.0,0
63593,rolling stock,Antwerpen-Centraal - Roosendaal,13,Monday,12,0,2,1.0,1
63594,rolling stock,Emmen - Zwolle,13,Monday,12,0,2,1.0,0
63595,unknown,'s-Hertogenbosch - Utrecht Centraal,14,Monday,12,0,3,1.0,0
63597,external,Eindhoven - Roermond,16,Monday,12,0,5,1.0,1
63599,rolling stock,Almelo - Mariënberg,16,Monday,12,0,6,1.0,1
63600,rolling stock,Eindhoven - Tilburg,17,Monday,12,0,3,1.0,1
63601,staff,Hamm (Westf.) - Venlo,17,Monday,12,0,7,1.0,1
63602,unknown,Dordrecht - Roosendaal,18,Monday,12,0,4,1.0,0
63604,accidents,Groningen - Zwolle,21,Monday,12,0,3,1.0,1
63605,rolling stock,Haarlem - Uitgeest,21,Monday,12,0,6,1.0,0
63606,rolling stock,"Amersfoort - Amsterdam Centraal, Amersfoort - Schiphol Airport",22,Monday,12,0,2,2.0,0
63607,rolling stock,"Arnhem Centraal - Utrecht Centraal, Rhenen - Utrecht Centraal",0,Tuesday,12,0,3,2.0,0
63608,infrastructure,Almelo - Deventer,10,Tuesday,12,0,2,1.0,0
63609,infrastructure,Groningen - Zwolle,14,Tuesday,12,0,2,1.0,1
63610,rolling stock,Den Haag Centraal - Utrecht Centraal,17,Tuesday,12,0,7,1.0,0
63611,accidents,Roosendaal - Vlissingen,17,Tuesday,12,0,4,1.0,1
63612,external,Groningen - Leeuwarden,17,Tuesday,12,0,4,1.0,1
63614,rolling stock,Breda - Rotterdam Centraal (HSL),19,Tuesday,12,0,2,1.0,0
63615,external,"Amersfoort - Amsterdam Centraal, Amersfoort - Apeldoorn, Amersfoort - Ede-Wageningen, Amersfoort - Schiphol Airport, Amersfoort - Utrecht Centraal, Amersfoort - Zwolle",19,Tuesday,12,0,3,6.0,1
63616,external,Amersfoort - Utrecht Centraal,20,Tuesday,12,0,2,1.0,0
63617,rolling stock,Nijmegen - Venlo,20,Tuesday,12,0,2,1.0,0
63618,rolling stock,"Berlin Ostbahnhof - Hengelo, Bielefeld Hbf - Hengelo, Hengelo - Oldenzaal",5,Wednesday,12,0,4,3.0,1
63619,rolling stock,Dordrecht - Rotterdam Centraal,6,Wednesday,12,0,8,1.0,0
63620,rolling stock,'s-Hertogenbosch - Eindhoven,10,Wednesday,12,0,3,1.0,0
63622,infrastructure,Amsterdam Centraal - Utrecht Centraal,11,Wednesday,12,0,11,1.0,1
63623,infrastructure,"Amsterdam Centraal - Utrecht Centraal, Schiphol Airport - Utrecht Centraal",11,Wednesday,12,0,7,2.0,1
63625,accidents,"Almere Oostvaarders - Utrecht Centraal, Amsterdam Centraal - Lelystad Centrum, Lelystad Centrum - Schiphol Airport",12,Wednesday,12,0,5,3.0,0
63626,rolling stock,"Berlin Ostbahnhof - Hengelo, Bielefeld Hbf - Hengelo, Hengelo - Oldenzaal",20,Wednesday,12,0,4,3.0,0
63627,rolling stock,Amersfoort - Utrecht Centraal,20,Wednesday,12,0,5,1.0,1
63628,external,"Alkmaar - Amsterdam Centraal, Haarlem - Uitgeest",22,Wednesday,12,0,3,2.0,1
63629,infrastructure,"Breda - Dordrecht, Dordrecht - Roosendaal",22,Wednesday,12,0,3,2.0,1
63630,infrastructure,Breda - Rotterdam Centraal (HSL),22,Wednesday,12,0,2,1.0,1
63631,infrastructure,Rotterdam Centraal - Schiphol Airport (HSL),22,Wednesday,12,0,2,1.0,1
63632,infrastructure,Lelystad Centrum - Schiphol Airport,22,Wednesday,12,0,13,1.0,1
63633,infrastructure,"Den Haag Centraal - Den Haag HS, Den Haag HS - Rotterdam Centraal, Dordrecht - Rotterdam Centraal",22,Wednesday,12,0,15,3.0,1
63634,engineering work,"Delfzijl - Groningen, Groningen - Eemshaven",5,Thursday,12,0,3,2.0,1
63635,rolling stock,Roermond - Sittard,7,Thursday,12,0,4,1.0,0
63636,infrastructure,"Arnhem Centraal - Basel SBB, Arnhem Centraal - Düsseldorf Hbf, Arnhem Centraal - Frankfurt (M) Hbf, Arnhem Centraal - Winterswijk",9,Thursday,12,0,5,4.0,1
63638,rolling stock,Amersfoort - Zwolle,10,Thursday,12,0,3,1.0,0
63639,infrastructure,Amsterdam Centraal - Utrecht Centraal,11,Thursday,12,0,11,1.0,1
63640,rolling stock,"Amersfoort - Amsterdam Centraal, Amersfoort - Schiphol Airport",12,Thursday,12,0,3,2.0,0
63641,rolling stock,Almelo - Deventer,12,Thursday,12,0,5,1.0,0
63642,unknown,Amsterdam Centraal - Haarlem,13,Thursday,12,0,4,1.0,1
63643,rolling stock,"Amersfoort - Apeldoorn, Apeldoorn - Deventer",13,Thursday,12,0,5,2.0,1
63644,rolling stock,Amersfoort - Ede-Wageningen,13,Thursday,12,0,5,1.0,1
63645,unknown,Roosendaal - Vlissingen,14,Thursday,12,0,4,1.0,0
63646,unknown,"Den Haag Centraal - Utrecht Centraal, Rotterdam Centraal - Utrecht Centraal",14,Thursday,12,0,7,2.0,1
63647,rolling stock,"Amersfoort - Schiphol Airport, Lelystad Centrum - Schiphol Airport",15,Thursday,12,0,3,2.0,1
63648,rolling stock,Rotterdam Centraal - Schiphol Airport (HSL),15,Thursday,12,0,2,1.0,1
63649,external,Nijmegen - Venlo,15,Thursday,12,0,3,1.0,0
63650,unknown,Amsterdam Centraal - Haarlem,15,Thursday,12,0,5,1.0,1
63651,rolling stock,"Amsterdam Centraal - Schiphol Airport, Leiden Centraal - Schiphol Airport",15,Thursday,12,0,5,2.0,1
63652,external,Nijmegen - Venlo,16,Thursday,12,0,4,1.0,0
63653,external,Rotterdam Centraal - Utrecht Centraal,17,Thursday,12,0,6,1.0,0
63654,rolling stock,Breda - Rotterdam Centraal (HSL),18,Thursday,12,0,2,1.0,0
63655,rolling stock,"Amersfoort - Schiphol Airport, Lelystad Centrum - Schiphol Airport, Rotterdam Centraal - Schiphol Airport (HSL), Schiphol Airport - Utrecht Centraal",21,Thursday,12,0,3,4.0,1
63656,external,Breda - Rotterdam Centraal (HSL),7,Friday,12,0,2,1.0,1
63657,external,Breda - Dordrecht,7,Friday,12,0,3,1.0,1
63658,rolling stock,"Amersfoort - Amsterdam Centraal, Amersfoort - Schiphol Airport",8,Friday,12,0,5,2.0,0
63659,rolling stock,Almere Oostvaarders - Utrecht Centraal,8,Friday,12,0,3,1.0,0
63660,rolling stock,"Amersfoort - Apeldoorn, Apeldoorn - Deventer",9,Friday,12,0,5,2.0,0
63661,rolling stock,Amersfoort - Ede-Wageningen,9,Friday,12,0,5,1.0,0
63663,rolling stock,"Amersfoort - Apeldoorn, Apeldoorn - Deventer",10,Friday,12,0,5,2.0,1
63664,rolling stock,Amersfoort - Ede-Wageningen,10,Friday,12,0,5,1.0,1
63665,rolling stock,Schiphol Airport - Utrecht Centraal,11,Friday,12,0,5,1.0,0
63666,rolling stock,"Eindhoven - Roermond, Roermond - Sittard",12,Friday,12,0,5,2.0,0
63668,unknown,Amersfoort - Utrecht Centraal,14,Friday,12,0,5,1.0,0
63669,rolling stock,"Alkmaar - Amsterdam Centraal, Amsterdam Centraal - Haarlem, Amsterdam Centraal - Hoorn, Amsterdam Centraal - Schiphol Airport",16,Friday,12,0,2,4.0,0
63670,rolling stock,Harlingen Haven - Leeuwarden,16,Friday,12,0,5,1.0,0
63672,accidents,Almere Oostvaarders - Utrecht Centraal,17,Friday,12,0,6,1.0,1
63673,rolling stock,Breda - Rotterdam Centraal (HSL),18,Friday,12,0,2,1.0,0
63674,unknown,Roosendaal - Vlissingen,19,Friday,12,0,4,1.0,1
63676,rolling stock,Amersfoort - Zwolle,20,Friday,12,0,2,1.0,0
63677,external,Dordrecht - Rotterdam Centraal,20,Friday,12,0,8,1.0,0
63678,infrastructure,Leiden Centraal - Schiphol Airport,22,Friday,12,0,4,1.0,1
63680,rolling stock,Eindhoven - Venlo,0,Saturday,12,1,6,1.0,0
63681,rolling stock,"Den Haag Centraal - Utrecht Centraal, Leiden Centraal - Utrecht Centraal, Rotterdam Centraal - Utrecht Centraal",7,Saturday,12,1,5,3.0,0
63682,logistical,"Arnhem Centraal - Basel SBB, Arnhem Centraal - Düsseldorf Hbf, Arnhem Centraal - Frankfurt (M) Hbf",10,Saturday,12,1,3,3.0,0
63683,logistical,"Arnhem Centraal - Basel SBB, Arnhem Centraal - Düsseldorf Hbf, Arnhem Centraal - Frankfurt (M) Hbf",12,Saturday,12,1,7,3.0,1
63685,infrastructure,'s-Hertogenbosch - Nijmegen,17,Saturday,12,1,5,1.0,1
63686,infrastructure,Winterswijk - Zutphen,22,Saturday,12,1,2,1.0,0
63687,rolling stock,"Arnhem Centraal - Basel SBB, Arnhem Centraal - Düsseldorf Hbf, Arnhem Centraal - Frankfurt (M) Hbf, Arnhem Centraal - Winterswijk",23,Saturday,12,1,5,4.0,0
63688,rolling stock,"Berlin Ostbahnhof - Hengelo, Bielefeld Hbf - Hengelo, Hengelo - Oldenzaal, Hengelo - Zutphen",7,Sunday,12,1,8,4.0,1
63689,rolling stock,"Arnhem Centraal - Basel SBB, Arnhem Centraal - Düsseldorf Hbf, Arnhem Centraal - Frankfurt (M) Hbf",8,Sunday,12,1,3,3.0,0
63690,rolling stock,Breda - Rotterdam Centraal (HSL),9,Sunday,12,1,2,1.0,0
63692,rolling stock,Roosendaal - Vlissingen,10,Sunday,12,1,11,1.0,0
63693,rolling stock,Rotterdam Centraal - Schiphol Airport (HSL),12,Sunday,12,1,2,1.0,1
63694,rolling stock,Amsterdam Centraal - Hoorn,13,Sunday,12,1,3,1.0,0
63695,accidents,Amsterdam Centraal - Hoorn,15,Sunday,12,1,2,1.0,1
63697,accidents,Groningen - Leeuwarden,19,Sunday,12,1,3,1.0,0
63698,accidents,Arnhem Centraal - Utrecht Centraal,22,Sunday,12,1,4,1.0,1
63699,infrastructure,'s-Hertogenbosch - Nijmegen,4,Monday,12,0,5,1.0,0
63700,infrastructure,'s-Hertogenbosch - Nijmegen,5,Monday,12,0,5,1.0,1
63701,infrastructure,Groningen - Eemshaven,6,Monday,12,0,2,1.0,0
63702,rolling stock,Eindhoven - Roermond,6,Monday,12,0,3,1.0,0
63703,rolling stock,Heerlen - Maastricht,6,Monday,12,0,6,1.0,0
63704,rolling stock,"Amersfoort - Schiphol Airport, Lelystad Centrum - Schiphol Airport, Rotterdam Centraal - Schiphol Airport (HSL), Schiphol Airport - Utrecht Centraal",7,Monday,12,0,3,4.0,0
63705,rolling stock,"Aachen Hbf - Heerlen, Heerlen - Kerkrade Centrum",7,Monday,12,0,2,2.0,0
63706,infrastructure,Groningen - Eemshaven,7,Monday,12,0,2,1.0,0
63707,rolling stock,Breda - Tilburg,8,Monday,12,0,2,1.0,1
63708,rolling stock,Roermond - Venlo,8,Monday,12,0,5,1.0,0
63709,infrastructure,Enschede - Hengelo,10,Monday,12,0,3,1.0,0
63710,rolling stock,'s-Hertogenbosch - Nijmegen,11,Monday,12,0,2,1.0,0
63711,rolling stock,Amersfoort - Zwolle,17,Monday,12,0,3,1.0,0
63713,external,Den Haag Centraal - Leiden Centraal,18,Monday,12,0,6,1.0,1
63714,rolling stock,"Amersfoort - Amsterdam Centraal, Amersfoort - Schiphol Airport",18,Monday,12,0,2,2.0,0
63715,external,Haarlem - Leiden Centraal,18,Monday,12,0,5,1.0,0
63716,accidents,Den Haag Centraal - Leiden Centraal,19,Monday,12,0,6,1.0,1
63717,accidents,Haarlem - Leiden Centraal,19,Monday,12,0,4,1.0,1
63718,rolling stock,"'s-Hertogenbosch - Eindhoven, Eindhoven - Tilburg",19,Monday,12,0,4,2.0,0
63719,rolling stock,Eindhoven - Roermond,20,Monday,12,0,5,1.0,0
63720,external,Dordrecht - Rotterdam Centraal,20,Monday,12,0,5,1.0,1
63721,external,Breda - Rotterdam Centraal (HSL),20,Monday,12,0,2,1.0,0
63723,external,"'s-Hertogenbosch - Tilburg, Breda - Tilburg",20,Monday,12,0,6,2.0,0
63724,infrastructure,Groningen - Eemshaven,6,Tuesday,12,0,4,1.0,1
63725,rolling stock,Den Haag Centraal - Den Haag HS,6,Tuesday,12,0,2,1.0,1
63726,rolling stock,Amersfoort - Zwolle,6,Tuesday,12,0,5,1.0,0
63727,rolling stock,Nijmegen - Venlo,7,Tuesday,12,0,2,1.0,0
63728,external,Haarlem - Leiden Centraal,7,Tuesday,12,0,5,1.0,0
63729,rolling stock,'s-Hertogenbosch - Tilburg,7,Tuesday,12,0,2,1.0,0
63730,rolling stock,Alkmaar - Amsterdam Centraal,8,Tuesday,12,0,3,1.0,0
63731,rolling stock,Breda - Rotterdam Centraal (HSL),8,Tuesday,12,0,2,1.0,1
63732,rolling stock,"Breda - Dordrecht, Dordrecht - Roosendaal",8,Tuesday,12,0,3,2.0,0
63733,rolling stock,Roermond - Venlo,8,Tuesday,12,0,3,1.0,0
63734,rolling stock,Rotterdam Centraal - Schiphol Airport (HSL),8,Tuesday,12,0,2,1.0,1
63735,rolling stock,"Berlin Ostbahnhof - Hengelo, Bielefeld Hbf - Hengelo, Hengelo - Oldenzaal",10,Tuesday,12,0,4,3.0,1
63736,rolling stock,"Arnhem Centraal - Basel SBB, Arnhem Centraal - Düsseldorf Hbf, Arnhem Centraal - Frankfurt (M) Hbf",13,Tuesday,12,0,3,3.0,0
63738,infrastructure,Amsterdam Centraal - Utrecht Centraal,15,Tuesday,12,0,11,1.0,1
63739,external,'s-Hertogenbosch - Nijmegen,20,Tuesday,12,0,5,1.0,0
63742,external,Emmen - Zwolle,22,Tuesday,12,0,2,1.0,0
63743,rolling stock,"'s-Hertogenbosch - Utrecht Centraal, Tiel - Utrecht Centraal",6,Wednesday,12,0,2,2.0,0
63744,infrastructure,Almelo - Deventer,8,Wednesday,12,0,2,1.0,1
63745,rolling stock,Dordrecht - Rotterdam Centraal,10,Wednesday,12,0,8,1.0,1
63746,accidents,Arnhem Centraal - Utrecht Centraal,16,Wednesday,12,0,4,1.0,1
63747,infrastructure,Den Haag Centraal - Leiden Centraal,16,Wednesday,12,0,6,1.0,1
63748,infrastructure,"Den Haag Centraal - Den Haag HS, Den Haag HS - Rotterdam Centraal",16,Wednesday,12,0,8,2.0,0
63749,external,Groningen - Eemshaven,21,Wednesday,12,0,9,1.0,1
63751,rolling stock,"Bielefeld Hbf - Hengelo, Hengelo - Oldenzaal",4,Thursday,12,0,8,2.0,1
63752,rolling stock,Aachen Hbf - Heerlen,6,Thursday,12,0,6,1.0,1
63753,rolling stock,Breda - Rotterdam Centraal (HSL),7,Thursday,12,0,2,1.0,0
63754,rolling stock,Breda - Rotterdam Centraal (HSL),7,Thursday,12,0,2,1.0,0
63755,infrastructure,Breda - Rotterdam Centraal (HSL),8,Thursday,12,0,2,1.0,0
63756,accidents,Baarn - Utrecht Centraal,9,Thursday,12,0,3,1.0,1
63757,rolling stock,Deventer - Zutphen,9,Thursday,12,0,2,1.0,0
63758,accidents,'s-Hertogenbosch - Utrecht Centraal,11,Thursday,12,0,3,1.0,0
63760,infrastructure,"Groningen - Bad Nieuweschans, Groningen - Leer (Ostfriesland)",13,Thursday,12,0,2,2.0,1
63761,accidents,"Arnhem Centraal - Basel SBB, Arnhem Centraal - Düsseldorf Hbf, Arnhem Centraal - Frankfurt (M) Hbf",16,Thursday,12,0,3,3.0,1
63763,infrastructure,Rotterdam Centraal - Schiphol Airport (HSL),18,Thursday,12,0,2,1.0,1
63764,rolling stock,Eindhoven - Venlo,21,Thursday,12,0,3,1.0,0
63765,rolling stock,'s-Hertogenbosch - Nijmegen,22,Thursday,12,0,4,1.0,0
63766,accidents,"Amsterdam Centraal - Lelystad Centrum, Lelystad Centrum - Schiphol Airport",23,Thursday,12,0,4,2.0,0
63767,accidents,"Almere Oostvaarders - Utrecht Centraal, Amsterdam Centraal - Lelystad Centrum, Lelystad Centrum - Schiphol Airport",23,Thursday,12,0,4,3.0,1
63768,rolling stock,"Bielefeld Hbf - Hengelo, Hengelo - Oldenzaal",6,Friday,12,0,8,2.0,1
63769,accidents,Baarn - Utrecht Centraal,7,Friday,12,0,6,1.0,1
63770,accidents,"Almere Oostvaarders - Utrecht Centraal, Hilversum - Utrecht Centraal",7,Friday,12,0,5,2.0,1
63771,accidents,Utrecht Centraal - Utrecht Maliebaan,7,Friday,12,0,2,1.0,1
63772,logistical,"Amersfoort - Utrecht Centraal, Baarn - Utrecht Centraal",7,Friday,12,0,4,2.0,1
63773,external,Rotterdam Centraal - Utrecht Centraal,7,Friday,12,0,6,1.0,1
63774,external,"Den Haag Centraal - Den Haag HS, Den Haag HS - Rotterdam Centraal",8,Friday,12,0,8,2.0,0
63775,infrastructure,Maastricht - Sittard,10,Friday,12,0,5,1.0,1
63776,infrastructure,Roermond - Sittard,10,Friday,12,0,4,1.0,1
63777,unknown,"Amsterdam Centraal - Utrecht Centraal, Amsterdam Centraal - Woerden",10,Friday,12,0,8,2.0,1
63778,rolling stock,Amersfoort - Apeldoorn,12,Friday,12,0,2,1.0,1
63779,staff,Hamm (Westf.) - Venlo,15,Friday,12,0,2,1.0,1
63780,rolling stock,Amersfoort - Utrecht Centraal,16,Friday,12,0,5,1.0,1
63781,rolling stock,"Amersfoort - Schiphol Airport, Lelystad Centrum - Schiphol Airport, Rotterdam Centraal - Schiphol Airport (HSL), Schiphol Airport - Utrecht Centraal",16,Friday,12,0,3,4.0,0
63782,rolling stock,Amersfoort - Zwolle,16,Friday,12,0,2,1.0,0
63783,external,Schiphol Airport - Utrecht Centraal,18,Friday,12,0,5,1.0,0
63784,rolling stock,Breda - Rotterdam Centraal (HSL),18,Friday,12,0,2,1.0,0
63785,rolling stock,Breda - Rotterdam Centraal (HSL),18,Friday,12,0,2,1.0,1
63786,rolling stock,Lelystad Centrum - Schiphol Airport,18,Friday,12,0,13,1.0,0
63788,logistical,Liège-Guillemins - Maastricht,19,Friday,12,0,3,1.0,1
63789,external,Amersfoort - Zwolle,22,Friday,12,0,5,1.0,0
63790,accidents,Winterswijk - Zutphen,22,Friday,12,0,3,1.0,1
63791,infrastructure,Dordrecht - Geldermalsen,6,Saturday,12,1,8,1.0,1
63793,rolling stock,"Groningen - Bad Nieuweschans, Groningen - Leer (Ostfriesland), Groningen - Leeuwarden, Groningen - Veendam, Groningen - Zwolle",13,Saturday,12,1,10,5.0,0
63794,infrastructure,Arnhem Centraal - Winterswijk,15,Saturday,12,1,2,1.0,1
63795,rolling stock,"Amersfoort - Schiphol Airport, Lelystad Centrum - Schiphol Airport, Rotterdam Centraal - Schiphol Airport (HSL), Schiphol Airport - Utrecht Centraal",18,Saturday,12,1,3,4.0,1
63796,external,Arnhem Centraal - Winterswijk,20,Saturday,12,1,3,1.0,0
63798,infrastructure,Alkmaar - Hoorn,22,Saturday,12,1,3,1.0,1
63799,infrastructure,Almelo - Zwolle,23,Saturday,12,1,5,1.0,1
63800,infrastructure,Deventer - Zwolle,9,Sunday,12,1,4,1.0,1
63801,rolling stock,"Amsterdam Centraal - Schiphol Airport, Schiphol Airport - Zaandam",11,Sunday,12,1,3,2.0,1
63802,rolling stock,Leiden Centraal - Schiphol Airport,11,Sunday,12,1,2,1.0,0
63803,rolling stock,"Alkmaar - Amsterdam Centraal, Amsterdam Centraal - Haarlem, Amsterdam Centraal - Hoorn, Amsterdam Centraal - Schiphol Airport",11,Sunday,12,1,2,4.0,0
63804,rolling stock,Amersfoort - Schiphol Airport,12,Sunday,12,1,8,1.0,1
63805,external,Den Haag HS - Rotterdam Centraal,13,Sunday,12,1,7,1.0,0
63806,external,Breda - Rotterdam Centraal (HSL),17,Sunday,12,1,2,1.0,0
63808,infrastructure,Dordrecht - Geldermalsen,18,Sunday,12,1,6,1.0,1
63809,rolling stock,Den Haag Centraal - Utrecht Centraal,20,Sunday,12,1,13,1.0,0
63810,rolling stock,Rotterdam Centraal - Utrecht Centraal,20,Sunday,12,1,12,1.0,0
63812,accidents,Arnhem Centraal - Zutphen,21,Sunday,12,1,6,1.0,1
63813,unknown,Amsterdam Centraal - Haarlem,21,Sunday,12,1,5,1.0,0
63814,external,"Apeldoorn - Zutphen, Arnhem Centraal - Zutphen, Deventer - Zutphen, Hengelo - Zutphen, Winterswijk - Zutphen",21,Sunday,12,1,1,5.0,0
63815,infrastructure,Maastricht - Sittard,21,Sunday,12,1,5,1.0,1
63816,infrastructure,Dordrecht - Geldermalsen,21,Sunday,12,1,3,1.0,1
63817,external,Tiel - Utrecht Centraal,23,Sunday,12,1,3,1.0,0
63819,rolling stock,Breda - Rotterdam Centraal (HSL),7,Monday,12,0,2,1.0,1
63820,external,Almelo - Hengelo,7,Monday,12,0,4,1.0,0
63821,rolling stock,Lelystad Centrum - Schiphol Airport,8,Monday,12,0,13,1.0,1
63822,rolling stock,Rotterdam Centraal - Schiphol Airport (HSL),8,Monday,12,0,2,1.0,1
63823,accidents,Emmen - Zwolle,9,Monday,12,0,2,1.0,1
63824,external,Den Haag HS - Rotterdam Centraal,9,Monday,12,0,4,1.0,0
63826,rolling stock,Emmen - Zwolle,12,Monday,12,0,2,1.0,1
63828,external,Alkmaar - Den Helder,15,Monday,12,0,2,1.0,0
63829,rolling stock,Eindhoven - Venlo,21,Monday,12,0,6,1.0,0
63830,rolling stock,Nijmegen - Venlo,21,Monday,12,0,2,1.0,0
63831,rolling stock,Arnhem Centraal - Zutphen,11,Tuesday,12,0,6,1.0,0
63833,unknown,Heerlen - Sittard,15,Tuesday,12,0,7,1.0,1
63834,rolling stock,Groningen - Eemshaven,15,Tuesday,12,0,6,1.0,0
63835,rolling stock,"Amsterdam Centraal - Hoorn, Enkhuizen - Hoorn",19,Tuesday,12,0,3,2.0,1
63836,rolling stock,"Almere Oostvaarders - Utrecht Centraal, Amsterdam Centraal - Lelystad Centrum, Lelystad Centrum - Schiphol Airport",8,Wednesday,12,0,4,3.0,0
63837,rolling stock,Alkmaar - Amsterdam Centraal,9,Wednesday,12,0,6,1.0,0
63838,external,Eindhoven - Venlo,11,Wednesday,12,0,6,1.0,0
63839,rolling stock,Rotterdam Centraal - Utrecht Centraal,12,Wednesday,12,0,6,1.0,0
63840,rolling stock,Dordrecht - Roosendaal,14,Wednesday,12,0,6,1.0,0
63841,infrastructure,Leiden Centraal - Utrecht Centraal,15,Wednesday,12,0,3,1.0,0
63842,infrastructure,Leiden Centraal - Utrecht Centraal,15,Wednesday,12,0,2,1.0,1
63843,rolling stock,Breda - Rotterdam Centraal (HSL),15,Wednesday,12,0,2,1.0,0
63845,rolling stock,Den Haag Centraal - Utrecht Centraal,16,Wednesday,12,0,4,1.0,1
63846,rolling stock,Almelo - Hengelo,17,Wednesday,12,0,4,1.0,0
63847,rolling stock,Breda - Rotterdam Centraal (HSL),17,Wednesday,12,0,2,1.0,0
63848,rolling stock,Breda - Rotterdam Centraal (HSL),19,Wednesday,12,0,2,1.0,0
63849,infrastructure,Amersfoort - Zwolle,8,Thursday,12,0,11,1.0,1
63851,rolling stock,Almere Oostvaarders - Utrecht Centraal,8,Thursday,12,0,3,1.0,1
63852,rolling stock,Alphen a/d Rijn - Gouda,14,Thursday,12,0,6,1.0,0
63853,rolling stock,Alkmaar - Amsterdam Centraal,14,Thursday,12,0,4,1.0,0
63854,rolling stock,Den Haag Centraal - Leiden Centraal,17,Thursday,12,0,6,1.0,1
63855,rolling stock,"Amersfoort - Schiphol Airport, Amsterdam Centraal - Schiphol Airport, Leiden Centraal - Schiphol Airport, Lelystad Centrum - Schiphol Airport, Rotterdam Centraal - Schiphol Airport (HSL), Schiphol Airport - Utrecht Centraal, Schiphol Airport - Zaandam",18,Thursday,12,0,2,7.0,1
63856,rolling stock,Breda - Rotterdam Centraal (HSL),18,Thursday,12,0,2,1.0,0
63857,unknown,"Amsterdam Centraal - Utrecht Centraal, Schiphol Airport - Utrecht Centraal",18,Thursday,12,0,2,2.0,1
63858,rolling stock,"Amersfoort - Amsterdam Centraal, Amersfoort - Schiphol Airport",19,Thursday,12,0,2,2.0,0
63859,external,"Delfzijl - Groningen, Groningen - Eemshaven",20,Thursday,12,0,3,2.0,0
63860,rolling stock,Breda - Rotterdam Centraal (HSL),20,Thursday,12,0,2,1.0,1
63861,rolling stock,Groningen - Zwolle,21,Thursday,12,0,2,1.0,0
63862,infrastructure,Leiden Centraal - Utrecht Centraal,6,Friday,12,0,2,1.0,0
63863,infrastructure,Amersfoort - Zwolle,8,Friday,12,0,11,1.0,0
63864,rolling stock,"Amersfoort - Schiphol Airport, Lelystad Centrum - Schiphol Airport, Rotterdam Centraal - Schiphol Airport (HSL), Schiphol Airport - Utrecht Centraal",9,Friday,12,0,3,4.0,0
63865,rolling stock,Rotterdam Centraal - Schiphol Airport (HSL),9,Friday,12,0,2,1.0,0
63866,infrastructure,Amsterdam Centraal - Haarlem,10,Friday,12,0,5,1.0,1
63867,rolling stock,Heerlen - Sittard,12,Friday,12,0,7,1.0,1
63868,infrastructure,Breda - Rotterdam Centraal (HSL),13,Friday,12,0,2,1.0,1
63869,rolling stock,Groningen - Zwolle,13,Friday,12,0,4,1.0,0
63870,infrastructure,Amersfoort - Utrecht Centraal,14,Friday,12,0,5,1.0,1
63871,rolling stock,Leiden Centraal - Schiphol Airport,17,Friday,12,0,5,1.0,0
63872,accidents,'s-Hertogenbosch - Nijmegen,18,Friday,12,0,5,1.0,0
63873,external,Amersfoort - Zwolle,21,Friday,12,0,7,1.0,0
63874,staff,Aachen Hbf - Heerlen,6,Saturday,12,1,6,1.0,1
63875,rolling stock,Eindhoven - Roermond,8,Saturday,12,1,5,1.0,0
63876,rolling stock,"Berlin Ostbahnhof - Hengelo, Bielefeld Hbf - Hengelo, Hengelo - Oldenzaal",8,Saturday,12,1,4,3.0,1
63878,infrastructure,Winterswijk - Zutphen,9,Saturday,12,1,5,1.0,1
63879,rolling stock,Almelo - Deventer,10,Saturday,12,1,5,1.0,0
63880,infrastructure,Leiden Centraal - Utrecht Centraal,11,Saturday,12,1,2,1.0,1
63881,rolling stock,Alkmaar - Amsterdam Centraal,11,Saturday,12,1,11,1.0,0
63882,rolling stock,Dordrecht - Rotterdam Centraal,12,Saturday,12,1,4,1.0,0
63884,infrastructure,Amsterdam Centraal - Haarlem,13,Saturday,12,1,5,1.0,1
63885,rolling stock,Breda - Rotterdam Centraal (HSL),14,Saturday,12,1,2,1.0,0
63886,rolling stock,Rotterdam Centraal - Schiphol Airport (HSL),14,Saturday,12,1,2,1.0,0
63887,rolling stock,Lelystad Centrum - Schiphol Airport,14,Saturday,12,1,13,1.0,0
63888,rolling stock,"Amersfoort - Schiphol Airport, Lelystad Centrum - Schiphol Airport, Rotterdam Centraal - Schiphol Airport (HSL), Schiphol Airport - Utrecht Centraal",15,Saturday,12,1,3,4.0,1
63889,rolling stock,Arnhem Centraal - Utrecht Centraal,15,Saturday,12,1,4,1.0,1
63891,infrastructure,Almere Oostvaarders - Utrecht Centraal,15,Saturday,12,1,5,1.0,1
63894,infrastructure,"Arnhem Centraal - Basel SBB, Arnhem Centraal - Düsseldorf Hbf, Arnhem Centraal - Frankfurt (M) Hbf, Arnhem Centraal - Winterswijk",17,Saturday,12,1,5,4.0,1
63895,infrastructure,"Arnhem Centraal - Basel SBB, Arnhem Centraal - Düsseldorf Hbf, Arnhem Centraal - Frankfurt (M) Hbf",17,Saturday,12,1,3,3.0,0
63896,external,"Alkmaar - Amsterdam Centraal, Amersfoort - Amsterdam Centraal, Amsterdam Centraal - Haarlem, Amsterdam Centraal - Hoorn, Amsterdam Centraal - Lelystad Centrum, Amsterdam Centraal - Schiphol Airport, Amsterdam Centraal - Utrecht Centraal, Amsterdam Centraal - Woerden",21,Saturday,12,1,3,8.0,0
63897,rolling stock,"Amersfoort - Schiphol Airport, Lelystad Centrum - Schiphol Airport, Rotterdam Centraal - Schiphol Airport (HSL), Schiphol Airport - Utrecht Centraal",22,Saturday,12,1,3,4.0,1
63898,rolling stock,"Berlin Ostbahnhof - Hengelo, Bielefeld Hbf - Hengelo, Hengelo - Oldenzaal",7,Sunday,12,1,4,3.0,1
63899,rolling stock,"Berlin Ostbahnhof - Hengelo, Bielefeld Hbf - Hengelo, Hengelo - Oldenzaal",8,Sunday,12,1,3,3.0,0
63900,rolling stock,Rotterdam Centraal - Utrecht Centraal,12,Sunday,12,1,6,1.0,0
63901,rolling stock,"Amersfoort - Schiphol Airport, Lelystad Centrum - Schiphol Airport, Rotterdam Centraal - Schiphol Airport (HSL), Schiphol Airport - Utrecht Centraal",16,Sunday,12,1,3,4.0,0
63902,logistical,"Antwerpen-Centraal - Brussels Airport-Zaventem, Brussel-Zuid/Midi - Rotterdam Centraal (HSL), Paris-Nord - Rotterdam Centraal (HSL)",19,Sunday,12,1,3,3.0,1
63903,accidents,Nijmegen - Venlo,22,Sunday,12,1,3,1.0,0
63904,rolling stock,Nijmegen - Venlo,22,Sunday,12,1,3,1.0,0
63905,rolling stock,Breda - Rotterdam Centraal (HSL),7,Monday,12,0,2,1.0,1
63906,rolling stock,"Den Haag Centraal - Utrecht Centraal, Rotterdam Centraal - Utrecht Centraal",7,Monday,12,0,7,2.0,0
63907,rolling stock,"Den Haag Centraal - Den Haag HS, Den Haag HS - Rotterdam Centraal, Dordrecht - Rotterdam Centraal",7,Monday,12,0,15,3.0,0
63908,rolling stock,Breda - Tilburg,10,Monday,12,0,5,1.0,0
63909,rolling stock,Heerlen - Sittard,11,Monday,12,0,7,1.0,1
63910,rolling stock,Alphen a/d Rijn - Gouda,12,Monday,12,0,7,1.0,0
63911,rolling stock,Antwerpen-Centraal - Roosendaal,12,Monday,12,0,2,1.0,1
63912,rolling stock,Maastricht - Sittard,13,Monday,12,0,5,1.0,0
63914,infrastructure,"Arnhem Centraal - Utrecht Centraal, Rhenen - Utrecht Centraal",14,Monday,12,0,4,2.0,0
63915,external,"Amersfoort - Amsterdam Centraal, Amersfoort - Apeldoorn, Amersfoort - Ede-Wageningen, Amersfoort - Schiphol Airport, Amersfoort - Utrecht Centraal, Amersfoort - Zwolle",16,Monday,12,0,3,6.0,1
63916,external,"'s-Hertogenbosch - Utrecht Centraal, Almere Oostvaarders - Utrecht Centraal, Amersfoort - Utrecht Centraal, Amsterdam Centraal - Utrecht Centraal, Arnhem Centraal - Utrecht Centraal, Baarn - Utrecht Centraal, Den Haag Centraal - Utrecht Centraal, Hilversum - Utrecht Centraal, Leiden Centraal - Utrecht Centraal, Rhenen - Utrecht Centraal, Rotterdam Centraal - Utrecht Centraal, Schiphol Airport - Utrecht Centraal, Tiel - Utrecht Centraal, Utrecht Centraal - Utrecht Maliebaan",17,Monday,12,0,3,14.0,0
63917,rolling stock,Breda - Rotterdam Centraal (HSL),19,Monday,12,0,2,1.0,0
63919,infrastructure,Arnhem Centraal - Winterswijk,20,Monday,12,0,14,1.0,1
63920,rolling stock,Amersfoort - Ede-Wageningen,4,Tuesday,12,0,5,1.0,1
63921,infrastructure,Heerlen - Maastricht,6,Tuesday,12,0,10,1.0,0
63922,weather,Aachen Hbf - Heerlen,7,Tuesday,12,0,6,1.0,1
63923,rolling stock,"Berlin Ostbahnhof - Hengelo, Bielefeld Hbf - Hengelo, Hengelo - Oldenzaal",7,Tuesday,12,0,3,3.0,0
63924,rolling stock,Lelystad Centrum - Schiphol Airport,8,Tuesday,12,0,13,1.0,0
63925,weather,Heerlen - Maastricht,8,Tuesday,12,0,6,1.0,0
63926,rolling stock,Rotterdam Centraal - Schiphol Airport (HSL),8,Tuesday,12,0,2,1.0,0
63927,rolling stock,Leiden Centraal - Schiphol Airport,8,Tuesday,12,0,5,1.0,0
63929,rolling stock,Lelystad Centrum - Schiphol Airport,9,Tuesday,12,0,13,1.0,1
63930,rolling stock,Rotterdam Centraal - Schiphol Airport (HSL),9,Tuesday,12,0,2,1.0,1
63931,rolling stock,Leiden Centraal - Schiphol Airport,9,Tuesday,12,0,5,1.0,1
63932,rolling stock,Schiphol Airport - Utrecht Centraal,9,Tuesday,12,0,5,1.0,1
63933,rolling stock,Breda - Rotterdam Centraal (HSL),9,Tuesday,12,0,2,1.0,1
63934,rolling stock,Rotterdam Centraal - Utrecht Centraal,9,Tuesday,12,0,6,1.0,1
63936,rolling stock,"Almere Oostvaarders - Utrecht Centraal, Amersfoort - Utrecht Centraal, Baarn - Utrecht Centraal, Hilversum - Utrecht Centraal, Utrecht Centraal - Utrecht Maliebaan",14,Tuesday,12,0,3,5.0,0
63937,logistical,Aachen Hbf - Heerlen,17,Tuesday,12,0,3,1.0,1
63938,accidents,Roermond - Sittard,22,Tuesday,12,0,2,1.0,1
63939,weather,"Aachen Hbf - Heerlen, Heerlen - Maastricht",3,Wednesday,12,0,15,2.0,1
63940,weather,"Liège-Guillemins - Maastricht, Maastricht - Maastricht Randwyck",3,Wednesday,12,0,6,2.0,1
63941,infrastructure,'s-Hertogenbosch - Tilburg,5,Wednesday,12,0,2,1.0,1
63942,infrastructure,"Heerlen - Maastricht, Liège-Guillemins - Maastricht, Maastricht - Maastricht Randwyck",5,Wednesday,12,0,6,3.0,1
63943,rolling stock,Dordrecht - Geldermalsen,6,Wednesday,12,0,8,1.0,0
63944,unknown,Amsterdam Centraal - Lelystad Centrum,6,Wednesday,12,0,8,1.0,1
63945,unknown,"Amersfoort - Amsterdam Centraal, Amersfoort - Schiphol Airport",6,Wednesday,12,0,5,2.0,1
63946,weather,Amersfoort - Ede-Wageningen,7,Wednesday,12,0,5,1.0,1
63947,rolling stock,Almelo - Hengelo,8,Wednesday,12,0,2,1.0,0
63949,rolling stock,Breda - Rotterdam Centraal (HSL),8,Wednesday,12,0,2,1.0,0
63950,rolling stock,"Breda - Dordrecht, Dordrecht - Roosendaal",8,Wednesday,12,0,3,2.0,0
63951,rolling stock,"Antwerpen-Centraal - Breda (HSL), Breda - Rotterdam Centraal (HSL)",9,Wednesday,12,0,3,2.0,0
63952,rolling stock,"Groningen - Zwolle, Leeuwarden - Zwolle",10,Wednesday,12,0,2,2.0,0
63953,rolling stock,Breda - Rotterdam Centraal (HSL),11,Wednesday,12,0,2,1.0,0
63955,external,Almelo - Mariënberg,15,Wednesday,12,0,5,1.0,0
63956,external,"Amersfoort - Schiphol Airport, Amsterdam Centraal - Schiphol Airport, Leiden Centraal - Schiphol Airport, Lelystad Centrum - Schiphol Airport, Rotterdam Centraal - Schiphol Airport (HSL), Schiphol Airport - Utrecht Centraal, Schiphol Airport - Zaandam",16,Wednesday,12,0,2,7.0,0
63957,external,Almelo - Mariënberg,16,Wednesday,12,0,5,1.0,1
63958,rolling stock,Amersfoort - Zwolle,18,Wednesday,12,0,2,1.0,0
63959,accidents,"Alkmaar - Amsterdam Centraal, Alkmaar - Den Helder, Alkmaar - Hoorn",19,Wednesday,12,0,3,3.0,0
